position	song_id	song_name	artist	streams	last_week_position	weeks_on_chart	peak_position	position_status
1	2XW4DbS6NddZxRPm5rMCeY	God's Plan	Drake	2744274	1	5	1	0
2	4qKcDkK6siZ7Jp1Jb4m0aL	Look Alive (feat. Drake)	BlocBoy JB	1483753	2	2	2	0
3	2Imq77E6CEJR5TPUxlJvTY	All The Stars (with SZA)	Kendrick Lamar	1366904	3	2	3	0
4	4ofvoCdXq99vpMZO4Cfp8x	Pray For Me (with Kendrick Lamar)	The Weeknd	1223266	4	3	2	0
5	6tHWl8ows5JOZq9Yfaqn3M	Mine	Bazzi	934530	6	5	5	1
6	2U7Hu2RaNQNRi7izoJyZaX	rockstar	Post Malone	917518	nan	1	6	new
7	5UEnHoDYpsxlfzWLZIc7LD	River (feat. Ed Sheeran)	Eminem	771059	8	10	2	1
8	45Egmo7icyopuzJN0oMEdk	Love Lies (with Normani)	Khalid	756325	nan	1	8	new
9	09IStsImFySgyp0pIQdqAc	The Middle	Zedd	755147	14	4	9	5
10	2UVbBKQOdFAekPTRsnkzcf	Stir Fry	Migos	748526	10	4	6	0
11	1rfofaqEpACxVEHIZBJe6W	Havana (feat. Young Thug)	Camila Cabello	719537	7	6	1	-4
12	75ZvA4QfFiZvzhj2xkaWAh	I Fall Apart	Post Malone	715503	11	22	10	-1
13	51rXHuKN8Loc4sUlKPODgH	King's Dead (with Kendrick Lamar, Future & James Blake)	Jay Rock	705702	12	6	12	-1
14	08bNPGLD8AhKpnnERrAc6G	FRIENDS	Marshmello	674787	40	2	14	26
15	5AEtlRudpgdT5FtNiuly6Y	Let Me Go (with Alesso, Florida Georgia Line & watt)	Hailee Steinfeld	658259	17	23	8	2
16	6mrKP2jyIQmM0rw6fQryjr	Let You Down	NF	642964	15	19	8	-1
17	76cy1WJvNGJTj78UqeA5zr	IDGAF	Dua Lipa	623724	20	8	15	3
18	5k38wzpLb15YgncyWdTZE4	Him & I (with Halsey)	G-Eazy	619842	19	10	4	1
19	7iDa6hUg2VgEL1o1HjmfBn	Meant to Be (feat. Florida Georgia Line)	Bebe Rexha	613998	21	24	16	2
20	3Vo4wInECJQuz9BIBMOu8i	Finesse - Remix; feat. Cardi B	Bruno Mars	605915	13	7	4	-7
21	4LmAnpjlhWTahvRkYR8xJa	X (with 2 Chainz & Saudi)	ScHoolboy Q	573967	9	2	9	-12
22	5jyyPsIGM2yqkZN9R3TmvN	The Ways (with Swae Lee)	Khalid	569049	18	2	18	-4
23	7sO5G9EABYOXQKNPNiE9NR	Ric Flair Drip (& Metro Boomin)	Offset	569011	24	17	6	1
24	2IKZkwHI5zsZf70STuhvOX	Sick Boy	The Chainsmokers	566223	nan	1	24	new
25	4eWQlBRaTjPPUlzacqEeoQ	Never Be the Same	Camila Cabello	564796	23	6	5	-2
26	7EmGUiUaOSGDnUUQUDrOXC	Wolves	Selena Gomez	560949	22	18	4	-4
27	5CLGzJsGqhCEECcpnFQA8x	These Days (feat. Jess Glynne, Macklemore & Dan Caplen)	Rudimental	560898	29	5	27	2
28	1LhMopPAallLeaeNutqbgS	Say Something	Justin Timberlake	550181	27	3	13	-1
29	0tgVpDi06FyKpA1z0VMD4v	Perfect	Ed Sheeran	496004	30	51	5	1
30	2DQ1ITjI0YoLFzuADN1ZBW	No Limit	G-Eazy	491823	28	10	6	-2
31	75FDPwaULRdYDn4StFN2rT	Bartier Cardi (feat. 21 Savage)	Cardi B	484215	26	9	6	-5
32	5cXg9IQS34FzLVdHhp7hu7	Big Shot (with Travis Scott)	Kendrick Lamar	480441	16	2	16	-16
33	2ekn2ttSfGqwhhate0LSR0	New Rules	Dua Lipa	475728	34	38	6	1
34	6n4U3TlzUGhdSFbUUhTvLP	Walk It Talk It	Migos	472331	31	4	4	-3
35	6NWl2m8asvH83xjuXVNsuG	Betrayed	Lil Xan	438659	36	18	25	1
36	7GX5flRQZVHRAGd6B4TmDO	XO Tour Llif3	Lil Uzi Vert	434693	38	26	5	2
37	7vGuf3Y35N4wmASOKLUVVU	Silence	Marshmello	431240	39	28	6	2
38	7KXjTSCq5nL1LoYtL7XAwS	HUMBLE.	Kendrick Lamar	423533	37	47	1	-1
39	0wbnC9AUenxp613TYaJsGK	Narcos	Migos	421081	33	4	17	-6
40	3towKHKVOXCCcL1fHv6xFO	Capital Letters	Hailee Steinfeld	419306	57	6	40	17
41	2xmrfQpmS2iJExTlklLoAL	I Miss You (feat. Julia Michaels)	Clean Bandit	417241	46	17	34	5
42	5HwnezK198pJCEj1l2Adjy	She Loves Control	Camila Cabello	407679	49	6	41	7
43	4DTpngLjoHj5gFxEZFeD3J	Codeine Dreaming (feat. Lil Wayne)	Kodak Black	407662	47	13	20	4
44	3B54sVLJ402zGa6Xm4YGNe	Unforgettable	French Montana	403203	50	33	1	6
45	5VnDkUNyX6u5Sk0yZiP8XB	Thunder	Imagine Dragons	402551	nan	1	45	new
46	2z4pcBLQXF2BXKFvd0BuB6	Tip Toe (feat. French Montana)	Jason Derulo	398603	48	15	25	2
47	3ncgNpxLoBQ65ABk4djDyd	PICK IT UP (feat. A$AP Rocky)	Famous Dex	391516	43	17	37	-4
48	6PGoSes0D9eUDeeAafB2As	LOVE. FEAT. ZACARI.	Kendrick Lamar	391263	45	45	8	-3
49	4wFjTWCunQFKtukqrNijEt	MotorSport	Migos	382124	42	4	12	-7
50	7qiZfU4dY1lWllzX7mPBI3	Shape of You	Ed Sheeran	380808	53	59	1	3
51	4dVpf9jZjcORqGTLUaeYj9	Plain Jane	A$AP Ferg	370719	52	26	10	1
52	0as7lPxkBPctZ7uVmchRNM	Miss You (with Major Lazer & Tory Lanez)	Cashmere Cat	370678	56	4	52	4
53	3a1lNhkSLSkpJE4MSHpDu9	Congratulations	Post Malone	367923	54	57	7	1
54	4QfNOZN7vrQCQKK1ZJ3XPb	Heaven	Julia Michaels	360163	88	2	54	34
55	5lZsh9Qf7CbHI9Fcc7Zcsq	Bounce Out With That	YBN Nahmir	358227	61	3	55	6
56	2tPcTFiQF9MbVUyjZ3zDhA	Paramedic!	SOB X RBE	352722	35	2	35	-21
57	4ouEy5ReT2JKndoz8whXep	B.I.D	Tory Lanez	352206	nan	1	57	new
58	2fQrGHiQOvpL9UgPvtYy6G	Bank Account	21 Savage	349665	58	22	5	0
59	790MhTXPFrYkrqCKvpg4t1	Wanted You (feat. Lil Uzi Vert)	NAV	348134	59	15	18	0
60	4pYZLpX23Vx8rwDpJCpPTA	New Freezer (feat. Kendrick Lamar)	Rich The Kid	345987	70	21	60	10
61	7K7MUBCnzgBAvMVW2RTWNs	Body (feat. brando)	Loud Luxury	343007	96	4	61	35
62	1mXVgsBdtIVeCLJnSnmtdV	Too Good At Goodbyes	Sam Smith	340986	55	16	3	-7
63	5Z3GHaZ6ec9bsiI5BenrbY	Young Dumb & Broke	Khalid	329644	64	35	21	1
64	2u7mxWSeoqTXndK5e08jMp	Nowadays (feat. Landon Cube)	Lil Skies	325331	72	7	57	8
65	1USJRpWDFhxwhCajPXBeel	You Owe Me	The Chainsmokers	324734	nan	1	65	new
66	1XRgIKC5TPwo7nWGyKqgG0	I Get the Bag (feat. Migos)	Gucci Mane	323237	69	19	16	3
67	2771LMNxwf62FTAdpJMQfM	Bodak Yellow	Cardi B	320274	67	30	5	0
68	0OlnLZY4cmQzT6ZGttvWBM	So Far Away (feat. Jamie Scott & Romy Dya)	Martin Garrix	310653	75	12	47	7
69	5qN4HFkapdAOV94XPryVof	Black Panther	Kendrick Lamar	309638	25	2	25	-44
70	3hBBKuWJfxlIlnd9QFoC8k	What Lovers Do (feat. SZA)	Maroon 5	308345	62	16	6	-8
71	42CeaId2XNlxugDvyqHfDf	Candy Paint	Post Malone	307797	63	18	22	-8
72	5tz69p7tJuGPeMGwNTxYuV	1-800-273-8255	Logic	299678	73	43	2	1
73	7bUcBztfGqO7cSI2gMZeCI	Opps (with Yugen Blakrok)	Vince Staples	299277	41	2	41	-32
74	0gD6lWJhbXHWNVwQziSVvl	Plug Walk	Rich The Kid	297607	74	2	74	0
75	152lZdxL1OR0ZMW6KquMif	Location	Khalid	295298	80	55	29	5
76	1bhUWB0zJMIKr9yVPrkEuI	Perfect Duet (Ed Sheeran & Beyoncé)	Ed Sheeran	289500	60	12	3	-16
77	3OnOomd79OjqSYHchCQ6ht	Notice Me	Migos	287977	65	4	18	-12
78	6QgjcU0zLnzq5OrUoSZ3OK	Feel It Still	Portugal. The Man	287260	81	33	23	3
79	1yxgsra98r3qAtxqiGZPiX	BUTTERFLY EFFECT	Travis Scott	280595	71	40	17	-8
80	5WoaF1B5XIEnWfmb5NZikf	Sky Walker (feat. Travis Scott)	Miguel	280563	77	12	61	-3
81	43ZyHQITOjhciSUUNPVRHc	Gucci Gang	Lil Pump	279837	78	20	3	-3
82	6gBFPUFcJLzWGx4lenP6h2	goosebumps	Travis Scott	275432	86	60	50	4
83	5goGDc74vVREyN8al8CkPh	Diplomatic Immunity	Drake	273217	68	5	2	-15
84	7y9iMe8SOB6z3NoHE2OfXl	Bad At Love	Halsey	272484	87	27	53	3
85	5hM6sP0Gh1jD57drszNueC	For You (Fifty Shades Freed) (& Rita Ora)	Liam Payne	271706	89	7	70	4
86	5CtI0qwDJkDQGwXD1H1cLb	Despacito - Remix	Luis Fonsi	268451	92	45	1	6
87	1NtIMM4N0cFa1dNzN15chl	Believer	Imagine Dragons	265351	nan	1	87	new
88	1nO2NjuFkGaAWcMdJ1pNrp	Cocky (feat. London On Da Track)	A$AP Rocky	265331	nan	1	88	new
89	2pia5xldH8dTPOzxqn5dvC	Ain't Easy - THE LAUNCH	Elijah Woods x Jamie Fine	264995	111	5	89	22
90	1Qg9jWGDkKAGZXj5v2OG59	Wait	Maroon 5	263087	98	15	67	8
91	2j2fIJGh4PMdXt9ULI5Tlc	Dura	Daddy Yankee	262847	166	2	91	75
92	0DJBgBiYeSn6n1AXAkFVE8	I Am	Jorja Smith	262787	51	2	51	-41
93	3m660poUr1chesgkkjQM7P	Sorry Not Sorry	Demi Lovato	254296	91	21	11	-2
94	32DGGj6KlNuBr6WaqRxpxi	How Long	Charlie Puth	253374	83	20	26	-11
95	5Htb1uFQ1KrkFXlefS8oGj	Tell Me You Love Me	Demi Lovato	252691	79	12	52	-16
96	5yFSF6qQA1rcLsQRnBsZgb	All Falls Down (feat. Juliander)	Alan Walker	251855	100	17	54	4
97	7m9OqQk4RVRkw9JJdeAw96	Jocelyn Flores	XXXTENTACION	250716	97	26	13	0
98	45w70aQhNwke1yrQZO0ffm	Do Right	Glades	245534	118	6	98	20
99	0zl3PdjIl320fK0pxBGWNR	KEKE	6ix9ine	243413	94	6	54	-5
100	0P6AWOA4LG1XOctzaVu5tt	The Weekend - Funk Wav Remix	SZA	242958	112	8	99	12
101	5u6vkDnOyaf8LsteDAj2ub	Ghostface Killers	21 Savage	239763	104	17	7	3
102	6EpRaXYhGOB3fj4V2uDkMJ	Strip That Down	Liam Payne	239391	95	40	7	-7
103	4iLqG9SeJSnt0cSPICSjxv	Attention	Charlie Puth	238678	103	44	7	0
104	5uCax9HTNlzGybIStD3vDh	Say You Won't Let Go	James Arthur	238078	99	60	6	-5
105	1zsG4eaZmkA1dvjDDsAGLK	Échame La Culpa	Luis Fonsi	234049	102	14	46	-3
106	6HZILIRieu8S0iqY8kIKhj	DNA.	Kendrick Lamar	230387	106	45	2	0
107	1wjzFQodRWrPcQ0AnYnvQ9	I Like Me Better	Lauv	228716	117	39	24	10
108	5yuShbu70mtHXY0yLzCQLQ	Go Flex	Post Malone	228311	113	51	49	5
109	3kxfsdsCpFgN412fpnW85Y	Redbone	Childish Gambino	226798	109	60	19	0
110	630sXRhIcfwr2e4RdNtjKN	Rewrite The Stars	Zac Efron	223140	82	7	45	-28
111	2rYyq0b3XWwmWl0k727OVG	Nuh Ready Nuh Ready	Calvin Harris	221664	90	2	90	-21
112	1j4kHkkpqZRBwE0A4CN4Yv	Dusk Till Dawn - Radio Edit	ZAYN	221506	105	24	6	-7
113	2x0WlnmfG39ZuDmstl9xfX	End Game	Taylor Swift	220276	76	12	43	-37
114	6p8NuHm8uCGnn2Dtbtf7zE	Slippery (feat. Gucci Mane)	Migos	220265	116	56	36	2
115	5mCPDVBb16L4XQwDdbRUpz	Passionfruit	Drake	218922	129	2	115	14
116	7mldq42yDuxiUNn08nvzHO	Body Like A Back Road	Sam Hunt	218260	121	55	31	5
117	1xznGGDReH1oQq0xzbwXa3	One Dance	Drake	217055	140	59	12	23
118	2LBqCSwhJGcFQeTHMVGwy3	Die For You	The Weeknd	216588	114	22	102	-4
119	3i1B1PnsfnOQPGVIzhf1lr	That's My N**** (with Meek Mill, YG & Snoop Dogg)	Meek Mill	216235	124	8	102	5
120	3wdfLVUhmX64lIyWIIEW8s	Ice Tray	Quality Control	215947	126	10	103	6
121	3OJq3VFyNrU0INcTwPyjbD	Bali (feat. Nav)	88GLAM	215904	125	15	49	4
122	4KXwFI9pgJLpUIAc9oSL8j	Bloody Waters (with Anderson .Paak & James Blake)	Ab-Soul	215651	66	2	66	-56
123	76iVOVsliCHlWqKuDnCfhE	Redemption (with Babes Wodumo)	Zacari	214947	85	2	85	-38
124	40oKW22ZNNkEdZLJTScaQI	Roll In Peace (feat. XXXTENTACION)	Kodak Black	214920	123	27	55	-1
125	3HMzCcVRL5fHNF0Uv73LFV	Only One	Carlie Hanson	213324	133	4	125	8
126	2BNkTvg1kHAAfGvqh56x5a	Getting Over You	Lauv	212906	nan	1	126	new
127	5ZpjODX6OH1xZs3AOewTO6	Filthy	Justin Timberlake	209281	84	3	30	-43
128	3ZhTT6yjZwpPph5MIJ53XY	Red Roses (feat. Landon Cube)	Lil Skies	208045	131	6	108	3
129	38yBBH2jacvDxrznF7h08J	Slow Hands	Niall Horan	206578	119	18	33	-10
130	1QRJb5VY3sIkCKcTuIKCrk	Rubbin off the Paint	YBN Nahmir	205238	128	4	128	-2
131	6RUKPb4LETWmmr3iAEQktW	Something Just Like This	The Chainsmokers	203296	137	53	2	6
132	7foypmc7KZyU716Yv63BPe	Saint	Huncho Jack	203097	136	9	56	4
133	41cpvQ2GyGb2BRdIRSsTqK	Moon River	Frank Ocean	201904	nan	1	133	new
134	2rb5MvYT7ZIxbKW5hfcHx8	Mi Gente	J Balvin	200889	132	34	3	-2
135	7AQim7LbvFVZJE3O8TYgf2	Fuck Love (feat. Trippie Redd)	XXXTENTACION	200707	134	26	34	-1
136	1f5cbQtDrykjarZVrShaDI	Drowning (feat. Kodak Black)	A Boogie Wit da Hoodie	200089	138	21	62	2
137	7vu0JkJh0ldukEYbTVcqd0	Issues	Julia Michaels	197593	127	9	107	-10
138	0OI7AFifLSoGzpb8bdBLLV	Home (with Machine Gun Kelly, X Ambassadors & Bebe Rexha)	Machine Gun Kelly	197266	108	14	35	-30
139	0VgkVdmE4gld66l8iyGjgx	Mask Off	Future	196841	145	16	89	6
140	7w9bgPAmPTtrkt2v16QWvQ	"Lose Yourself - From ""8 Mile"" Soundtrack"	Eminem	196296	156	18	115	16
141	2vjmyyAnDUzilFYxOlTdO1	GUMMO	6ix9ine	195991	122	15	78	-19
142	6JnRLa50GuHzF0ucg9AGMI	Wild Love	James Bay	194703	115	2	115	-27
143	5EnYT6F7wEcdege6mDHEfO	Signs	Drake	192969	144	33	5	1
144	6eT7xZZlB2mwyzJ2sUKG6w	White Iverson	Post Malone	191525	148	60	85	4
145	6yr8GiTHWvFfi4o6Q5ebdT	'Till I Collapse	Eminem	191059	146	58	117	1
146	3DXncPQOG4VBw3QHh3S817	I'm the One (feat. Justin Bieber, Quavo, Chance the Rapper & Lil Wayne)	DJ Khaled	190582	152	39	1	6
147	2Bv0MbaqYx2IrQa7Z6xBT0	T'd Up	Rae Sremmurd	189923	110	2	110	-37
148	2xGjteMU3E1tkEPVFBO08U	This Is Me	Keala Settle	186486	143	7	72	-5
149	3iq9nhbI8fcnNamxMft1uv	Real Friends	Camila Cabello	185871	147	6	19	-2
150	45iMwUi9OBJlEIsTJ4AStR	Not A Love Song	bülow	185189	186	7	150	36
151	6hTQD2DUPajxh5lObhH9y1	Music To My Ears (feat. Tory Lanez)	Keys N Krates	184844	nan	1	151	new
152	7BKLCZ1jbUBVqRi2FVlTVw	Closer	The Chainsmokers	184406	168	59	3	16
153	3WNx4pJLzQgYapuBWS4mUG	Shooters	Tory Lanez	184096	160	18	72	7
154	0I20rLT2MJDhcF96AjbNYo	Stay	Zedd	181673	154	8	79	0
155	79cuOz3SPQTuFrp8WgftAu	There's Nothing Holdin' Me Back	Shawn Mendes	181673	150	44	10	-5
156	0OWZFobGSIW9GrSlQ9C5pc	Marry Me	Thomas Rhett	181490	159	7	155	3
157	1Slwb6dOYkBlWal1PGtnNg	Thinking out Loud	Ed Sheeran	180455	120	47	75	-37
158	0afhq8XCExXpqazXczTSve	Galway Girl	Ed Sheeran	179967	155	51	4	-3
159	1OAh8uOEOvTDqkKFsKksCi	Wild Thoughts (feat. Rihanna & Bryson Tiller)	DJ Khaled	179825	161	36	2	2
160	0jdny0dhgjUwoIp5GkqEaA	Praying	Kesha	177831	153	27	25	-7
161	5aAx2yezTd8zXrkmtKl66Z	Starboy	The Weeknd	177182	170	59	1	9
162	0SGkqnVQo9KPytSri1H6cF	Bounce Back	Big Sean	176552	176	59	7	14
163	2YzmfPLqUx5CJOaw5ThsBV	Plain Jane REMIX	A$AP Ferg	175762	169	9	85	6
164	3NdDpSvN911VPGivFlV5d0	"I Don’t Wanna Live Forever (Fifty Shades Darker) - From ""Fifty Shades Darker (Original Motion Picture Soundtrack)"""	ZAYN	175586	151	59	2	-13
165	6mORGLOz79w6VsCRLWYYuK	The Night We Met	Lord Huron	175029	142	43	56	-23
166	3eR23VReFzcdmS7TYCrhCe	It Ain't Me (with Selena Gomez)	Kygo	174925	165	52	2	-1
167	2eAZfqOm4EnOF9VvN50Tyc	The Way Life Goes (feat. Oh Wonder)	Lil Uzi Vert	173709	164	26	30	-3
168	4bHsxqR3GMrXTxEPLuK5ue	Don't Stop Believin'	Journey	173688	185	21	162	17
169	0CokSRCu5hZgPxcZBaEzVE	Glorious (feat. Skylar Grey)	Macklemore	172822	158	22	14	-11
170	6fxVffaTuwjgEk5h9QyRjy	Photograph	Ed Sheeran	172748	141	53	55	-29
171	4BHzHISX21PYwGXiBEUQ70	BBO (Bad Bitches Only)	Migos	172360	130	4	24	-41
172	6RKkHI2fkmgZq7uQPPav8f	Gang Gang	Migos	171400	135	4	38	-37
173	0Qh38w01QRXK6KHIv0e3hb	What About Us	P!nk	170936	175	18	21	2
174	343YBumqHu19cGoGARUTsd	Fake Love	Drake	168650	178	58	2	4
175	22nyEAEM29tcBRhukR089b	Icon	Jaden	167930	162	7	142	-13
176	7zVCrzzEJU7u24sbJPXA5W	What Ifs (feat. Lauren Alaina)	Kane Brown	167917	163	32	62	-13
177	1EuVCg1G7fVjuhKurU7m2b	No Romance	16yrold	167905	187	8	177	10
178	0KKkJNfGyhkQ5aFogxQAPU	That's What I Like	Bruno Mars	167764	173	59	8	-5
179	71bBFbfn2OBK5QwUJSLS44	More Than You Know	Axwell /\ Ingrosso	166655	171	9	105	-8
180	62vpWI1CHwFy7tMIcSStl8	No Role Modelz	J. Cole	166342	181	56	86	1
181	4Km5HrUvYTaSUfiSGPJeQR	Bad and Boujee (feat. Lil Uzi Vert)	Migos	163594	182	60	3	1
182	1x5sYLZiu9r5E43kMlt9f8	Symphony (feat. Zara Larsson)	Clean Bandit	162168	174	47	22	-8
183	35cOyocq8Gb6UcT0NWeTwn	Seasons (with Sjava & Reason)	Mozzy	162003	101	2	101	-82
184	2EEeOnHehOozLq4aS0n6SL	iSpy (feat. Lil Yachty)	KYLE	161537	188	59	9	4
185	2A69wys3S9uiPSmn6UZWJn	Written in the Sand	Old Dominion	161331	189	6	165	4
186	1LXbv9jiTtdBdHadZ317Gt	Designer	Lil Pump	160867	172	7	73	-14
187	4fv0mLkB3wY4Z2GAG1mWAN	Take Back Home Girl (Feat. Tori Kelly)	Chris Lane	159613	198	8	99	11
188	2bjwRfXMk4uRgOD9IBYl9h	Portland	Drake	159167	199	47	4	11
189	6H0AwSQ20mo62jGlPGB8S6	It's A Vibe	2 Chainz	159060	180	40	60	-9
190	2EGJB8bDbbxtvSgJQLwqK7	Then	Anne-Marie	158559	nan	1	190	new
191	7krbSH3rd8lhIZvuzTV3Bl	Naked	James Arthur	156340	167	11	120	-24
192	4FpfU1O7WCLBnmwu5XAFk4	Redemption Interlude	Zacari	156312	107	2	107	-85
193	2RttW7RAu5nOAfq6YFvApB	Happier	Ed Sheeran	155678	190	44	11	-3
194	6RSNKGdv3nDTHqgw4bdzyF	Yours	Russell Dickerson	155357	nan	2	194	re-enter
195	7Il2yWQmsqKgSkLQvHTPUI	Tequila	Dan + Shay	155288	194	3	194	-1
196	25oOaleife6E2MIKmFkPvg	Relationship (feat. Future)	Young Thug	154596	193	35	63	-3
197	2mfahQ0EaaZWq4cFNg6A1o	All On Me	Devin Dawson	154126	nan	1	197	new
198	3YeJXuRSNS5FYwOsDu44kD	Dark Knight Dummo (Feat. Travis Scott)	Trippie Redd	153143	nan	5	129	re-enter
199	1e1JKLEDKP7hEQzJfNAgPl	Magnolia	Playboi Carti	151786	196	42	44	-3
200	6kex4EBAj0WHXDKZMEJaaF	Swalla (feat. Nicki Minaj & Ty Dolla $ign)	Jason Derulo	151100	nan	49	14	re-enter
