position	song_id	song_name	artist	streams	last_week_position	weeks_on_chart	peak_position	position_status
1	2XW4DbS6NddZxRPm5rMCeY	God's Plan	Drake	1995914	1	10	1	0
2	65NwOZqoXny4JxqAPlfxRF	Psycho (feat. Ty Dolla $ign)	Post Malone	1604692	3	5	2	1
3	3ee8Jmje8o58CHK66QrVC2	SAD!	XXXTENTACION	1482217	2	2	2	-1
4	4qKcDkK6siZ7Jp1Jb4m0aL	Look Alive (feat. Drake)	BlocBoy JB	1341689	4	7	2	0
5	79jX8RM5CgPqDKdGEKNW9K	In My Blood	Shawn Mendes	1111763	191	2	5	186
6	3GCdLUSnKSMJhs4Tj6CV3s	All The Stars (with SZA)	Kendrick Lamar	966299	5	5	4	-1
7	45Egmo7icyopuzJN0oMEdk	Love Lies (with Normani)	Khalid	942808	7	6	6	0
8	2ARqIya5NAuvFVHSN3bL0m	The Middle	Zedd	923790	9	5	7	1
9	08bNPGLD8AhKpnnERrAc6G	FRIENDS	Marshmello	881730	10	7	9	1
10	0JP9xo3adEtGSdUEISiszL	Moonlight	XXXTENTACION	817262	8	2	8	-2
11	4ofvoCdXq99vpMZO4Cfp8x	Pray For Me (with Kendrick Lamar)	The Weeknd	813712	6	8	2	-5
12	10Igtw8bSDyyFs7KIsKngZ	Freaky Friday (feat. Chris Brown)	Lil Dicky	797352	32	2	12	20
13	0gD6lWJhbXHWNVwQziSVvl	Plug Walk	Rich The Kid	787089	15	7	13	2
14	2U7Hu2RaNQNRi7izoJyZaX	rockstar	Post Malone	781997	11	6	6	-3
15	7sO5G9EABYOXQKNPNiE9NR	Ric Flair Drip (& Metro Boomin)	Offset	754571	12	22	6	-3
16	7wvYmO5QscgIDDT0eNwbYX	Lost In Japan	Shawn Mendes	749794	nan	1	16	new
17	2UVbBKQOdFAekPTRsnkzcf	Stir Fry	Migos	703327	14	9	6	-3
18	6tHWl8ows5JOZq9Yfaqn3M	Mine	Bazzi	680218	13	10	5	-5
19	6n4U3TlzUGhdSFbUUhTvLP	Walk It Talk It	Migos	658993	31	9	4	12
20	7iDa6hUg2VgEL1o1HjmfBn	Meant to Be (feat. Florida Georgia Line)	Bebe Rexha	652773	19	29	16	-1
21	76cy1WJvNGJTj78UqeA5zr	IDGAF	Dua Lipa	640523	18	13	15	-3
22	2yUbCEiaolfSMluDo9RMmG	Powerglide (feat. Juicy J)	Rae Sremmurd	614055	27	4	22	5
23	51rXHuKN8Loc4sUlKPODgH	King's Dead (with Kendrick Lamar, Future & James Blake)	Jay Rock	606294	17	11	12	-6
24	4EAV2cKiqKP5UPZmY6dejk	Everyday	Logic	593918	16	3	11	-8
25	43V1z6QToNNWNldV4FEG6r	Body	Loud Luxury	593305	21	4	21	-4
26	5CLGzJsGqhCEECcpnFQA8x	These Days (feat. Jess Glynne, Macklemore & Dan Caplen)	Rudimental	572491	23	10	19	-3
27	1rfofaqEpACxVEHIZBJe6W	Havana (feat. Young Thug)	Camila Cabello	571415	22	11	1	-5
28	4eWQlBRaTjPPUlzacqEeoQ	Never Be the Same	Camila Cabello	570846	24	11	5	-4
29	739vCwA3EpBSkk3uDsI2wB	Lemon - Drake Remix	N.E.R.D	554030	115	2	29	86
30	75ZvA4QfFiZvzhj2xkaWAh	I Fall Apart	Post Malone	531225	28	27	10	-2
31	6xTU6B6nFwKKTSZ9ySXS80	Remind Me to Forget	Kygo	530085	42	2	31	11
32	1LhMopPAallLeaeNutqbgS	Say Something	Justin Timberlake	524000	30	8	13	-2
33	7AFASza1mXqntmGtbxXprO	changes	XXXTENTACION	506778	20	2	20	-13
34	6RnkFd8Fqqgk1Uni8RgqCQ	Like I Do	David Guetta	501717	36	5	34	2
35	3e7Y6sfFlIdBMJhX7wpqVO	44 More	Logic	469594	26	3	15	-9
36	63SevszngYpZOwf63o61K4	Nevermind	Dennis Lloyd	465774	60	5	36	24
37	6NFyWDv5CjfwuzoCkw47Xf	Delicate	Taylor Swift	463025	50	7	37	13
38	45pufTUf5x1CWEyXJxGdA6	Freshman List	NAV	453766	29	2	29	-9
39	2ekn2ttSfGqwhhate0LSR0	New Rules	Dua Lipa	442869	39	43	6	0
40	3Vo4wInECJQuz9BIBMOu8i	Finesse - Remix; feat. Cardi B	Bruno Mars	431916	40	12	4	0
41	6mrKP2jyIQmM0rw6fQryjr	Let You Down	NF	430604	33	24	8	-8
42	3soOPBuMK8YMdWnV7xpEyf	Mad Love	Sean Paul	430204	55	4	42	13
43	5UEnHoDYpsxlfzWLZIc7LD	River (feat. Ed Sheeran)	Eminem	428688	35	15	2	-8
44	0tgVpDi06FyKpA1z0VMD4v	Perfect	Ed Sheeran	409095	46	56	5	2
45	3ncgNpxLoBQ65ABk4djDyd	PICK IT UP (feat. A$AP Rocky)	Famous Dex	402080	53	22	37	8
46	7GX5flRQZVHRAGd6B4TmDO	XO Tour Llif3	Lil Uzi Vert	391527	49	31	5	3
47	5AEtlRudpgdT5FtNiuly6Y	Let Me Go (with Alesso, Florida Georgia Line & watt)	Hailee Steinfeld	387136	45	28	8	-2
48	4QfNOZN7vrQCQKK1ZJ3XPb	Heaven	Julia Michaels	385400	43	7	32	-5
49	2DQ1ITjI0YoLFzuADN1ZBW	No Limit	G-Eazy	378555	51	15	6	2
50	4UKCKdYiLN6IMA5ZESUTL7	the remedy for a broken heart (why am I so in love)	XXXTENTACION	374968	25	2	25	-25
51	5lZsh9Qf7CbHI9Fcc7Zcsq	Bounce Out With That	YBN Nahmir	372392	63	7	51	12
52	39N9RPD9MRb5WmoLzNzPeA	X	Nicky Jam	369923	75	4	52	23
53	7KXjTSCq5nL1LoYtL7XAwS	HUMBLE.	Kendrick Lamar	362333	52	52	1	-1
54	7qiZfU4dY1lWllzX7mPBI3	Shape of You	Ed Sheeran	356285	61	64	1	7
55	3pIigjAWkzwAonXpJ1fmSF	Everybody Hates Me	The Chainsmokers	354269	64	2	55	9
56	4DTpngLjoHj5gFxEZFeD3J	Codeine Dreaming (feat. Lil Wayne)	Kodak Black	352916	62	18	20	6
57	3a1lNhkSLSkpJE4MSHpDu9	Congratulations	Post Malone	352743	57	62	7	0
58	7EmGUiUaOSGDnUUQUDrOXC	Wolves	Selena Gomez	350935	54	23	4	-4
59	3B54sVLJ402zGa6Xm4YGNe	Unforgettable	French Montana	344494	66	38	1	7
60	7vGuf3Y35N4wmASOKLUVVU	Silence	Marshmello	340706	65	33	6	5
61	75FDPwaULRdYDn4StFN2rT	Bartier Cardi (feat. 21 Savage)	Cardi B	332723	68	14	6	7
62	26gceVsA1ybT8qsX3aYLEn	Thunder	Imagine Dragons	331429	70	5	51	8
63	0OWZFobGSIW9GrSlQ9C5pc	Marry Me	Thomas Rhett	330135	71	12	63	8
64	0CZ8lquoTX2Dkg7Ak2inwA	1950	King Princess	326972	113	3	64	49
65	7Il2yWQmsqKgSkLQvHTPUI	Tequila	Dan + Shay	318313	91	8	65	26
66	4pYZLpX23Vx8rwDpJCpPTA	New Freezer (feat. Kendrick Lamar)	Rich The Kid	317327	73	26	53	7
67	7m9OqQk4RVRkw9JJdeAw96	Jocelyn Flores	XXXTENTACION	315235	84	31	13	17
68	5k38wzpLb15YgncyWdTZE4	Him & I (with Halsey)	G-Eazy	314539	47	15	4	-21
69	6NWl2m8asvH83xjuXVNsuG	Betrayed	Lil Xan	313875	58	23	25	-11
70	4lTiuD1DwBKo4L7wqMkD7C	JAPAN	Famous Dex	313698	nan	1	70	new
71	2fQrGHiQOvpL9UgPvtYy6G	Bank Account	21 Savage	309677	76	27	5	5
72	6tvQzeCPwOytDlBYCIOY0n	Breathe	Jax Jones	308731	86	4	72	14
73	6tarvNiKnEjYMj1VZhlDqR	66	Lil Yachty	304011	56	3	43	-17
74	5Z3GHaZ6ec9bsiI5BenrbY	Young Dumb & Broke	Khalid	297882	78	40	21	4
75	1OilOIju6R9ia8vilNjChh	Beautiful	Bazzi	296613	116	3	75	41
76	2u7mxWSeoqTXndK5e08jMp	Nowadays (feat. Landon Cube)	Lil Skies	293372	94	12	57	18
77	7CkbRn6S0itJqcqn88AtSV	going down!	XXXTENTACION	289402	38	2	38	-39
78	1XRgIKC5TPwo7nWGyKqgG0	I Get the Bag (feat. Migos)	Gucci Mane	288944	81	24	16	3
79	6dnrppGRbt8fie18Lcd9Dd	B.I.D	Tory Lanez	288615	79	4	27	0
80	0as7lPxkBPctZ7uVmchRNM	Miss You (with Major Lazer & Tory Lanez)	Cashmere Cat	288117	69	9	49	-11
81	5cXg9IQS34FzLVdHhp7hu7	Big Shot (with Travis Scott)	Kendrick Lamar	286646	80	7	16	-1
82	2pia5xldH8dTPOzxqn5dvC	Ain't Easy - THE LAUNCH	Elijah Woods x Jamie Fine	286468	92	10	80	10
83	2JfXj2TERIkHwJpnG9f8uX	Sick Boy	The Chainsmokers	285706	44	2	44	-39
84	42CeaId2XNlxugDvyqHfDf	Candy Paint	Post Malone	285325	83	23	22	-1
85	4dVpf9jZjcORqGTLUaeYj9	Plain Jane	A$AP Ferg	284152	87	31	10	2
86	11GGSyTB8cS9TgONHBOhEX	Home With You	Madison Beer	283607	106	4	86	20
87	14boA065HMHWvqyPPEeN4y	I don’t even speak spanish lol - feat. Rio Santana, Judah, Andrez Babii	XXXTENTACION	283199	41	2	41	-46
88	01TnVDiet1DFTsyWKUKovl	NUMB	XXXTENTACION	282000	34	2	34	-54
89	5tz69p7tJuGPeMGwNTxYuV	1-800-273-8255	Logic	281448	93	48	2	4
90	790MhTXPFrYkrqCKvpg4t1	Wanted You (feat. Lil Uzi Vert)	NAV	281410	89	20	18	-1
91	0wbnC9AUenxp613TYaJsGK	Narcos	Migos	277967	82	9	17	-9
92	33IOhptvC2Qoy2UhjiHXLV	Flames	David Guetta	277268	nan	1	92	new
93	78c3byV4MzKVMpI0ampkfc	No Sad No Bad	KILLY	275685	72	3	42	-21
94	7bRRHQelMfrP86QYQlCsAq	BILLY	6ix9ine	274833	99	5	36	5
95	1mXVgsBdtIVeCLJnSnmtdV	Too Good At Goodbyes	Sam Smith	271632	101	21	3	6
96	4lUnFLtn8w3W76FiYDRzmO	Wait	Maroon 5	269928	77	3	69	-19
97	4wFjTWCunQFKtukqrNijEt	MotorSport	Migos	269666	96	9	12	-1
98	152lZdxL1OR0ZMW6KquMif	Location	Khalid	269343	98	60	29	0
99	76S09sHj7GGMJAtOLjmVQ2	Done For Me (feat. Kehlani)	Charlie Puth	267426	85	2	85	-14
100	7Izh7zLJGw1Nscd62Exxj4	Believer	Imagine Dragons	266700	105	5	89	5
101	7sB2rmolvEt77KFPCraSNc	Rover 2.0	BlocBoy JB	265496	nan	1	101	new
102	3ZhTT6yjZwpPph5MIJ53XY	Red Roses (feat. Landon Cube)	Lil Skies	258436	117	11	102	15
103	5CtI0qwDJkDQGwXD1H1cLb	Despacito - Remix	Luis Fonsi	257242	111	50	1	8
104	1yxgsra98r3qAtxqiGZPiX	BUTTERFLY EFFECT	Travis Scott	253456	109	45	17	5
105	2ZRo7axmMPeSVUvDbGkJah	Hope	XXXTENTACION	252848	48	2	48	-57
106	7J2gyNghNTzl4EsLhXp01Q	infinity (888) - feat. Joey Bada$$	XXXTENTACION	252634	37	2	37	-69
107	6gBFPUFcJLzWGx4lenP6h2	goosebumps	Travis Scott	250818	108	65	50	1
108	6QgjcU0zLnzq5OrUoSZ3OK	Feel It Still	Portugal. The Man	250755	103	38	23	-5
109	1wjzFQodRWrPcQ0AnYnvQ9	I Like Me Better	Lauv	250017	121	44	24	12
110	2771LMNxwf62FTAdpJMQfM	Bodak Yellow	Cardi B	247321	110	35	5	0
111	6PGoSes0D9eUDeeAafB2As	LOVE. FEAT. ZACARI.	Kendrick Lamar	245694	112	50	8	1
112	3m660poUr1chesgkkjQM7P	Sorry Not Sorry	Demi Lovato	245596	114	26	11	2
113	4LmAnpjlhWTahvRkYR8xJa	X (with 2 Chainz & Saudi)	ScHoolboy Q	243084	100	7	9	-13
114	3OJq3VFyNrU0INcTwPyjbD	Bali (feat. Nav)	88GLAM	242112	125	20	49	11
115	7AQim7LbvFVZJE3O8TYgf2	Fuck Love (feat. Trippie Redd)	XXXTENTACION	241815	123	31	34	8
116	1W6wxOOYyJyyok8fqYSZ3m	Top Off (feat. JAY Z, Future & Beyoncé)	DJ Khaled	239726	102	4	31	-14
117	5HwnezK198pJCEj1l2Adjy	She Loves Control	Camila Cabello	237743	59	11	37	-58
118	7fCNUWi6uflDTQ08srxMZk	No Excuses	Meghan Trainor	232769	179	3	118	61
119	2xCzUIQwX5Y3wEFJnHoc3J	123 (with Murda Beatz)	Smokepurpp	232286	134	3	119	15
120	3towKHKVOXCCcL1fHv6xFO	Capital Letters	Hailee Steinfeld	230580	90	11	40	-30
121	5uCax9HTNlzGybIStD3vDh	Say You Won't Let Go	James Arthur	229716	131	65	6	10
122	3hBBKuWJfxlIlnd9QFoC8k	What Lovers Do (feat. SZA)	Maroon 5	229294	120	21	6	-2
123	3i1B1PnsfnOQPGVIzhf1lr	That's My N**** (with Meek Mill, YG & Snoop Dogg)	Meek Mill	228097	138	13	102	15
124	2BNkTvg1kHAAfGvqh56x5a	Getting Over You	Lauv	227986	122	6	102	-2
125	7mldq42yDuxiUNn08nvzHO	Body Like A Back Road	Sam Hunt	227115	133	60	31	8
126	7thTA3hqO2MgOlzo0rPInX	Color Blind	Diplo	225498	nan	1	126	new
127	1bhUWB0zJMIKr9yVPrkEuI	Perfect Duet (Ed Sheeran & Beyoncé)	Ed Sheeran	223325	130	17	3	3
128	5yuShbu70mtHXY0yLzCQLQ	Go Flex	Post Malone	222513	132	56	49	4
129	4iLqG9SeJSnt0cSPICSjxv	Attention	Charlie Puth	220778	140	49	7	11
130	3OnOomd79OjqSYHchCQ6ht	Notice Me	Migos	219866	136	9	18	6
131	2xmrfQpmS2iJExTlklLoAL	I Miss You (feat. Julia Michaels)	Clean Bandit	219673	104	22	34	-27
132	1xznGGDReH1oQq0xzbwXa3	One Dance	Drake	219230	145	64	12	13
133	4qSsjDGXplb6422X2INvFW	Say Amen (Saturday Night)	Panic! At The Disco	218458	nan	1	133	new
134	6EpRaXYhGOB3fj4V2uDkMJ	Strip That Down	Liam Payne	215826	142	45	7	8
135	2ZxTjs4EdJl4Y9YByIiNoo	You Make It Easy	Jason Aldean	214961	183	4	135	48
136	1HXy5I3HTWq8OvxCn0z7G7	Heaven	Kane Brown	213583	180	2	136	44
137	7u90MSvVyEjL0c8icaE7jl	Contra	Logic	212597	95	3	29	-42
138	3GVkPk8mqxz0itaAriG1L7	Everybody Dies In Their Nightmares	XXXTENTACION	212515	173	22	42	35
139	3kxfsdsCpFgN412fpnW85Y	Redbone	Childish Gambino	212092	143	65	19	4
140	2j2fIJGh4PMdXt9ULI5Tlc	Dura	Daddy Yankee	210138	144	7	75	4
141	5u6vkDnOyaf8LsteDAj2ub	Ghostface Killers	21 Savage	210073	141	22	7	0
142	5jyyPsIGM2yqkZN9R3TmvN	The Ways (with Swae Lee)	Khalid	208917	126	7	18	-16
143	1j4kHkkpqZRBwE0A4CN4Yv	Dusk Till Dawn - Radio Edit	ZAYN	207355	175	29	6	32
144	1zsG4eaZmkA1dvjDDsAGLK	Échame La Culpa	Luis Fonsi	206250	150	19	46	6
145	43ZyHQITOjhciSUUNPVRHc	Gucci Gang	Lil Pump	205639	146	25	3	1
146	32DGGj6KlNuBr6WaqRxpxi	How Long	Charlie Puth	204851	147	25	26	1
147	40oKW22ZNNkEdZLJTScaQI	Roll In Peace (feat. XXXTENTACION)	Kodak Black	202888	151	32	55	4
148	65u1dHQyQyE4y4aN2eDmMF	$$$ - with Matt Ox	XXXTENTACION	201574	67	2	67	-81
149	5mCPDVBb16L4XQwDdbRUpz	Passionfruit	Drake	201441	155	7	115	6
150	79cuOz3SPQTuFrp8WgftAu	There's Nothing Holdin' Me Back	Shawn Mendes	200573	189	49	10	39
151	70E8xgEavw6UrRHj7BNp0H	Hypnotized	Tory Lanez	199784	137	4	57	-14
152	38yBBH2jacvDxrznF7h08J	Slow Hands	Niall Horan	198596	157	23	33	5
153	2Pvr8rYuh5J8V7QglJhH6W	Want You Back	5 Seconds of Summer	198517	127	5	62	-26
154	7F3uo3304R2CTvOseU3H7u	Whatever It Takes	Imagine Dragons	198370	192	2	154	38
155	0VtxQUpwnkeedz0QhhuOgA	GUMMO	6ix9ine	197560	167	5	80	12
156	4bHsxqR3GMrXTxEPLuK5ue	Don't Stop Believin'	Journey	196858	176	26	156	20
157	3YeJXuRSNS5FYwOsDu44kD	Dark Knight Dummo (Feat. Travis Scott)	Trippie Redd	196820	156	10	129	-1
158	6HZILIRieu8S0iqY8kIKhj	DNA.	Kendrick Lamar	194657	163	50	2	5
159	7vu0JkJh0ldukEYbTVcqd0	Issues	Julia Michaels	193930	160	14	107	1
160	7q1ikCoQLytPP5TTzDy7JK	KEKE	6ix9ine	192732	164	5	63	4
161	6eT7xZZlB2mwyzJ2sUKG6w	White Iverson	Post Malone	192532	166	65	85	5
162	4fv0mLkB3wY4Z2GAG1mWAN	Take Back Home Girl (Feat. Tori Kelly)	Chris Lane	191984	nan	10	99	re-enter
163	6RUKPb4LETWmmr3iAEQktW	Something Just Like This	The Chainsmokers	191388	168	58	2	5
164	45w70aQhNwke1yrQZO0ffm	Do Right	Glades	191305	129	11	98	-35
165	5WoaF1B5XIEnWfmb5NZikf	Sky Walker (feat. Travis Scott)	Miguel	190638	149	17	61	-16
166	7y9iMe8SOB6z3NoHE2OfXl	Bad At Love	Halsey	189771	159	32	53	-7
167	6p8NuHm8uCGnn2Dtbtf7zE	Slippery (feat. Gucci Mane)	Migos	188932	172	61	36	5
168	2z4pcBLQXF2BXKFvd0BuB6	Tip Toe (feat. French Montana)	Jason Derulo	188086	119	20	25	-49
169	1f5cbQtDrykjarZVrShaDI	Drowning (feat. Kodak Black)	A Boogie Wit da Hoodie	187630	178	26	62	9
170	2MyCT1iCuBUhcO8zbjOyRW	Dance For Me (feat. NAV)	Tory Lanez	186963	162	4	49	-8
171	2tPcTFiQF9MbVUyjZ3zDhA	Paramedic!	SOB X RBE	185936	158	7	35	-13
172	7BKLCZ1jbUBVqRi2FVlTVw	Closer	The Chainsmokers	185611	182	64	3	10
173	4LiMQ6G9n84rDUBs9wtwz6	Singles You Up	Jordan Davis	185214	nan	1	173	new
174	6yr8GiTHWvFfi4o6Q5ebdT	'Till I Collapse	Eminem	184950	187	63	117	13
175	0I20rLT2MJDhcF96AjbNYo	Stay	Zedd	182468	194	13	79	19
176	2mfahQ0EaaZWq4cFNg6A1o	All On Me	Devin Dawson	181967	200	5	176	24
177	2rb5MvYT7ZIxbKW5hfcHx8	Mi Gente	J Balvin	181165	190	39	3	13
178	3DXncPQOG4VBw3QHh3S817	I'm the One (feat. Justin Bieber, Quavo, Chance the Rapper & Lil Wayne)	DJ Khaled	180889	188	44	1	10
179	0VgkVdmE4gld66l8iyGjgx	Mask Off	Future	180132	181	21	89	2
180	1Slwb6dOYkBlWal1PGtnNg	Thinking out Loud	Ed Sheeran	179322	199	52	75	19
181	2A69wys3S9uiPSmn6UZWJn	Written in the Sand	Old Dominion	178875	185	11	165	4
182	7w9bgPAmPTtrkt2v16QWvQ	"Lose Yourself - From ""8 Mile"" Soundtrack"	Eminem	178296	198	23	115	16
183	5tpEGhK123kgPf7pWWE9g6	4 Days	Belly	178242	nan	1	183	new
184	5aAx2yezTd8zXrkmtKl66Z	Starboy	The Weeknd	177756	nan	63	1	re-enter
185	2zLIP4R6Yt3afkyh7uhmar	Put Me Back Together (feat. Kiiara)	Cheat Codes	177148	170	4	143	-15
186	1EuVCg1G7fVjuhKurU7m2b	No Romance	16yrold	176963	195	13	177	9
187	1mMLMZYXkMueg65jRRWG1l	When It Rains It Pours	Luke Combs	176405	nan	6	186	re-enter
188	1GtVGc1UYin3zpMUdNSSpM	Midnight	Logic	176102	118	3	41	-70
189	34I0nBvoE0ZXmqbKiJ5BWS	Stranger Things	Joyner Lucas	176099	nan	3	161	re-enter
190	1Y500yrabUJY2mIQS3RDt4	RONDO	6ix9ine	175270	148	5	30	-42
191	0Qh38w01QRXK6KHIv0e3hb	What About Us	P!nk	174058	nan	22	21	re-enter
192	2VgJDTfkuwlm7WIHnvtRCQ	You Are The Reason	Calum Scott	172978	nan	1	192	new
193	5TR3sdi4QH0qwIsZ6CqJa3	Faded Love	Tinashe	172286	177	5	139	-16
194	3eR23VReFzcdmS7TYCrhCe	It Ain't Me (with Selena Gomez)	Kygo	169940	nan	56	2	re-enter
195	0OlnLZY4cmQzT6ZGttvWBM	So Far Away (feat. Jamie Scott & Romy Dya)	Martin Garrix	169580	153	17	47	-42
196	6RSNKGdv3nDTHqgw4bdzyF	Yours	Russell Dickerson	168321	193	5	193	-3
197	0afhq8XCExXpqazXczTSve	Galway Girl	Ed Sheeran	168028	171	56	4	-26
198	7ms3VzLTfr7fXNOqA4Mkx9	Creeping (feat. Rich the Kid)	Lil Skies	167963	nan	1	198	new
199	2oe6dDthgthqUkfL3czpEd	ALONE, PART 3	XXXTENTACION	166045	74	2	74	-125
200	1QRJb5VY3sIkCKcTuIKCrk	Rubbin off the Paint	YBN Nahmir	165993	nan	7	128	re-enter
