position	song_id	song_name	artist	streams	last_week_position	weeks_on_chart	peak_position	position_status
1	2rPE9A1vEgShuZxxzR2tZH	thank u, next	Ariana Grande	2494170	1	5	1	0
2	5p7ujcrUXASCNwRaWNHR1C	Without Me	Halsey	1469531	2	9	1	0
3	1A6OTy97kk0mMdm78rHsm8	Sunflower - Spider-Man: Into the Spider-Verse	Post Malone	1307292	3	7	2	0
4	0d2iYfpKoM0QCKvcLCkBao	Eastside (with Halsey & Khalid)	benny blanco	1148795	5	21	1	1
5	2dpaYNEQHiRxtZbfNsse99	Happier	Marshmello	1138918	4	16	2	-1
6	6zeeWid2sgw4lap2jV61PZ	Better	Khalid	1090885	6	6	6	0
7	2xLMifQCjDGFmkHkpNLD9h	SICKO MODE	Travis Scott	1076788	9	18	7	2
8	4ofwffwvvnbSkrMSCKQDaC	Shotgun	George Ezra	1015219	10	20	3	2
9	25sgk305KZfyuqVBQIahim	Sweet but Psycho	Ava Max	987306	14	10	9	5
10	14JzyD6FlBD5z0wV5P07YI	when the party's over	Billie Eilish	977699	8	8	2	-2
11	2VxeLyX666F8uXCJ0dZF8B	Shallow	Lady Gaga	949267	7	9	5	-4
12	0bYg9bo50gSsH3LtXe2SQn	All I Want for Christmas Is You	Mariah Carey	947514	59	9	1	47
13	3EPXxR3ImUwfayaurPi3cm	Be Alright	Dean Lewis	942203	11	23	1	-2
14	27rdGxbavYJeBphck5MZAF	Nothing Breaks Like a Heart (feat. Miley Cyrus)	Mark Ronson	902263	nan	1	14	new
15	2LskIZrCeLxRvCiGP8gxlh	Arms Around You (feat. Maluma & Swae Lee)	XXXTENTACION	862709	12	6	10	-3
16	7l3E7lcozEodtVsSTCkcaA	ZEZE (feat. Travis Scott & Offset)	Kodak Black	862636	13	8	9	-3
17	5Fla3zyOCcIRqrDoKLU0DP	Let You Love Me	Rita Ora	851589	17	2	17	0
18	0E9ZjEAyAwOXZ7wJC0PD33	In My Mind	Dynoro	805674	15	20	8	-3
19	7wC5eZcFS1Q1BsQ35DU6H4	come out and play	Billie Eilish	801970	16	3	16	-3
20	7K7MUBCnzgBAvMVW2RTWNs	Body (feat. brando)	Loud Luxury	757228	20	18	19	0
21	2iUXsYOEPhVqEBwsqP70rE	Youngblood	5 Seconds of Summer	720977	22	25	1	1
22	2RSHsoi04658QL5xgQVov3	Bad Liar	Imagine Dragons	698373	18	4	17	-4
23	1oJ8EDr2pv94IvSd6ZmDgo	MAMA	6ix9ine	686271	117	2	23	94
24	1xzBco0xcoJEDXktl7Jxrr	Mo Bamba	Sheck Wes	678684	19	9	19	-5
25	0TBFJanfWaByPIi3f7RR82	Waiting	KIAN	673436	nan	1	25	new
26	7dt6x5M1jzdTEt8oCbisTK	Better Now	Post Malone	655022	27	32	1	1
27	7tFiyTwD0nx5a1eklYtX2J	Bohemian Rhapsody - 2011 Mix	Queen	623391	24	8	24	-3
28	5N5k9nd479b1xpDZ4usjrg	Promises (with Sam Smith)	Calvin Harris	620330	30	16	5	2
29	3id2EVGKc3eFAMn9nFnB0r	Love Someone	Lukas Graham	617860	31	6	29	2
30	5tAa8Uaqr4VvA3693mbIhU	Ruin My Life	Zara Larsson	615900	21	7	20	-9
31	5JEx7HbmvHQQswJCsoo9rA	Close To Me (with Diplo) (feat. Swae Lee)	Ellie Goulding	606478	39	6	31	8
32	6Gy7rXB6Ku5vIWC7WGWsl3	KIKA	6ix9ine	587577	112	2	32	80
33	4S8d14HvHb70ImctNgVzQQ	I Love It (& Lil Pump)	Kanye West	585905	28	13	1	-5
34	0lLdorYw7lVrJydTINhWdI	It's Beginning to Look a Lot like Christmas	Michael Bublé	577267	175	7	8	141
35	3KLygy1YWhmrQx0GRs7IOx	Rise	Jonas Blue	560335	36	4	33	1
36	05mAIVLkIWc2d1UBYZBCp8	1999	Charli XCX	559383	25	9	13	-11
37	5IaHrVsrferBYDm0bDyABy	Taste (feat. Offset)	Tyga	555427	37	29	5	0
38	0s3nnoMeVWz3989MkNQiRf	Lucid Dreams	Juice WRLD	553122	35	21	7	-3
39	0u2P5u6lvoDfwTYjAADbn4	lovely (with Khalid)	Billie Eilish	544538	34	33	5	-5
40	0lizgQ7Qw35od7CYaoMBZb	Santa Tell Me	Ariana Grande	544303	183	2	40	143
41	4w8niZpiMy6qz1mntFA5uM	Taki Taki (with Selena Gomez, Ozuna & Cardi B)	DJ Snake	542046	29	10	11	-12
42	4m5Cd9kAbIxg6t9sMrQWtk	TIC TOC	6ix9ine	536629	nan	1	42	new
43	2FRnf9qhLbvw8fu4IBXx78	Last Christmas	Wham!	523174	181	6	9	138
44	03Pg5wDlaYAZlTNLeAfl2r	Leave Me Lonely	Hilltop Hoods	521362	63	2	44	19
45	2hnxrRNzF74mdDzpQZQukQ	There's No Way (feat. Julia Michaels)	Lauv	520883	38	10	21	-7
46	5sdb5pMhcK44SSLsj1moUh	I Found You (with Calvin Harris)	benny blanco	520162	23	5	23	-23
47	7fa9MBXhVfQ8P8Df9OEbD8	Girls Like You (feat. Cardi B)	Maroon 5	511820	44	25	3	-3
48	3ee8Jmje8o58CHK66QrVC2	SAD!	XXXTENTACION	508335	42	38	3	-6
49	4jvjzW7Hm0yK4LvvE0Paz9	Falling Down - Bonus Track	Lil Peep	488387	32	4	18	-17
50	222B3aljXx6fFwKmFjuBED	Woman Like Me (feat. Nicki Minaj)	Little Mix	484448	43	3	39	-7
51	2IRZnDFmlqMuOrYOLnZZyc	Going Bad (feat. Drake)	Meek Mill	480063	nan	1	51	new
52	7FjZU7XFs7P9jHI9Z0yRhK	So Close	NOTD	474643	57	4	52	5
53	2G7V7zsVDxg1yRsu7Ew9RJ	In My Feelings	Drake	469094	45	20	1	-8
54	5kfNriitmkNE8mUbZ7gbq8	Saturday Nights	Khalid	459210	93	5	54	39
55	14sOS5L36385FJ3OL8hew4	Happy Now	Kygo	454618	46	5	46	-9
56	1rqqCSm0Qe4I9rUvWncaom	High Hopes	Panic! At The Disco	440800	41	24	9	-15
57	4CH66Rxcjcj3VBHwmIBj4T	BAD!	XXXTENTACION	438939	33	4	23	-24
58	75ZvA4QfFiZvzhj2xkaWAh	I Fall Apart	Post Malone	434168	47	63	1	-11
59	0e7ipj03S05BNilyu5bRzt	rockstar (feat. 21 Savage)	Post Malone	414416	52	32	11	-7
60	2BgEsaKNfHUdlh97KmvFyo	2002	Anne-Marie	397084	56	17	20	-4
61	0N8MGHEDAq29ip7RrlrTeN	Beach House	The Chainsmokers	394576	51	3	51	-10
62	7nGuT0EfqQ1TXcADEKwB6Q	Day Drunk	Morgan Evans	392068	66	8	62	4
63	5vdp5UmvTsnMEMESIF2Ym7	Another One Bites The Dust - Remastered 2011	Queen	381660	48	5	47	-15
64	13hvHEstJ4sNbzdroPrPI3	Kiss and Make Up	Dua Lipa	378645	49	7	29	-15
65	6DCZcSspjsKoFjzjrWoCdn	God's Plan	Drake	376490	60	20	29	-5
66	6LKYeyLt4G4SlZ6OJwFhVS	This Feeling (feat. Kelsea Ballerini)	The Chainsmokers	371983	40	3	18	-26
67	3nc420PXjTdBV5TN0gCFkS	Ocean (feat. Khalid)	Martin Garrix	371638	53	25	8	-14
68	3swc6WTsr7rl9DqQKQA55C	Psycho (feat. Ty Dolla $ign)	Post Malone	368810	62	32	1	-6
69	5N4erncE7kuUccm7zEmwzk	Electricity (with Dua Lipa)	Silk City	366343	54	13	9	-15
70	0JP9xo3adEtGSdUEISiszL	Moonlight	XXXTENTACION	363922	55	38	11	-15
71	2E124GmJRnBJuXbTb4cPUB	FEFE (feat. Nicki Minaj & Murda Beatz)	6ix9ine	361825	69	20	8	-2
72	78QR3Wp35dqAhFEc2qAGjE	Drip Too Hard (Lil Baby & Gunna)	Lil Baby	360572	61	9	61	-11
73	7m9OqQk4RVRkw9JJdeAw96	Jocelyn Flores	XXXTENTACION	359833	58	67	7	-15
74	2qT1uLXPVPzGgFOx4jtEuo	no tears left to cry	Ariana Grande	358958	76	16	22	2
75	4OafepJy2teCjYJbvFE60J	breathin	Ariana Grande	346553	65	16	7	-10
76	2rbDhOo9Fh61Bbu23T2qCk	Always Remember Us This Way	Lady Gaga	345734	50	7	34	-26
77	6mQLN3zRtAp6ovjusyYKrV	Rewrite The Stars (with James Arthur & Anne-Marie)	James Arthur	344019	118	2	77	41
78	7ycWLEP1GsNjVvcjawXz3z	Praise The Lord (Da Shine) (feat. Skepta)	A$AP Rocky	342619	70	28	28	-8
79	0247StOpd3AkeBQzANX4Zf	Do They Know It's Christmas? - 1984 Version	Band Aid	342429	nan	1	79	new
80	5hslUAKq9I9CG2bAulFkHN	It's the Most Wonderful Time of the Year	Andy Williams	341950	nan	5	45	re-enter
81	7xapw9Oy21WpfEcib2ErSA	Mistletoe	Justin Bieber	341061	nan	1	81	new
82	51NFxnQvaosfDDutk0tams	bellyache	Billie Eilish	334951	64	15	64	-18
83	5T8EDUDqKcs6OSOwEsfqG7	Don't Stop Me Now - 2011 Mix	Queen	330286	68	5	59	-15
84	4VUwkH455At9kENOfzTqmF	Beautiful (feat. Camila Cabello)	Bazzi	326571	73	18	17	-11
85	6cFZ4PLC19taNlpl9pbGMf	Somebody To Love - 2011 Mix	Queen	323030	67	5	60	-18
86	7oK9VyNzrYvRFo7nQEYkWN	Mr. Brightside	The Killers	322781	80	101	54	-6
87	4kWO6O1BUXcZmaxitpVUwp	Jackie Chan	Tiësto	321866	74	29	10	-13
88	2fuCquhmrzHpu5xcA1ci9x	Under Pressure - Remastered	Queen	321537	71	5	67	-17
89	7qiZfU4dY1lWllzX7mPBI3	Shape of You	Ed Sheeran	320935	78	100	1	-11
90	7inXu0Eaeg02VsM8kHNvzM	Let It Snow! Let It Snow! Let It Snow! (with The B. Swanson Quartet)	Frank Sinatra	314083	nan	5	42	re-enter
91	2J0X46UkpfLlWbuCXFgDLr	Waste It On Me (feat. BTS)	Steve Aoki	310636	84	4	74	-7
92	60SdxE8apGAxMiRrpbmLY0	Lucky You (feat. Joyner Lucas)	Eminem	310245	72	14	3	-20
93	0TlLq3lA83rQOYtrqBqSct	Nonstop	Drake	309688	82	20	27	-11
94	3CA9pLiwRIGtUBiMjbZmRw	Nice For What	Drake	309264	86	20	22	-8
95	5uCax9HTNlzGybIStD3vDh	Say You Won't Let Go	James Arthur	304182	81	101	8	-14
96	0QIjsbm2fh1cJ45XO9eGqq	Wake Up in the Sky	Gucci Mane	303294	77	12	39	-19
97	116H0KvKr2Zl4RPuVBruDO	MIA (feat. Drake)	Bad Bunny	302758	75	8	31	-22
98	58q2HKrzhC3ozto2nDdN4z	I Like It	Cardi B	298463	88	35	12	-10
99	2uIX8YMNjGMD7441kqyyNU	ocean eyes	Billie Eilish	294467	79	17	65	-20
100	6VHLa2Ov2NnnekRjLpAgdv	Better Together	Hayden James	293727	83	5	63	-17
101	6tjituizSxwSmBB5vtgHZE	Holly Jolly Christmas	Michael Bublé	293695	nan	3	64	re-enter
102	73FebDuELlAEinHw1xWJCZ	I'll Be There	Jess Glynne	293386	98	8	40	-4
103	2wVDWtLKXunswWecARNILj	SOLO	JENNIE	292454	92	3	92	-11
104	4e4fqjx0Izh4svvTef1z7e	Meant to Be (feat. Florida Georgia Line)	Bebe Rexha	292027	95	24	54	-9
105	2P91MQbaiQOfbiz9VqhqKQ	I Like Me Better	Lauv	290140	94	27	64	-11
106	7KXjTSCq5nL1LoYtL7XAwS	HUMBLE.	Kendrick Lamar	287666	97	88	1	-9
107	5OCJzvD7sykQEKHH7qAC3C	God is a woman	Ariana Grande	285929	104	16	6	-3
108	3BZkEOJwKUYRlkLWZB1izC	Fire	Peking Duk	284624	102	30	16	-6
109	4qBejt9FeqLI9blHI1Nq1x	Jingle Bells (feat. The Puppini Sisters)	Michael Bublé	283764	nan	5	36	re-enter
110	4hQ6UGyWQIGJmHSo0J88JW	Back To You - From 13 Reasons Why – Season 2 Soundtrack	Selena Gomez	282763	90	22	12	-20
111	7BKLCZ1jbUBVqRi2FVlTVw	Closer	The Chainsmokers	280543	103	101	3	-8
112	45Egmo7icyopuzJN0oMEdk	Love Lies (with Normani)	Khalid	280005	91	42	3	-21
113	5Z3GHaZ6ec9bsiI5BenrbY	Young Dumb & Broke	Khalid	279182	99	76	2	-14
114	4rERoP56GEEjKmshbphPBK	Sleigh Ride	The Ronettes	278118	nan	1	114	new
115	3WefHNGtjexZvi66ZEx9u4	Hurts Like Hell (feat. Offset)	Madison Beer	277266	120	3	115	5
116	5zxwumO0laRosoeOvbVSvc	Bright Blue Skies	Mitch James	277166	105	11	77	-11
117	41zXlQxzTi6cGAjpOXyLYH	idontwannabeyouanymore	Billie Eilish	276065	87	20	87	-30
118	61sqsOPon94ecMskeEXwev	Better To Lie (with Jesse & Swae Lee)	benny blanco	271872	nan	1	118	new
119	2374M0fQpWi3dLnB54qaLX	Africa	TOTO	271109	108	58	84	-11
120	6pVW5LRWgeLaHudxauOTJU	Jingle Bell Rock - Daryl's Version	Daryl Hall & John Oates	270648	nan	5	43	re-enter
121	3zJw3rugfpVrmBeDDnUYzy	Happy Xmas (War Is Over) - Remastered	John Lennon	268394	nan	4	37	re-enter
122	4AhSkRYioEIfGvCV19peYN	Suncity (feat. Empress Of)	Khalid	267177	85	7	32	-37
123	5WvAo7DNuPRmk4APhdPzi8	No Brainer	DJ Khaled	265030	100	19	4	-23
124	55GiOwtxNajXVbpjjIzMnD	SWISH	Tyga	263592	109	19	35	-15
125	4pbJqGIASGPr0ZpGpnWkDn	We Will Rock You - Remastered	Queen	261373	96	5	90	-29
126	6o79O9qBP3OAkWOXajAQIS	WAKA	6ix9ine	259150	nan	1	126	new
127	7yq4Qj7cqayVTp3FF9CWbm	Riptide	Vance Joy	258030	119	100	89	-8
128	6SAKXCj5jyF6IgPCPbZ5ra	Armed And Dangerous	Juice WRLD	257177	89	4	89	-39
129	2GGMabyHXnJmjY6CXhhB2e	Money	Cardi B	256240	101	6	74	-28
130	2EjXfH91m7f8HiJN1yQg97	Rockin' Around The Christmas Tree	Brenda Lee	255861	nan	1	130	new
131	1jo3TwNGCXfNdB5uba3ZVv	Killshot	Eminem	253466	106	11	20	-25
132	09IStsImFySgyp0pIQdqAc	The Middle	Zedd	253163	125	27	13	-7
133	7vQbuQcyTflfCIOu3Uzzya	Jingle Bell Rock	Bobby Helms	250867	nan	1	133	new
134	7AFASza1mXqntmGtbxXprO	changes	XXXTENTACION	250708	114	38	13	-20
135	04MLEeAMuV9IlHEsD8vF6A	No Stylist	French Montana	249400	111	11	39	-24
136	1Qi2wh8fFgDV7tl4Sj3f2K	Have Yourself A Merry Little Christmas	Sam Smith	249100	nan	1	136	new
137	4M3FO0ji6Lc8vwD1sgf1nc	Born To Be Yours	Kygo	248707	115	9	72	-22
138	4keoy2fqgwGnbWlm3ZVZFa	Happy Now	Zedd	248210	122	20	25	-16
139	3EikYy40GMSp8l5mDV6IQo	Foot Fungus	Ski Mask The Slump God	246557	nan	1	139	new
140	1zB4vmk8tFRmM9UULNzbLB	Thunder	Imagine Dragons	246066	129	20	93	-11
141	7ef4DlsgrMEH11cDZd32M6	One Kiss (with Dua Lipa)	Calvin Harris	244219	134	35	6	-7
142	4E2s2lCNKxbWJMwHPMzOfq	Never Ever (feat. Sarah)	The Rubens	241619	128	23	23	-14
143	1mXVgsBdtIVeCLJnSnmtdV	Too Good At Goodbyes	Sam Smith	240536	123	57	4	-20
144	0tgVpDi06FyKpA1z0VMD4v	Perfect	Ed Sheeran	240070	131	92	7	-13
145	5AdnkoZJuRJCYqYBIzSqFb	Light On	Maggie Rogers	239912	113	4	113	-32
146	3NuK5xMlSlB6K2Qp16zf3h	Solo (feat. Demi Lovato)	Clean Bandit	239270	nan	1	146	new
147	7GqWnsKhMtEW0nzki5o0d8	Killer Queen - 2011 Mix	Queen	238801	107	5	98	-40
148	74lnM5V6ecvoTPV0fvptx9	Nuketown (feat. Juice WRLD)	Ski Mask The Slump God	238648	nan	1	148	new
149	1rfofaqEpACxVEHIZBJe6W	Havana (feat. Young Thug)	Camila Cabello	238499	137	47	5	-12
150	6jreFSOTUAViWjKyzOC4Kg	REMEDY	Alesso	236778	130	14	18	-20
151	2SL6oP2YAEQbqsrkOzRGO4	Venom - Music From The Motion Picture	Eminem	236057	121	14	32	-30
152	4gvPqK7RifS2F45o9Obo5B	I Said Hi	Amy Shark	233349	158	21	38	6
153	5qqabIl2vWzo9ApSC317sa	Wonderwall - Remastered	Oasis	231832	148	89	111	-5
154	6914ZWSnIGPlQkNgQldTmT	All Loved Up	Amy Shark	231063	184	8	103	30
155	3a1lNhkSLSkpJE4MSHpDu9	Congratulations	Post Malone	230396	135	95	15	-20
156	1Slwb6dOYkBlWal1PGtnNg	Thinking out Loud	Ed Sheeran	228829	138	101	68	-18
157	5tz69p7tJuGPeMGwNTxYuV	1-800-273-8255	Logic	228319	142	83	1	-15
158	6lOWoTqVnAWXchddtTH31W	Leave a Light On	Tom Walker	227729	133	12	89	-25
159	6PCUP3dWmTjcTtXY02oFdT	Castle on the Hill	Ed Sheeran	226750	140	100	2	-19
160	0EwS8XJQspgrj1zSUXhFkl	KANGA	6ix9ine	226580	nan	1	160	new
161	0pqnGHJpmpxLKifKRmU6WP	Believer	Imagine Dragons	225030	147	20	99	-14
162	4so0Wek9Ig1p6CRCHuINwW	White Christmas	Bing Crosby	224902	nan	4	44	re-enter
163	5qHirGR7M9tdm6C17DlzSY	REEL IT IN	Aminé	224799	110	13	79	-53
164	6xTU6B6nFwKKTSZ9ySXS80	Remind Me to Forget	Kygo	224452	173	38	20	9
165	7MXVkk9YMctZqd1Srtv4MB	Starboy	The Weeknd	224452	156	19	151	-9
166	1cS0TgbR263ey9jn0MwD2s	River (feat. Ed Sheeran)	Eminem	224389	151	23	103	-15
167	5Gu0PDLN4YJeW75PpBSg9p	Let Me Go (with Alesso, Florida Georgia Line & watt)	Hailee Steinfeld	224188	152	24	105	-15
168	0Ie5uiv54KgCr7P4sYDTHl	Baby It's Cold Outside (duet with Michael Bublé)	Idina Menzel	224076	nan	5	32	re-enter
169	63SevszngYpZOwf63o61K4	Nevermind	Dennis Lloyd	223791	154	37	14	-15
170	4hXDobvUaXyDFLnmecoY0z	Dip (feat. Nicki Minaj)	Tyga	223602	124	5	109	-46
171	0CZ8lquoTX2Dkg7Ak2inwA	1950	King Princess	223135	143	39	14	-28
172	3d9DChrdc6BOeFsbrZ3Is0	Under the Bridge	Red Hot Chili Peppers	223097	136	30	125	-36
173	3S0OXQeoh0w6AY8WQVckRW	I'm Yours	Jason Mraz	221850	141	54	87	-32
174	6Hgh47WXVKtXN5zGOu0hjI	OTW	Khalid	221658	153	33	10	-21
175	2FY7b99s15jUprqC0M5NCT	Natural	Imagine Dragons	219458	126	4	69	-49
176	7vGuf3Y35N4wmASOKLUVVU	Silence	Marshmello	218896	155	69	3	-21
177	1zi7xx7UVEFkmKfv06H8x0	One Dance	Drake	218481	180	20	128	3
178	5CLGzJsGqhCEECcpnFQA8x	These Days (feat. Jess Glynne, Macklemore & Dan Caplen)	Rudimental	218438	166	46	5	-12
179	3GVkPk8mqxz0itaAriG1L7	Everybody Dies In Their Nightmares	XXXTENTACION	218018	139	65	26	-40
180	6VCeywT4JeawuZOUkQ1okx	Pussy Is God	King Princess	217492	127	5	81	-53
181	2RttW7RAu5nOAfq6YFvApB	Happier	Ed Sheeran	215850	150	92	8	-31
182	47BBI51FKFwOMlIiX6m8ya	I Want It That Way	Backstreet Boys	215675	146	11	145	-36
183	15fZrZhdK0g1BS9sDeW6sD	Love No More	Loud Luxury	213686	144	13	82	-39
184	3GCdLUSnKSMJhs4Tj6CV3s	All The Stars (with SZA)	Kendrick Lamar	212760	182	40	3	-2
185	7AQim7LbvFVZJE3O8TYgf2	Fuck Love (feat. Trippie Redd)	XXXTENTACION	212750	149	54	27	-36
186	14mHfNsSHN0FbLftyjrV9g	Leave Me Alone	Flipp Dinero	212719	161	4	161	-25
187	3B54sVLJ402zGa6Xm4YGNe	Unforgettable	French Montana	212639	163	74	2	-24
188	6a1hzBiTkgqTsDA0Xgfh9z	Santa Claus Is Coming To Town	The Jackson 5	209936	nan	4	46	re-enter
189	0AluA5RNsa4Cx6XRhf2hWZ	10 Freaky Girls (with 21 Savage)	Metro Boomin	209696	145	3	119	-44
190	0u695M7KyzXaPIjpEbxOkB	SICKO MODE - Skrillex Remix	Travis Scott	209169	nan	1	190	new
191	2xJCMIJfcNYDc5iR0sAm2O	New Rules	Dua Lipa	208741	170	7	149	-21
192	6YJdPrH3i2POzu7hdHIRrb	Santa Baby	Ariana Grande	208624	nan	1	192	new
193	7GX5flRQZVHRAGd6B4TmDO	XO Tour Llif3	Lil Uzi Vert	208552	160	67	29	-33
194	76cy1WJvNGJTj78UqeA5zr	IDGAF	Dua Lipa	208300	172	49	4	-22
195	4qKcDkK6siZ7Jp1Jb4m0aL	Look Alive (feat. Drake)	BlocBoy JB	206926	171	43	16	-24
196	2aPTvyE09vUCRwVvj0I8WK	Sundress	A$AP Rocky	206192	116	2	116	-80
197	6tB4XVKceo2307SSWXaO0y	Just Friends	Hayden James	206017	176	21	31	-21
198	5Xn4IyTtW6FUGIUyWjbUHG	Goodbye (feat. Nicki Minaj & Willy William)	Jason Derulo	205918	164	15	34	-34
199	2xGjteMU3E1tkEPVFBO08U	This Is Me	Keala Settle	205390	177	47	20	-22
200	65Q2mv3UlVi9eO70OpsmSe	A Holly Jolly Christmas - Single Version	Burl Ives	203716	nan	2	73	re-enter
