position	song_id	song_name	artist	streams	last_week_position	weeks_on_chart	peak_position	position_status
1	1cTZMwcBJT0Ka3UJPXOeeN	Nice For What	Drake	1732888	6	2	1	5
2	2XW4DbS6NddZxRPm5rMCeY	God's Plan	Drake	1493878	1	13	1	-1
3	65NwOZqoXny4JxqAPlfxRF	Psycho (feat. Ty Dolla $ign)	Post Malone	1424061	2	8	2	-1
4	45Egmo7icyopuzJN0oMEdk	Love Lies (with Normani)	Khalid	1400210	3	9	3	-1
5	10Igtw8bSDyyFs7KIsKngZ	Freaky Friday (feat. Chris Brown)	Lil Dicky	1300101	4	5	4	-1
6	1gm616Plq4ScqNi7TVkZ5N	Call Out My Name	The Weeknd	1292098	5	3	3	-1
7	08bNPGLD8AhKpnnERrAc6G	FRIENDS	Marshmello	1051917	7	10	4	0
8	2ARqIya5NAuvFVHSN3bL0m	The Middle	Zedd	1006433	10	8	6	2
9	7ef4DlsgrMEH11cDZd32M6	One Kiss (with Dua Lipa)	Calvin Harris	996593	26	2	9	17
10	3GCdLUSnKSMJhs4Tj6CV3s	All The Stars (with SZA)	Kendrick Lamar	984004	8	8	3	-2
11	76cy1WJvNGJTj78UqeA5zr	IDGAF	Dua Lipa	976025	9	16	4	-2
12	7uzmGiiJyRfuViKKK3lVmR	Mine	Bazzi	848725	nan	1	12	new
13	3ee8Jmje8o58CHK66QrVC2	SAD!	XXXTENTACION	836832	11	5	3	-2
14	5CLGzJsGqhCEECcpnFQA8x	These Days (feat. Jess Glynne, Macklemore & Dan Caplen)	Rudimental	828510	13	13	5	-1
15	75ZvA4QfFiZvzhj2xkaWAh	I Fall Apart	Post Malone	766448	16	30	1	1
16	4qKcDkK6siZ7Jp1Jb4m0aL	Look Alive (feat. Drake)	BlocBoy JB	762954	17	10	16	1
17	7iDa6hUg2VgEL1o1HjmfBn	Meant to Be (feat. Florida Georgia Line)	Bebe Rexha	759015	14	31	7	-3
18	79jX8RM5CgPqDKdGEKNW9K	In My Blood	Shawn Mendes	753516	15	4	12	-3
19	58q2HKrzhC3ozto2nDdN4z	I Like It	Cardi B	715135	90	2	19	71
20	2U7Hu2RaNQNRi7izoJyZaX	rockstar	Post Malone	697629	19	9	12	-1
21	63SevszngYpZOwf63o61K4	Nevermind	Dennis Lloyd	671971	31	4	21	10
22	5UEnHoDYpsxlfzWLZIc7LD	River (feat. Ed Sheeran)	Eminem	632972	21	18	2	-1
23	0CZ8lquoTX2Dkg7Ak2inwA	1950	King Princess	629564	23	6	23	0
24	6NFyWDv5CjfwuzoCkw47Xf	Delicate	Taylor Swift	628872	22	7	22	-2
25	4eWQlBRaTjPPUlzacqEeoQ	Never Be the Same	Camila Cabello	586103	18	14	7	-7
26	1LhMopPAallLeaeNutqbgS	Say Something	Justin Timberlake	583865	24	11	21	-2
27	3C2xQqHVkhA1Ht17SzPRke	Nothing to Regret	Robinson	577097	32	6	27	5
28	6xTU6B6nFwKKTSZ9ySXS80	Remind Me to Forget	Kygo	559826	37	5	28	9
29	6mAz8D1TmlTuef90dbNIiZ	Plug Walk	Rich The Kid	559737	30	3	29	1
30	6PKxFkewPt55P5ao5tVS5o	Go Bang	PNAU	542988	27	23	11	-3
31	43cFjTTCD9Cni4aSL0sORz	Playinwitme (feat. Kehlani)	KYLE	541288	59	3	31	28
32	72TyiiduRmczEbDIEtKQdR	Wasted Times	The Weeknd	537688	20	3	15	-12
33	7EmGUiUaOSGDnUUQUDrOXC	Wolves	Selena Gomez	520406	28	25	5	-5
34	7Fg342AJtNsIDdwCfX0paC	Let Me	ZAYN	514867	nan	1	34	new
35	6n4U3TlzUGhdSFbUUhTvLP	Walk It Talk It	Migos	506690	52	6	35	17
36	7qiZfU4dY1lWllzX7mPBI3	Shape of You	Ed Sheeran	503389	36	67	1	0
37	7wvYmO5QscgIDDT0eNwbYX	Lost In Japan	Shawn Mendes	501116	29	4	24	-8
38	4ofvoCdXq99vpMZO4Cfp8x	Pray For Me (with Kendrick Lamar)	The Weeknd	497868	25	11	7	-13
39	1LIbTjMdFP15jIXGkcICSU	Chateau	Angus & Julia Stone	484744	38	25	20	-1
40	4bJzIbze97tZwCxxMw4hx9	NUMB	Hayden James	480594	34	16	34	-6
41	2xmrfQpmS2iJExTlklLoAL	I Miss You (feat. Julia Michaels)	Clean Bandit	480213	33	25	17	-8
42	2Yl4OmDby9iitgNWZPwxkd	Be Careful	Cardi B	471858	66	2	42	24
43	1rfofaqEpACxVEHIZBJe6W	Havana (feat. Young Thug)	Camila Cabello	468144	35	14	5	-8
44	33IOhptvC2Qoy2UhjiHXLV	Flames	David Guetta	462640	56	4	44	12
45	026IC4Vj88QjLlnIPDExhz	Hurt Somebody (With Julia Michaels)	Noah Kahan	457512	55	6	45	10
46	6QgjcU0zLnzq5OrUoSZ3OK	Feel It Still	Portugal. The Man	457380	44	39	9	-2
47	5AEtlRudpgdT5FtNiuly6Y	Let Me Go (with Alesso, Florida Georgia Line & watt)	Hailee Steinfeld	447242	41	31	7	-6
48	42CeaId2XNlxugDvyqHfDf	Candy Paint	Post Malone	435161	46	26	15	-2
49	5k38wzpLb15YgncyWdTZE4	Him & I (with Halsey)	G-Eazy	428991	40	18	10	-9
50	45w70aQhNwke1yrQZO0ffm	Do Right	Glades	428355	50	14	32	0
51	2ekn2ttSfGqwhhate0LSR0	New Rules	Dua Lipa	424859	45	40	2	-6
52	7vGuf3Y35N4wmASOKLUVVU	Silence	Marshmello	420191	47	36	3	-5
53	55S2PQgSMYAhgoTCcGCDfw	Youngblood	5 Seconds of Summer	417167	nan	1	53	new
54	3Vo4wInECJQuz9BIBMOu8i	Finesse - Remix; feat. Cardi B	Bruno Mars	415936	42	15	4	-12
55	5Z3GHaZ6ec9bsiI5BenrbY	Young Dumb & Broke	Khalid	409974	54	43	2	-1
56	2UVbBKQOdFAekPTRsnkzcf	Stir Fry	Migos	387866	48	12	16	-8
57	7KXjTSCq5nL1LoYtL7XAwS	HUMBLE.	Kendrick Lamar	372373	63	55	1	6
58	7sO5G9EABYOXQKNPNiE9NR	Ric Flair Drip (& Metro Boomin)	Offset	372068	57	24	48	-1
59	6mrKP2jyIQmM0rw6fQryjr	Let You Down	NF	369760	49	27	4	-10
60	1xy4apMFecGGkgBeaHFZ2M	Chasing Fire	Lauv	359580	65	3	60	5
61	4QfNOZN7vrQCQKK1ZJ3XPb	Heaven	Julia Michaels	351309	39	10	25	-22
62	2T7YFzXIZZcfv98uDY8U9T	Church	Alison Wonderland	348664	53	2	53	-9
63	6RnkFd8Fqqgk1Uni8RgqCQ	Like I Do	David Guetta	346097	77	7	63	14
64	0tgVpDi06FyKpA1z0VMD4v	Perfect	Ed Sheeran	339583	61	59	7	-3
65	0JP9xo3adEtGSdUEISiszL	Moonlight	XXXTENTACION	330235	51	5	26	-14
66	18W92Zm1KjLCbUIszOhpkD	I Wanna Know (feat. Bea Miller)	NOTD	327077	140	2	66	74
67	739vCwA3EpBSkk3uDsI2wB	Lemon - Drake Remix	N.E.R.D	323773	70	4	67	3
68	7m9OqQk4RVRkw9JJdeAw96	Jocelyn Flores	XXXTENTACION	320301	64	34	13	-4
69	5J7zqPpQkN9JZiaELHNKSL	We're Going Home	Vance Joy	316911	60	8	22	-9
70	3pIigjAWkzwAonXpJ1fmSF	Everybody Hates Me	The Chainsmokers	315490	67	5	35	-3
71	5tz69p7tJuGPeMGwNTxYuV	1-800-273-8255	Logic	310832	81	50	1	10
72	2poOAWEj1CStqTVPgIHZ8s	Try Me	The Weeknd	309620	43	3	17	-29
73	1wjzFQodRWrPcQ0AnYnvQ9	I Like Me Better	Lauv	309120	69	46	9	-4
74	5PTG6rrL6EPFD9E2QMI2pl	JAPAN	Famous Dex	306518	121	2	74	47
75	3a1lNhkSLSkpJE4MSHpDu9	Congratulations	Post Malone	304783	72	62	15	-3
76	1bhUWB0zJMIKr9yVPrkEuI	Perfect Duet (Ed Sheeran & Beyoncé)	Ed Sheeran	304569	89	20	7	13
77	2Tq2R8sRftNEqdgJK5HadO	My My My!	Troye Sivan	302686	62	14	18	-15
78	5uCax9HTNlzGybIStD3vDh	Say You Won't Let Go	James Arthur	302635	82	68	8	4
79	6KBYefIoo7KydImq1uUQlL	Bodak Yellow	Cardi B	299271	78	2	78	-1
80	2xGjteMU3E1tkEPVFBO08U	This Is Me	Keala Settle	297909	71	16	20	-9
81	2MuOQdl7uyEteKYCQtG4XE	I Said Hi	Amy Shark	292874	nan	1	81	new
82	0dIoGTQXDh1wVnhIiSyYEa	Bartier Cardi (feat. 21 Savage)	Cardi B	288802	79	2	79	-3
83	26gceVsA1ybT8qsX3aYLEn	Thunder	Imagine Dragons	288694	76	8	57	-7
84	2yUbCEiaolfSMluDo9RMmG	Powerglide (feat. Juicy J)	Rae Sremmurd	282988	98	5	57	14
85	2qsQ8eVDPmobZpvDxQCVQu	Barbie Tingz	Nicki Minaj	281996	nan	1	85	new
86	0CokSRCu5hZgPxcZBaEzVE	Glorious (feat. Skylar Grey)	Macklemore	281490	94	30	4	8
87	7oK9VyNzrYvRFo7nQEYkWN	Mr. Brightside	The Killers	280769	86	68	54	-1
88	1mXVgsBdtIVeCLJnSnmtdV	Too Good At Goodbyes	Sam Smith	277049	87	24	4	-1
89	2qcG0nZ6S3zZV0UrkY5nFo	Drip (feat. Migos)	Cardi B	275933	74	2	74	-15
90	0RUTnY2B3s05fZuCHsNaUP	Alien	Sabrina Carpenter	272840	137	2	90	47
91	4EAV2cKiqKP5UPZmY6dejk	Everyday	Logic	270431	84	6	29	-7
92	2gTYVoQCUh0QNUaFix01ld	Chun-Li	Nicki Minaj	267453	nan	1	92	new
93	7GX5flRQZVHRAGd6B4TmDO	XO Tour Llif3	Lil Uzi Vert	264957	92	34	29	-1
94	51rXHuKN8Loc4sUlKPODgH	King's Dead (with Kendrick Lamar, Future & James Blake)	Jay Rock	262958	91	11	51	-3
95	1YmF9PvLhIISIANoMLIYGq	A$AP Forever	A$AP Rocky	262357	88	2	88	-7
96	7AFASza1mXqntmGtbxXprO	changes	XXXTENTACION	262326	80	5	42	-16
97	0L0VMu7ovN7rmTtC8QQrqj	Need You	Flight Facilities	262295	118	4	97	21
98	1xznGGDReH1oQq0xzbwXa3	One Dance	Drake	261920	110	68	26	12
99	7BKLCZ1jbUBVqRi2FVlTVw	Closer	The Chainsmokers	256612	111	68	3	12
100	6PCUP3dWmTjcTtXY02oFdT	Castle on the Hill	Ed Sheeran	253824	107	67	2	7
101	1Slwb6dOYkBlWal1PGtnNg	Thinking out Loud	Ed Sheeran	252828	103	68	68	2
102	5hM6sP0Gh1jD57drszNueC	For You (Fifty Shades Freed) (& Rita Ora)	Liam Payne	249145	85	15	22	-17
103	3hBBKuWJfxlIlnd9QFoC8k	What Lovers Do (feat. SZA)	Maroon 5	246406	95	24	7	-8
104	152lZdxL1OR0ZMW6KquMif	Location	Khalid	243523	104	58	24	0
105	3towKHKVOXCCcL1fHv6xFO	Capital Letters	Hailee Steinfeld	243031	58	12	33	-47
106	4fbDfF6zuNcdqzI9cyK5hE	Kick On	Sticky Fingers	241776	nan	1	106	new
107	6S5lBW22Re1UPKXjX7obLC	Wasted	Peking Duk	240270	68	11	65	-39
108	5aAx2yezTd8zXrkmtKl66Z	Starboy	The Weeknd	239694	123	68	1	15
109	630sXRhIcfwr2e4RdNtjKN	Rewrite The Stars	Zac Efron	237975	97	16	21	-12
110	3B54sVLJ402zGa6Xm4YGNe	Unforgettable	French Montana	237368	102	41	2	-8
111	1f5PNhkNgUpvDEeZfcIlO1	I Do (feat. SZA)	Cardi B	235747	112	2	111	1
112	1rXLdF4ATUiDQ8XuSNjRze	Late Nights	Carmouflage Rose	233539	100	2	100	-12
113	2RttW7RAu5nOAfq6YFvApB	Happier	Ed Sheeran	233035	106	59	8	-7
114	0afhq8XCExXpqazXczTSve	Galway Girl	Ed Sheeran	232258	109	59	2	-5
115	3m660poUr1chesgkkjQM7P	Sorry Not Sorry	Demi Lovato	228493	105	29	11	-10
116	5TVirkSwFEXF1nLJEebe2I	Beautiful	Bazzi	224604	nan	1	116	new
117	7Izh7zLJGw1Nscd62Exxj4	Believer	Imagine Dragons	224093	113	8	106	-4
118	3soOPBuMK8YMdWnV7xpEyf	Mad Love	Sean Paul	222350	134	5	111	16
119	2VgJDTfkuwlm7WIHnvtRCQ	You Are The Reason	Calum Scott	220323	117	4	117	-2
120	7EI6Iki24tBHAMxtb4xQN2	Anywhere	Rita Ora	219932	75	26	21	-45
121	5CtI0qwDJkDQGwXD1H1cLb	Despacito - Remix	Luis Fonsi	218281	155	53	1	34
122	2DQ1ITjI0YoLFzuADN1ZBW	No Limit	G-Eazy	214505	115	18	37	-7
123	6EpRaXYhGOB3fj4V2uDkMJ	Strip That Down	Liam Payne	212091	114	48	3	-9
124	4dVpf9jZjcORqGTLUaeYj9	Plain Jane	A$AP Ferg	210736	120	29	53	-4
125	12REd1n8PeiHHWOh066tpr	Never Be Like You	Flume	210156	147	68	31	22
126	13wNEvWmBsWaWVtiLPRIW5	Hurt You	The Weeknd	208971	73	3	26	-53
127	5dNfHmqgr128gMY2tc5CeJ	Ignition - Remix	R. Kelly	207617	131	68	77	4
128	32DGGj6KlNuBr6WaqRxpxi	How Long	Charlie Puth	207373	124	28	18	-4
129	6RUKPb4LETWmmr3iAEQktW	Something Just Like This	The Chainsmokers	207020	129	61	2	0
130	3DXncPQOG4VBw3QHh3S817	I'm the One (feat. Justin Bieber, Quavo, Chance the Rapper & Lil Wayne)	DJ Khaled	206248	165	47	1	35
131	2mfUa8bLs2s5N4VaqJZ4lZ	Most Girls	Hailee Steinfeld	205676	125	51	22	-6
132	5WoaF1B5XIEnWfmb5NZikf	Sky Walker (feat. Travis Scott)	Miguel	205197	136	20	47	4
133	5DfWF0jqMgZDCiu9zJENTA	Ring (feat. Kehlani)	Cardi B	204963	119	2	119	-14
134	1HrMWH5GUdK6Yi94rbANJA	Cola	CamelPhat	204807	126	21	38	-8
135	3kxfsdsCpFgN412fpnW85Y	Redbone	Childish Gambino	203866	130	68	16	-5
136	5yuShbu70mtHXY0yLzCQLQ	Go Flex	Post Malone	202307	128	38	55	-8
137	1j4kHkkpqZRBwE0A4CN4Yv	Dusk Till Dawn - Radio Edit	ZAYN	201364	132	32	8	-5
138	2374M0fQpWi3dLnB54qaLX	Africa	TOTO	199373	143	25	126	5
139	49wvp0zE6RvYuxUrCoHgl6	Think About You	Delta Goodrem	197180	116	9	87	-23
140	3GVkPk8mqxz0itaAriG1L7	Everybody Dies In Their Nightmares	XXXTENTACION	196931	127	32	58	-13
141	6WINes0Sf8PDaiihl2EqB3	Golden Age	Fergus James	196763	167	2	141	26
142	7oekneJCJO74ycdLzdk16v	Lay It On Me	Vance Joy	194154	138	8	60	-4
143	2Za1AlJNvksouPPWbXpR2X	Good Old Days (feat. Kesha)	Macklemore	194016	108	30	16	-35
144	3S0OXQeoh0w6AY8WQVckRW	I'm Yours	Jason Mraz	193574	142	21	134	-2
145	5mCPDVBb16L4XQwDdbRUpz	Passionfruit	Drake	193094	156	10	113	11
146	5qqabIl2vWzo9ApSC317sa	Wonderwall - Remastered	Oasis	192027	154	56	111	8
147	0dSIrRkA4PadGll16TgbnV	PICK IT UP (feat. A$AP Rocky)	Famous Dex	191572	139	2	139	-8
148	7DPQwyMQADl9Y8oSvSVpfg	Let Me Down Easy	Gang of Youths	190420	153	12	61	5
149	3bidbhpOYeV4knp8AIu8Xn	Can't Hold Us - feat. Ray Dalton	Macklemore & Ryan Lewis	189770	161	55	101	12
150	56d6kYZhfhzpoC3s1dRU2V	I Was Never There	The Weeknd	189716	83	3	28	-67
151	6C7RJEIUDqKkJRZVWdkfkH	Stronger	Kanye West	189678	163	65	106	12
152	4GtxDqRqnAmHtmyPhSmXY4	Woke Up Late	Drax Project	189500	99	8	99	-53
153	44KKhCyI0BGS6LvVyDqJtH	Esskeetit	Lil Pump	188845	nan	1	153	new
154	2Pvr8rYuh5J8V7QglJhH6W	Want You Back	5 Seconds of Summer	188718	101	8	51	-53
155	11GGSyTB8cS9TgONHBOhEX	Home With You	Madison Beer	188457	nan	1	155	new
156	79cuOz3SPQTuFrp8WgftAu	There's Nothing Holdin' Me Back	Shawn Mendes	187635	141	52	6	-15
157	4UKCKdYiLN6IMA5ZESUTL7	the remedy for a broken heart (why am I so in love)	XXXTENTACION	187455	122	5	45	-35
158	26Fqtv4Aa7kyd1WWGHai6A	Privilege	The Weeknd	186990	93	3	31	-65
159	6JV2JOEocMgcZxYSZelKcc	"CAN'T STOP THE FEELING! (Original Song from DreamWorks Animation's ""TROLLS"")"	Justin Timberlake	185624	193	65	40	34
160	32OlwWuMpZ6b0aN2RZOeMS	Uptown Funk (feat. Bruno Mars)	Mark Ronson	184906	179	33	96	19
161	6fxVffaTuwjgEk5h9QyRjy	Photograph	Ed Sheeran	184626	149	67	62	-12
162	0NiXXAI876aGImAd6rTj8w	Mama	Jonas Blue	184390	148	41	7	-14
163	7yq4Qj7cqayVTp3FF9CWbm	Riptide	Vance Joy	183649	159	67	89	-4
164	2fQrGHiQOvpL9UgPvtYy6G	Bank Account	21 Savage	183556	146	30	47	-18
165	2jyjhRf6DVbMPU5zxagN2h	Let Her Go	Passenger	183212	158	51	145	-7
166	6gBFPUFcJLzWGx4lenP6h2	goosebumps	Travis Scott	182062	164	65	65	-2
167	7w9bgPAmPTtrkt2v16QWvQ	"Lose Yourself - From ""8 Mile"" Soundtrack"	Eminem	181552	151	26	114	-16
168	7AQim7LbvFVZJE3O8TYgf2	Fuck Love (feat. Trippie Redd)	XXXTENTACION	180288	170	24	66	2
169	6oSmp7qnvAxUXeUKhl67a6	1955	Hilltop Hoods	180215	176	67	65	7
170	3hB5DgAiMAQ4DzYbsMq1IT	Love Yourself	Justin Bieber	179994	196	56	75	26
171	6eT7xZZlB2mwyzJ2sUKG6w	White Iverson	Post Malone	179947	166	50	66	-5
172	7mldq42yDuxiUNn08nvzHO	Body Like A Back Road	Sam Hunt	179726	169	59	27	-3
173	2CvOqDpQIMw69cCzWqr5yr	Halo	Beyoncé	179662	182	6	150	9
174	4vaxvNDaLSoD36iZX515ug	Betrayed	Lil Xan	179660	144	2	144	-30
175	43ay9lQZ5rfNcOOHhRF2cM	The Greatest Show	Hugh Jackman	179332	150	16	52	-25
176	4iLqG9SeJSnt0cSPICSjxv	Attention	Charlie Puth	179143	168	52	6	-8
177	248OFOZef6ShXv6DGgbnxU	Saved	Khalid	179079	177	41	112	0
178	7vu0JkJh0ldukEYbTVcqd0	Issues	Julia Michaels	179019	162	18	125	-16
179	7vRriwrloYVaoAe3a9wJHe	i hate u, i love u (feat. olivia o'brien)	gnash	178350	197	37	93	18
180	4c2W3VKsOFoIg2SFaO6DY5	Your Song	Rita Ora	178197	157	47	14	-23
181	2rE9TX3VQ0WNt7kziFhKep	Homemade Dynamite - REMIX	Lorde	177848	145	22	17	-36
182	5XJJdNPkwmbUwE79gv0NxK	Gold Digger	Kanye West	177116	173	67	98	-9
183	0tPQPaOKM32WgMSbPCYyRH	Dirty Sexy Money (feat. Charli XCX & French Montana)	David Guetta	176206	135	24	21	-48
184	0Qh38w01QRXK6KHIv0e3hb	What About Us	P!nk	175597	174	27	16	-10
185	1Bx3Xf9CLq1gmK9KRPTEsU	I Like The Way	Tyron Hapi	173940	184	2	184	-1
186	0KKkJNfGyhkQ5aFogxQAPU	That's What I Like	Bruno Mars	173618	172	67	6	-14
187	7to68V64Cu6zk0UDo5tyw3	Confidence	Ocean Alley	172814	186	5	139	-1
188	6tvQzeCPwOytDlBYCIOY0n	Breathe	Jax Jones	170986	152	7	89	-36
189	39N9RPD9MRb5WmoLzNzPeA	X	Nicky Jam	170694	194	3	173	5
190	0ofHAoxe9vBkTCp2UQIavz	Dreams - 2004 Remaster	Fleetwood Mac	170410	185	6	167	-5
191	4yFsOEAtQXXyi0iK9VHjOp	Dancing On My Own	Calum Scott	169262	180	6	168	-11
192	6DNtNfH8hXkqOX1sjqmI7p	Cold Water (feat. Justin Bieber & MØ)	Major Lazer	167665	nan	55	15	re-enter
193	6PGoSes0D9eUDeeAafB2As	LOVE. FEAT. ZACARI.	Kendrick Lamar	166803	nan	46	22	re-enter
194	1yxgsra98r3qAtxqiGZPiX	BUTTERFLY EFFECT	Travis Scott	165791	183	47	56	-11
195	1vxw6aYJls2oq3gW0DujAo	Crazy	Gnarls Barkley	165701	191	49	143	-4
196	7129iqBafaphfc3WPCGC0L	7 Years	Lukas Graham	164619	nan	31	91	re-enter
197	1x5sYLZiu9r5E43kMlt9f8	Symphony (feat. Zara Larsson)	Clean Bandit	164102	192	57	4	-5
198	0as7lPxkBPctZ7uVmchRNM	Miss You (with Major Lazer & Tory Lanez)	Cashmere Cat	164052	96	12	51	-102
199	11bD1JtSjlIgKgZG2134DZ	Chasing Cars	Snow Patrol	163553	nan	2	199	re-enter
200	4pbLMXPtU8ruMCMPmQNY4q	Chameleon	PNAU	162560	nan	20	99	re-enter
