position	song_id	song_name	artist	streams	last_week_position	weeks_on_chart	peak_position	position_status
1	6ocbgoVGwYJhOv1GgI9NsF	7 rings	Ariana Grande	1593466	1	4	1	0
2	4kV4N9D1iKVxx1KLvtTpjS	break up with your girlfriend, i'm bored	Ariana Grande	1526205	2	4	2	0
3	6MWtB6iiXyIwun0YzU6DFP	Wow.	Post Malone	1458767	3	11	2	0
4	7dbka99KTWke5o9hRp0JoB	Sunflower - Spider-Man: Into the Spider-Verse	Post Malone	1458317	4	2	4	0
5	0rTV5WefWd1J3OwIheTzxM	Talk	Khalid	1397746	6	4	5	1
6	2VxeLyX666F8uXCJ0dZF8B	Shallow	Lady Gaga	1204746	7	22	5	1
7	4NzMOnvSJVNKF7nw5NkXIP	bury a friend	Billie Eilish	1160191	5	6	2	-2
8	4y3OI86AEP6PQoDE6olYhO	Sucker	Jonas Brothers	1136436	nan	1	8	new
9	6Qs4SXO9dwPj5GKvVOv8Ki	Dancing With A Stranger (with Normani)	Sam Smith	1132665	9	8	5	0
10	5p7ujcrUXASCNwRaWNHR1C	Without Me	Halsey	1091326	8	22	1	-2
11	25sgk305KZfyuqVBQIahim	Sweet but Psycho	Ava Max	974456	10	23	4	-1
12	7COXchtUOMd6uIT6HvmRaI	i'm so tired...	Lauv	973213	19	6	12	7
13	1tNJrcVe6gwLEiZCtprs1u	3 Nights	Dominic Fike	971665	16	10	13	3
14	11cDEev79fPKi6uJCjUhu8	Who Do You Love	The Chainsmokers	929264	13	4	13	-1
15	2BkyYZmU4JuWW2sYi9EzpC	7 Minutes	Dean Lewis	929224	18	7	14	3
16	3e9HZxeyfWwjeyPAMmWSSQ	thank u, next	Ariana Grande	923811	12	4	6	-4
17	7FGq80cy8juXBCD2nrqdWU	Eastside (with Halsey & Khalid)	benny blanco	894678	15	13	4	-2
18	2dpaYNEQHiRxtZbfNsse99	Happier	Marshmello	892465	14	29	2	-4
19	2JvzF1RMd7lE3KmFlsyZD8	MIDDLE CHILD	J. Cole	867316	20	6	11	1
20	26gEW3DUEK0n8n5fvnYrPE	Leave Me Lonely	Hilltop Hoods	835311	11	2	11	-9
21	0TBFJanfWaByPIi3f7RR82	Waiting	KIAN	823844	17	14	13	-4
22	44ShclXTOOnYtt5CnCDeGV	Robbery	Juice WRLD	791411	48	3	22	26
23	2xLMifQCjDGFmkHkpNLD9h	SICKO MODE	Travis Scott	781508	21	31	7	-2
24	0PG9fbaaHFHfre2gUVo7AN	Please Me	Cardi B	752444	24	3	22	0
25	4mGdjNMo0RonTlOEb7cYg4	11 Minutes (with Halsey feat. Travis Barker)	YUNGBLUD	712169	22	3	22	-3
26	3EPXxR3ImUwfayaurPi3cm	Be Alright	Dean Lewis	709377	23	36	1	-3
27	7eBqSVxrzQZtK2mmgRG6lC	Murder On My Mind	YNW Melly	686583	51	3	27	24
28	6zeeWid2sgw4lap2jV61PZ	Better	Khalid	685226	25	19	6	-3
29	3oh6SCCeLuXhFpEyepla6G	Thotiana	Blueface	663144	27	5	23	-2
30	5itOtNx0WxtJmi1TQ3RuRd	Giant (with Rag'n'Bone Man)	Calvin Harris	657743	36	8	14	6
31	2IRZnDFmlqMuOrYOLnZZyc	Going Bad (feat. Drake)	Meek Mill	652686	30	14	28	-1
32	2iUXsYOEPhVqEBwsqP70rE	Youngblood	5 Seconds of Summer	648380	31	38	1	-1
33	14JzyD6FlBD5z0wV5P07YI	when the party's over	Billie Eilish	645231	33	21	2	0
34	70TEuKwiK0bd5phEQkbvT4	Soaked	Bene	640740	29	13	29	-5
35	7K7MUBCnzgBAvMVW2RTWNs	Body (feat. brando)	Loud Luxury	638970	32	31	12	-3
36	3Ol2xnObFdKV9pmRD2t9x8	Look Back at It	A Boogie Wit da Hoodie	628016	28	10	28	-8
37	4ofwffwvvnbSkrMSCKQDaC	Shotgun	George Ezra	624552	26	33	3	-11
38	7to68V64Cu6zk0UDo5tyw3	Confidence	Ocean Alley	618982	35	18	10	-3
39	27rdGxbavYJeBphck5MZAF	Nothing Breaks Like a Heart (feat. Miley Cyrus)	Mark Ronson	609656	34	14	5	-5
40	7dt6x5M1jzdTEt8oCbisTK	Better Now	Post Malone	589336	38	45	1	-2
41	4txc3txsIt81diMzGhrVPS	wish you were gay	Billie Eilish	581823	nan	1	41	new
42	7tFiyTwD0nx5a1eklYtX2J	Bohemian Rhapsody - 2011 Mix	Queen	556667	45	21	24	3
43	1NJcg626wLln4pGHpiV7mf	lovely	Billie Eilish	554846	44	13	36	1
44	63cd4JkwGgYJrbOizbfmsp	Pure Water (with Migos)	Mustard	548581	43	7	43	-1
45	5JEx7HbmvHQQswJCsoo9rA	Close To Me (with Diplo) (feat. Swae Lee)	Ellie Goulding	541544	42	19	15	-3
46	2RSHsoi04658QL5xgQVov3	Bad Liar	Imagine Dragons	530880	40	17	14	-6
47	6ZRuF2n1CQxyxxAAWsKJOy	Nights Like This (feat. Ty Dolla $ign)	Kehlani	529671	41	2	41	-6
48	1WSGTYKLEpKfNQYYW5Oymt	I Can’t Get Enough (benny blanco, Selena Gomez, J Balvin, Tainy)	benny blanco	521600	nan	1	48	new
49	5WHTFyqSii0lmT9R21abT8	Don't Call Me Up	Mabel	511389	49	4	49	0
50	2XWjPtKdi5sucFYtVav07d	365	Zedd	507739	37	3	37	-13
51	3qLBz3j26AHO2jBYUQWLA6	Woke Up Late (feat. Hailee Steinfeld)	Drax Project	478387	86	3	51	35
52	3id2EVGKc3eFAMn9nFnB0r	Love Someone	Lukas Graham	477200	39	19	26	-13
53	2t8yVaLvJ0RenpXUIAC52d	a lot	21 Savage	463257	46	11	44	-7
54	5kfNriitmkNE8mUbZ7gbq8	Saturday Nights	Khalid	456120	58	18	19	4
55	7DHApOHsIFo7EyfieArYGE	Walk Me Home	P!nk	449144	65	2	55	10
56	0E9ZjEAyAwOXZ7wJC0PD33	In My Mind	Dynoro	446471	50	33	8	-6
57	0FZ4Dmg8jJJAPJnvBIzD9z	ZEZE (feat. Travis Scott & Offset)	Kodak Black	445092	53	12	20	-4
58	0i0wnv9UoFdZ5MfuFGQzMy	Last Hurrah	Bebe Rexha	436147	122	2	58	64
59	2BgEsaKNfHUdlh97KmvFyo	2002	Anne-Marie	435976	54	30	20	-5
60	1wJRveJZLSb1rjhnUHQiv6	Swervin (feat. 6ix9ine)	A Boogie Wit da Hoodie	429142	73	5	60	13
61	1rqqCSm0Qe4I9rUvWncaom	High Hopes	Panic! At The Disco	416084	60	37	9	-1
62	1xzBco0xcoJEDXktl7Jxrr	Mo Bamba	Sheck Wes	414365	56	22	19	-6
63	285pBltuF7vW8TeWk8hdRR	Lucid Dreams	Juice WRLD	414233	67	13	33	4
64	5IaHrVsrferBYDm0bDyABy	Taste (feat. Offset)	Tyga	407674	66	42	5	2
65	05mAIVLkIWc2d1UBYZBCp8	1999	Charli XCX	405408	62	22	13	-3
66	5Fla3zyOCcIRqrDoKLU0DP	Let You Love Me	Rita Ora	403078	63	15	15	-3
67	6UTmrvq4nRmx1iQ6iMd1FD	Almost (Sweet Music)	Hozier	402315	nan	1	67	new
68	0e7ipj03S05BNilyu5bRzt	rockstar (feat. 21 Savage)	Post Malone	400511	70	45	11	2
69	1JkrD47SDpAbyvqKtolcea	Thotiana (feat. Cardi B, YG) [Remix]	Blueface	394283	138	2	69	69
70	75ZvA4QfFiZvzhj2xkaWAh	I Fall Apart	Post Malone	392982	71	76	1	1
71	5tAa8Uaqr4VvA3693mbIhU	Ruin My Life	Zara Larsson	388677	52	20	20	-19
72	2qxmye6gAegTMjLKEBoR3d	Let Me Down Slowly	Alec Benjamin	387884	74	7	72	2
73	5N5k9nd479b1xpDZ4usjrg	Promises (with Sam Smith)	Calvin Harris	379697	64	29	5	-9
74	7fa9MBXhVfQ8P8Df9OEbD8	Girls Like You (feat. Cardi B)	Maroon 5	374560	69	38	3	-5
75	79esEXlqqmq0GPz0xQSZTV	Lost In Japan	Shawn Mendes	373764	68	9	55	-7
76	3ee8Jmje8o58CHK66QrVC2	SAD!	XXXTENTACION	368240	72	51	3	-4
77	3swc6WTsr7rl9DqQKQA55C	Psycho (feat. Ty Dolla $ign)	Post Malone	365980	76	45	1	-1
78	2hloaUoRonYssMuqLCBLTX	bloodline	Ariana Grande	359263	47	4	9	-31
79	2rbDhOo9Fh61Bbu23T2qCk	Always Remember Us This Way	Lady Gaga	352764	75	20	34	-4
80	39LmTF9RgyakzSYX8txrow	imagine	Ariana Grande	346014	55	4	21	-25
81	5T8EDUDqKcs6OSOwEsfqG7	Don't Stop Me Now - 2011 Mix	Queen	344884	80	18	58	-1
82	2P91MQbaiQOfbiz9VqhqKQ	I Like Me Better	Lauv	341083	85	40	64	3
83	4x0pNOZ5r6kJMjsvsoliBm	Groceries	Mallrat	337850	78	31	55	-5
84	6DCZcSspjsKoFjzjrWoCdn	God's Plan	Drake	335121	81	33	29	-3
85	4SPu0Ql902hTVXkBoNIYtq	NASA	Ariana Grande	335026	57	4	12	-28
86	5vdp5UmvTsnMEMESIF2Ym7	Another One Bites The Dust - Remastered 2011	Queen	334305	83	18	47	-3
87	1TEL6MlSSVLSdhOSddidlJ	needy	Ariana Grande	333940	59	4	11	-28
88	78QR3Wp35dqAhFEc2qAGjE	Drip Too Hard (Lil Baby & Gunna)	Lil Baby	331456	79	22	53	-9
89	2uIX8YMNjGMD7441kqyyNU	ocean eyes	Billie Eilish	323449	89	30	65	0
90	3KLygy1YWhmrQx0GRs7IOx	Rise	Jonas Blue	320077	88	17	32	-2
91	51NFxnQvaosfDDutk0tams	bellyache	Billie Eilish	318809	93	27	64	2
92	2G7V7zsVDxg1yRsu7Ew9RJ	In My Feelings	Drake	318339	98	33	1	6
93	4OxyYXWVqfqkLIwzffmbLS	Nobody's Home	Mallrat	318315	82	2	82	-11
94	4JWQC6gyYoPRnxRxk0ta2M	Peer Pressure (feat. Julia Michaels)	James Bay	317292	97	2	94	3
95	7m9OqQk4RVRkw9JJdeAw96	Jocelyn Flores	XXXTENTACION	316038	92	80	7	-3
96	1ThmUihH9dF8EV08ku5AXN	Faucet Failure	Ski Mask The Slump God	316032	117	9	96	21
97	5uCax9HTNlzGybIStD3vDh	Say You Won't Let Go	James Arthur	315635	99	114	8	2
98	4S8d14HvHb70ImctNgVzQQ	I Love It (& Lil Pump)	Kanye West	314209	84	26	1	-14
99	7oK9VyNzrYvRFo7nQEYkWN	Mr. Brightside	The Killers	311615	100	114	54	1
100	6GzApXoBQiiAjak3tOQfV3	Lie To Me (feat. Julia Michaels)	5 Seconds of Summer	311301	96	8	51	-4
101	1GLM0M9DA62xZsyp2UNq7i	Sugar	Peking Duk	307866	94	7	59	-7
102	0JP9xo3adEtGSdUEISiszL	Moonlight	XXXTENTACION	306642	101	51	11	-1
103	4ZT9FnbFu1PaBfV3itxiqT	I	Lil Skies	303798	nan	1	103	new
104	2qT1uLXPVPzGgFOx4jtEuo	no tears left to cry	Ariana Grande	303648	90	29	22	-14
105	7qiZfU4dY1lWllzX7mPBI3	Shape of You	Ed Sheeran	303397	111	113	1	6
106	4NBTZtAt1F13VvlSKe6KTl	This Feeling	The Chainsmokers	302481	87	12	61	-19
107	40T5GIqQ1CegGm2PTEl8Bu	idontwannabeyouanymore	Billie Eilish	299387	103	13	77	-4
108	7ycWLEP1GsNjVvcjawXz3z	Praise The Lord (Da Shine) (feat. Skepta)	A$AP Rocky	295066	102	41	28	-6
109	0Kay5aNjJKULrS9TbpPZCW	Drink Too Much	G Flip	292029	126	2	109	17
110	3CA9pLiwRIGtUBiMjbZmRw	Nice For What	Drake	291810	112	33	22	2
111	73FebDuELlAEinHw1xWJCZ	I'll Be There	Jess Glynne	286764	95	21	40	-16
112	6VHLa2Ov2NnnekRjLpAgdv	Better Together	Hayden James	286488	115	18	63	3
113	5Z3GHaZ6ec9bsiI5BenrbY	Young Dumb & Broke	Khalid	281402	127	89	2	14
114	5zxJlZh20vaB1TcZAUZ8Pz	Miracle Love	Matt Corby	280747	134	3	114	20
115	0CZ8lquoTX2Dkg7Ak2inwA	1950	King Princess	280713	114	51	14	-1
116	2fuCquhmrzHpu5xcA1ci9x	Under Pressure - Remastered	Queen	279580	120	18	67	4
117	7EQpvVujgytLVY8vKiDHAg	bad idea	Ariana Grande	278600	61	4	17	-56
118	4CnBuBzStNaCMuX6UlA7LB	I Can't Have Nice Things	CXLOE	276516	nan	1	118	new
119	7nGuT0EfqQ1TXcADEKwB6Q	Day Drunk	Morgan Evans	276438	105	21	38	-14
120	09IStsImFySgyp0pIQdqAc	The Middle	Zedd	276016	124	40	13	4
121	5WtfUKzXircvW8l5aaVZWT	What A Time (feat. Niall Horan)	Julia Michaels	275152	140	3	121	19
122	58q2HKrzhC3ozto2nDdN4z	I Like It	Cardi B	273514	136	48	12	14
123	2374M0fQpWi3dLnB54qaLX	Africa	TOTO	273470	128	71	71	5
124	2G1tXoGBaEMJ7FKGnkf6ud	Wake Up in the Sky	Gucci Mane	267928	130	13	91	6
125	7KXjTSCq5nL1LoYtL7XAwS	HUMBLE.	Kendrick Lamar	265543	133	101	1	8
126	7BKLCZ1jbUBVqRi2FVlTVw	Closer	The Chainsmokers	265472	131	114	3	5
127	4c2cdWv3GLKoP12tY0OzZl	Exit Sign	Hilltop Hoods	265161	77	2	77	-50
128	0TlLq3lA83rQOYtrqBqSct	Nonstop	Drake	263733	137	33	27	9
129	14mHfNsSHN0FbLftyjrV9g	Leave Me Alone	Flipp Dinero	263097	119	17	66	-10
130	0jAfdqv18goRTUxm3ilRjb	Startender (feat. Offset and Tyga)	A Boogie Wit da Hoodie	259142	116	10	90	-14
131	4rDbp1vnvEhieiccprPMdI	Somebody To Love - 2011 Mix	Queen	256215	135	6	131	4
132	2GGMabyHXnJmjY6CXhhB2e	Money	Cardi B	255919	121	18	73	-11
133	42fw0rxRO2xbesF6mJfd4Y	Tequila	Dan + Shay	253249	147	4	133	14
134	5UYK9MervBCROg8AHNeEIy	Hear Me Calling	Juice WRLD	252673	nan	1	134	new
135	4e4fqjx0Izh4svvTef1z7e	Meant to Be (feat. Florida Georgia Line)	Bebe Rexha	252091	146	37	54	11
136	7Ay6DFK9fvEEjLoy411wh6	Lose Yourself - Soundtrack Version	Eminem	251990	104	6	104	-32
137	3d9DChrdc6BOeFsbrZ3Is0	Under the Bridge	Red Hot Chili Peppers	251812	150	35	125	13
138	7FjZU7XFs7P9jHI9Z0yRhK	So Close	NOTD	251564	125	17	36	-13
139	60SdxE8apGAxMiRrpbmLY0	Lucky You (feat. Joyner Lucas)	Eminem	249510	107	27	3	-32
140	0tgVpDi06FyKpA1z0VMD4v	Perfect	Ed Sheeran	249492	153	105	7	13
141	5N4erncE7kuUccm7zEmwzk	Electricity (with Dua Lipa)	Silk City	245802	158	26	9	17
142	1cS0TgbR263ey9jn0MwD2s	River (feat. Ed Sheeran)	Eminem	245799	123	36	103	-19
143	3wFLWP0FcIqHK1wb1CPthQ	fake smile	Ariana Grande	245189	91	4	23	-52
144	3E7dfMvvCLUddWissuqMwr	Party In The U.S.A.	Miley Cyrus	245090	186	20	144	42
145	4VUwkH455At9kENOfzTqmF	Beautiful (feat. Camila Cabello)	Bazzi	244643	141	31	17	-4
146	2TIlqbIneP0ZY1O0EzYLlc	Someone You Loved	Lewis Capaldi	244534	155	6	120	9
147	4BiiOzZCrXEzHRLYcYFiD5	Hope	The Chainsmokers	244500	129	12	27	-18
148	0mfCH4nfpshBQR9ueZP5eP	Girls Need Love (with Drake) - Remix	Summer Walker	243068	nan	1	148	new
149	2LskIZrCeLxRvCiGP8gxlh	Arms Around You (feat. Maluma & Swae Lee)	XXXTENTACION	242540	143	19	10	-6
150	5wujBwqG7INdStqGd4tRMX	Armed And Dangerous	Juice WRLD	241972	160	12	144	10
151	1mXVgsBdtIVeCLJnSnmtdV	Too Good At Goodbyes	Sam Smith	241902	156	69	4	5
152	4E2s2lCNKxbWJMwHPMzOfq	Never Ever (feat. Sarah)	The Rubens	241796	149	35	23	-3
153	6tB4XVKceo2307SSWXaO0y	Just Friends	Hayden James	240751	151	33	31	-2
154	2RttW7RAu5nOAfq6YFvApB	Happier	Ed Sheeran	240482	161	104	8	7
155	4pbJqGIASGPr0ZpGpnWkDn	We Will Rock You - Remastered	Queen	238518	159	12	90	4
156	3BZkEOJwKUYRlkLWZB1izC	Fire	Peking Duk	237954	148	43	16	-8
157	4lD7gHKF1e8Y9stQuVezZB	ghostin	Ariana Grande	237854	108	4	28	-49
158	45Egmo7icyopuzJN0oMEdk	Love Lies (with Normani)	Khalid	236361	169	55	3	11
159	7vGuf3Y35N4wmASOKLUVVU	Silence	Marshmello	235530	152	80	3	-7
160	1zB4vmk8tFRmM9UULNzbLB	Thunder	Imagine Dragons	234918	170	33	93	10
161	5w9c2J52mkdntKOmRLeM2m	Con Calma	Daddy Yankee	234128	142	2	142	-19
162	2qXicQG06oT0ijKBznpgQv	Younger	Ruel	231823	171	33	40	9
163	7yq4Qj7cqayVTp3FF9CWbm	Riptide	Vance Joy	230858	168	113	89	5
164	4kWO6O1BUXcZmaxitpVUwp	Jackie Chan	Tiësto	230499	164	42	10	0
165	2sqpbFR2bFI9nyJS5hqax1	Sometimes	Cub Sport	229617	191	3	165	26
166	4w8niZpiMy6qz1mntFA5uM	Taki Taki (with Selena Gomez, Ozuna & Cardi B)	DJ Snake	228571	167	23	11	1
167	5Gu0PDLN4YJeW75PpBSg9p	Let Me Go (with Alesso, Florida Georgia Line & watt)	Hailee Steinfeld	228245	172	36	105	5
168	5tz69p7tJuGPeMGwNTxYuV	1-800-273-8255	Logic	228163	180	95	1	12
169	2hnxrRNzF74mdDzpQZQukQ	There's No Way (feat. Julia Michaels)	Lauv	228069	174	23	21	5
170	6oSmp7qnvAxUXeUKhl67a6	1955	Hilltop Hoods	227589	166	93	65	-4
171	68ZVCePM9IP0MSbcmeZuup	Laps Around The Sun	Ziggy Alberts	226926	154	9	138	-17
172	6PCUP3dWmTjcTtXY02oFdT	Castle on the Hill	Ed Sheeran	225894	183	113	2	11
173	7ef4DlsgrMEH11cDZd32M6	One Kiss (with Dua Lipa)	Calvin Harris	224727	nan	46	6	re-enter
174	7AFASza1mXqntmGtbxXprO	changes	XXXTENTACION	224404	184	50	13	10
175	0pqnGHJpmpxLKifKRmU6WP	Believer	Imagine Dragons	223894	181	32	99	6
176	6ho0GyrWZN3mhi9zVRW7xi	Losing It	FISHER	222426	163	10	48	-13
177	42bbDWZ8WmXTH7PkYAlGLu	Hold My Girl	George Ezra	222041	nan	2	177	re-enter
178	4qKcDkK6siZ7Jp1Jb4m0aL	Look Alive (feat. Drake)	BlocBoy JB	221611	177	55	16	-1
179	3a1lNhkSLSkpJE4MSHpDu9	Congratulations	Post Malone	221565	192	107	15	13
180	4jvjzW7Hm0yK4LvvE0Paz9	Falling Down - Bonus Track	Lil Peep	221052	182	17	18	2
181	1NHlyKgtR4roNylOhidKSv	Girls Have Fun (feat. G-Eazy & Rich The Kid)	Tyga	220380	145	5	102	-36
182	79OEIr4J4FHV0O3KrhaXRb	Splashin	Rich The Kid	218478	175	5	163	-7
183	4xkOaSrkexMciUUogZKVTS	'Till I Collapse	Eminem	217851	132	6	132	-51
184	5qqabIl2vWzo9ApSC317sa	Wonderwall - Remastered	Oasis	217471	199	101	111	15
185	3GCdLUSnKSMJhs4Tj6CV3s	All The Stars (with SZA)	Kendrick Lamar	216122	176	52	3	-9
186	6vWEAOUSxohKxhp0K1BsxL	Mixed Personalities (feat. Kanye West)	YNW Melly	215593	nan	1	186	new
187	7pMRoGLEJuFM2wl5pt0R99	Legacy (feat. Travis Scott & 21 Savage)	Offset	215008	139	2	139	-48
188	7sO5G9EABYOXQKNPNiE9NR	Ric Flair Drip (& Metro Boomin)	Offset	214856	nan	48	48	re-enter
189	7fE9r2qOJmjgruk3TdW4MD	Knees	Ocean Alley	213427	187	6	72	-2
190	20ZP3Om9DvDazXrNUC7WM2	These Days (feat. Jess Glynne, Macklemore & Dan Caplen)	Rudimental	213002	185	6	144	-5
191	5vlTxb7BP5DWzpw8RgnzxR	Before I Go	Guy Sebastian	211046	109	12	60	-82
192	1XJ93XskwJf7PCyIVLbNBt	Anxiety (with Selena Gomez)	Julia Michaels	210703	110	5	72	-82
193	2YyvWje3cEYyqgYhNUIaBJ	La Di Da	Lennon Stella	210310	nan	8	113	re-enter
194	1rfofaqEpACxVEHIZBJe6W	Havana (feat. Young Thug)	Camila Cabello	209337	nan	59	5	re-enter
195	15fZrZhdK0g1BS9sDeW6sD	Love No More	Loud Luxury	209300	nan	22	82	re-enter
196	6PKxFkewPt55P5ao5tVS5o	Go Bang	PNAU	209135	nan	62	11	re-enter
197	55GiOwtxNajXVbpjjIzMnD	SWISH	Tyga	208869	195	30	35	-2
198	1Slwb6dOYkBlWal1PGtnNg	Thinking out Loud	Ed Sheeran	207735	188	113	68	-10
199	4TWflhgevIGo448fWc6mQq	Red Room	Offset	207713	157	2	157	-42
200	222B3aljXx6fFwKmFjuBED	Woman Like Me (feat. Nicki Minaj)	Little Mix	207597	179	16	39	-21
