position	song_id	song_name	artist	streams	last_week_position	weeks_on_chart	peak_position	position_status
1	1rgnBhdG2JDFTbYkYRZAku	Dance Monkey	Tones And I	1931952	1	23	1	0
2	1ZPWWSwCkxKfqdp4H0RFCo	ROXANNE	Arizona Zervas	1807256	12	3	2	10
3	21jGcNKet2qwijlDFuPiPb	Circles	Post Malone	1631273	2	9	2	-1
4	2tnVG71enUj33Ic2nFN6kZ	Ride It	Regard	1500710	3	10	3	-1
5	2b8fOow8UzyDFAE27YhOZM	Memories	Maroon 5	1453514	5	8	5	0
6	6WrI0LAC5M1Rw2MnX2ZvEg	Don't Start Now	Dua Lipa	1443361	7	2	6	1
7	7aiClxsDWFRQ0Kzk5KI5ku	hot girl bummer	blackbear	1365546	6	11	4	-1
8	1HfMVBKM75vxSfsQ5VefZ5	Lose You To Love Me	Selena Gomez	1341657	4	4	2	-4
9	2wrJq5XKLnmhRXHIAf9xBa	10,000 Hours (with Justin Bieber)	Dan + Shay	1191912	8	6	4	-1
10	3eekarcy7kvN4yt5ZFzltW	HIGHEST IN THE ROOM	Travis Scott	1157679	9	6	3	-1
11	2zoNNEAyPK2OGDfajardlY	Rushing Back	Flume	1072568	16	7	11	5
12	7qEHsqek33rTcFNT9PFqLf	Someone You Loved	Lewis Capaldi	1023893	11	26	4	-1
13	4vUmTMuQqjdnvlZmAH61Qk	South of the Border (feat. Camila Cabello & Cardi B)	Ed Sheeran	976334	13	18	10	0
14	2grAr8pWMuLWn8ZYEE9wDV	Never Seen the Rain	Tones And I	961002	14	17	14	0
15	1iQDltZqI7BXnHrFy4Qo1k	Trampoline (with ZAYN)	SHAED	923920	15	7	15	0
16	7CHi4DtfK4heMlQaudCuHK	Lose Control	MEDUZA	900195	19	4	16	3
17	4hPpVbbakQNv8YTHYaOJP4	One Thing Right	Marshmello	887027	17	21	6	0
18	2QpGZOhTCHHiKmpSO9FW4h	Follow God	Kanye West	866480	10	3	5	-8
19	07Oz5StQ7GRoygNLaXs2pd	Good as Hell (feat. Ariana Grande) - Remix	Lizzo	851244	20	3	19	1
20	2plLJpUcYPFrl1sW2pMG63	Lights Up	Harry Styles	800361	18	5	8	-2
21	70eFcWOvlMObDhURTqT4Fv	Beautiful People (feat. Khalid)	Ed Sheeran	798824	21	18	2	0
22	6v3KW9xbzN5yKLt9YKDYA2	Señorita	Shawn Mendes	776609	22	16	2	0
23	5DqdesEfbRyOlSS3Tf6c29	It's You	Ali Gatie	759628	nan	1	23	new
24	6V9fHiv84WlVTg7CSnIVY2	Graveyard	Halsey	740626	24	9	13	0
25	1DFD5Fotzgn6yYXkYsKiGs	Piece Of Your Heart	MEDUZA	733579	25	28	7	0
26	26wLOs3ZuHJa2Ihhx6QIE6	Teeth	5 Seconds of Summer	690139	28	12	8	2
27	7LzouaWGFCy4tkXDOOnEyM	Liar	Camila Cabello	684168	27	10	22	0
28	6b2RcmUt1g9N9mQ3CbjX2Y	How Do You Sleep?	Sam Smith	681248	23	17	5	-5
29	2Fxmhks0bxGSBdJ92vM42m	bad guy	Billie Eilish	678359	29	33	1	0
30	0hVXuCcriWRGvwMV1r5Yn9	I Don't Care (with Justin Bieber)	Ed Sheeran	671156	31	18	3	1
31	2KKijf6Ett4kmVNJze2roh	The Git Up	Blanco Brown	645374	32	5	23	1
32	0RiRZpuVRbi7oqRdSMwhQY	Sunflower - Spider-Man: Into the Spider-Verse	Post Malone	639658	34	9	16	2
33	5tZWtGT65sMrDVPB5H444n	Castles	Freya Ridings	628919	37	9	33	4
34	0rIAC4PXANcKmitJfoqmVm	Motivation	Normani	623686	33	13	23	-1
35	0gCNs3jCCDhObAK0MRghtv	Catching Feelings (feat. SIX60)	Drax Project	621211	39	7	35	4
36	0Z26mbSHJ1dkUu7g9DDgif	Trigger	Major Lazer	603012	35	3	35	-1
37	5qmq61DAAOUaW8AUo8xKhh	Truth Hurts	Lizzo	587586	36	28	16	-1
38	20JtELGPfOAMq7FpUt8eSM	Yellow Hearts	Ant Saunders	586985	183	2	38	145
39	1cL3ucXzG2hj3XOUPIWdvZ	Feelings	Lauv	564701	nan	1	39	new
40	6Gg1gjgKi2AK4e0qzsR7sd	Bandit (with YoungBoy Never Broke Again)	Juice WRLD	558606	40	6	37	0
41	1000nHvUdawXuUHgBod4Wv	Panini	Lil Nas X	547391	30	9	21	-11
42	4fwo6czG5nvOQMzhOto1ya	Lonely (with Jonas Brothers)	Diplo	546956	42	7	36	0
43	4yI3HpbSFSgFZtJP2kDe5m	Look At Her Now	Selena Gomez	535900	38	3	31	-5
44	44ADyYoY5liaRa3EOAl4uf	Slide Away	Miley Cyrus	533183	45	13	13	1
45	5aUSEPNd3m5xliFK4pn5mU	Good Thing (with Kehlani)	Zedd	531409	47	6	45	2
46	0DiDStADDVh3SvAsoJAFMk	Only Human	Jonas Brothers	529599	48	23	30	2
47	7FGq80cy8juXBCD2nrqdWU	Eastside (with Halsey & Khalid)	benny blanco	527425	44	49	4	-3
48	6vBdBCoOhKHiYDDOcorfNo	Goodbyes (Feat. Young Thug)	Post Malone	516654	43	19	3	-5
49	5a6pdCHlWS2ekOOQ70QnAr	July	Noah Cyrus	504342	51	4	49	2
50	1lOe9qE0vR9zwWQAOk6CoO	Ransom	Lil Tecca	495184	46	6	30	-4
51	314ZkcV7oLWG8yWE7LABvH	Make It Right (feat. Lauv)	BTS	458493	49	4	49	-2
52	6oJ6le65B3SEqPwMRNXWjY	Higher Love	Kygo	442244	55	20	29	3
53	4a6q8CR2hzLk2plDkSxkfD	I.F.L.Y.	Bazzi	434266	53	14	27	0
54	6XHVuErjQ4XNm6nDPVCxVX	No Guidance (feat. Drake)	Chris Brown	427090	52	20	8	-2
55	36orMWv2PgvnzXsd5CJ0yL	Post Malone (feat. RANI)	Sam Feldt	422649	63	13	55	8
56	51Fjme0JiitpyXKuyQiCDo	Lalala	Y2K	421545	50	20	9	-6
57	0aZMdAA6pg0IdH1r9MF5sT	Misunderstood	Youngn Lipz	419215	77	4	57	20
58	7pWK1kMgHy5lNNiIfuRbkP	Used To Love (with Dean Lewis)	Martin Garrix	403704	138	2	58	80
59	4sjiIpEv617LDXaidKioOI	223's (feat. 9lokknine)	YNW Melly	396886	59	8	45	0
60	2YpeDb67231RjR0MgVLzsG	Old Town Road - Remix	Lil Nas X	388826	57	16	13	-3
61	2VxeLyX666F8uXCJ0dZF8B	Shallow	Lady Gaga	387711	66	58	5	5
62	2iUXsYOEPhVqEBwsqP70rE	Youngblood	5 Seconds of Summer	385507	67	74	1	5
63	46D0hYb1B7qiU33VtXt21W	Easy	Camila Cabello	382681	54	5	54	-9
64	4wopYJ5wpYOM6ogm2Jugnw	fuck, i'm lonely (with Anne-Marie) - from “13 Reasons Why: Season 3”	Lauv	378412	nan	1	64	new
65	2bT1PH7Cw3J9p3t7nlXCdh	If I Can't Have You	Shawn Mendes	374037	58	16	22	-7
66	56AMYGJzxBO6p8v0wEe9de	Hot (Remix) [feat. Gunna and Travis Scott]	Young Thug	370175	70	2	66	4
67	3cphb8kdsjElYR7r5icK3H	Nice To Meet Ya	Niall Horan	368724	61	5	57	-6
68	63VyEdzMM3w4ZQ1WtARa2S	Takeaway (feat. Lennon Stella)	The Chainsmokers	365938	nan	1	68	new
69	7iHHxY2NLlJRAmlAmC4ahQ	Stuck In A Dream (feat. Gunna)	Lil Mosey	363821	nan	1	69	new
70	3Yh9lZcWyKrK9GjbhuS0hR	Good as Hell	Lizzo	362402	60	13	10	-10
71	4Of7rzpRpV1mWRbhp5rAqG	Bruises	Lewis Capaldi	361931	68	20	68	-3
72	5qrSlOut2rNAWv3ubArkNy	Be Alright	Dean Lewis	360809	72	28	40	0
73	5ry2OE6R2zPQFDO85XkgRb	Money In The Grave (Drake ft. Rick Ross)	Drake	356045	71	22	5	-2
74	22vgEDb5hykfaTwLuskFGD	Sucker	Jonas Brothers	355052	74	23	8	0
75	1tNJrcVe6gwLEiZCtprs1u	3 Nights	Dominic Fike	349128	76	46	4	1
76	6kls8cSlUyHW2BUOkDJIZE	Hate Me (with Juice WRLD)	Ellie Goulding	346103	69	13	69	-7
77	1VJwtWR6z7SpZRwipI12be	Candy	Doja Cat	345532	nan	1	77	new
78	7CZyCXKG6d5ALeq41sLzbw	Take What You Want (feat. Ozzy Osbourne & Travis Scott)	Post Malone	336445	73	9	37	-5
79	1dGr1c8CrMLDpV6mPbImSI	Lover	Taylor Swift	334499	81	12	3	2
80	0vHmuAr3iAuGBAqMmraa05	Johnny Run Away	Tones And I	332642	75	23	16	-5
81	5uCax9HTNlzGybIStD3vDh	Say You Won't Let Go	James Arthur	327841	83	150	8	2
82	7d8GetOsjbxYnlo6Y9e5Kw	Mr. Brightside	The Killers	326861	82	12	73	0
83	2dpaYNEQHiRxtZbfNsse99	Happier	Marshmello	325441	78	65	2	-5
84	7vJS1DPc3FzBtqBs8n3mW5	Bad To You (with Normani & Nicki Minaj)	Ariana Grande	322942	56	2	56	-28
85	4etKC4ngPKsQDHUMnYgV3A	Down Like That (feat. Rick Ross, Lil Baby & S-X)	KSI	319967	nan	1	85	new
86	6TqXcAFInzjp0bODyvrWEq	Talk (feat. Disclosure)	Khalid	317554	84	32	4	-2
87	6zeeWid2sgw4lap2jV61PZ	Better	Khalid	316563	86	55	6	-1
88	59zWQR2wQnSlkG4xTTwY9d	Choir	Guy Sebastian	312039	80	23	13	-8
89	2xLMifQCjDGFmkHkpNLD9h	SICKO MODE	Travis Scott	310314	87	67	7	-2
90	7xQAfvXzm3AkraOtGPWIZg	Wow.	Post Malone	305499	88	9	47	-2
91	5p7ujcrUXASCNwRaWNHR1C	Without Me	Halsey	303187	92	58	1	1
92	2P91MQbaiQOfbiz9VqhqKQ	I Like Me Better	Lauv	299549	94	76	64	2
93	0Ryd8975WihbObpp5cPW1t	boyfriend (with Social House)	Ariana Grande	298724	85	15	5	-8
94	2JK8HVAU1Jyd8BWNMGc76A	Ben 10	ONEFOUR	298227	nan	1	94	new
95	2WKAty6EEiV8Lt8dAnRAdy	Engineers	Hp Boyz	293315	90	13	70	-5
96	4DnKssL3N9jv5aox9Xsavc	Find an Island	BENEE	291767	102	4	96	6
97	3f9Mzvd3URfbbIJBX4pz9Z	Phone Numbers	Dominic Fike	289899	98	10	67	1
98	285pBltuF7vW8TeWk8hdRR	Lucid Dreams	Juice WRLD	289715	97	49	33	-1
99	7to68V64Cu6zk0UDo5tyw3	Confidence	Ocean Alley	287684	106	54	10	7
100	6RRNNciQGZEXnqk8SQ9yv5	You Need To Calm Down	Taylor Swift	287308	96	12	20	-4
101	2BgEsaKNfHUdlh97KmvFyo	2002	Anne-Marie	282055	100	66	20	-1
102	0u2P5u6lvoDfwTYjAADbn4	lovely (with Khalid)	Billie Eilish	280730	104	60	5	2
103	75ZvA4QfFiZvzhj2xkaWAh	I Fall Apart	Post Malone	280138	105	112	1	2
104	24KD18eYQQQWaSW9Von1vA	Real Thing	Ruel	278886	112	9	53	8
105	6muOWhMh7Tf0UFUtMDBhUR	Orphans	Coldplay	277739	89	3	89	-16
106	3ZCTVFBt2Brf31RLEnCkWJ	everything i wanted	Billie Eilish	276965	nan	1	106	new
107	43zdsphuZLzwA9k4DJhU0I	when the party's over	Billie Eilish	276914	110	33	6	3
108	5nCthAh3jt4xKuLJAifAaR	Harleys In Hawaii	Katy Perry	276715	62	4	38	-46
109	6cy3ki60hLwimwIje7tALf	RITMO (Bad Boys For Life)	Black Eyed Peas	276647	156	2	109	47
110	6ocbgoVGwYJhOv1GgI9NsF	7 rings	Ariana Grande	275799	109	40	1	-1
111	0e7ipj03S05BNilyu5bRzt	rockstar (feat. 21 Savage)	Post Malone	274826	113	81	11	2
112	5PYQUBXc7NYeI1obMKSJK0	Never Really Over	Katy Perry	273810	103	24	7	-9
113	3E7dfMvvCLUddWissuqMwr	Party In The U.S.A.	Miley Cyrus	272302	114	56	104	1
114	3s4mrPrEFFPF0LmAfutW0n	The London (feat. J. Cole & Travis Scott)	Young Thug	271964	101	13	47	-13
115	587Cj6WZ9NTCfYhpmVkGID	Spot the Difference	ONEFOUR	271664	120	22	83	5
116	4u7EnebtmKWzUH433cf5Qv	Bohemian Rhapsody - 2011 Mix	Queen	270991	121	34	53	5
117	0Exfrf3nRw9SXpls2n8KFB	Ladz in the Hood	ONEFOUR	270122	117	11	49	0
118	0TMGV2zMZXOILVtQLtkI3G	What Am I	Why Don't We	267397	107	6	107	-11
119	1YlulsUKDduOmC7WxvXYPW	Painkiller	Ruel	266313	122	9	50	3
120	2374M0fQpWi3dLnB54qaLX	Africa	TOTO	265358	118	107	71	-2
121	4ofwffwvvnbSkrMSCKQDaC	Shotgun	George Ezra	265106	119	69	3	-2
122	6Nle9hKrkL1wQpwNfEkxjh	Chanel	Frank Ocean	263433	116	7	90	-6
123	7qiZfU4dY1lWllzX7mPBI3	Shape of You	Ed Sheeran	262207	128	149	1	5
124	7f5trao56t7sB7f14QDTmp	Juicy	Doja Cat	261627	nan	1	124	new
125	7dt6x5M1jzdTEt8oCbisTK	Better Now	Post Malone	260575	125	81	1	0
126	6K4t31amVTZDgR3sKmwUJJ	The Less I Know The Better	Tame Impala	259273	129	21	126	3
127	7x9nXsowok1JszkVztI5NI	Writing on the Wall (feat. Post Malone & Cardi B)	French Montana	258995	95	7	40	-32
128	1wJRveJZLSb1rjhnUHQiv6	Swervin (feat. 6ix9ine)	A Boogie Wit da Hoodie	258832	123	41	28	-5
129	6Qs4SXO9dwPj5GKvVOv8Ki	Dancing With A Stranger (with Normani)	Sam Smith	256577	124	44	5	-5
130	7K7MUBCnzgBAvMVW2RTWNs	Body (feat. brando)	Loud Luxury	256045	132	67	12	2
131	6zegtH6XXd2PDPLvy1Y0n2	Don’t Call Me Angel (Charlie’s Angels) (with Miley Cyrus & Lana Del Rey)	Ariana Grande	254822	91	2	91	-40
132	3giOJy1zsagI2miM669sh8	IYKYK (They Know Who)	Hooligan Hefs	254519	111	8	102	-21
133	2toVe5hfuIi97ytDPDbQFt	Taste (feat. Offset)	Tyga	250736	134	23	70	1
134	2JvzF1RMd7lE3KmFlsyZD8	MIDDLE CHILD	J. Cole	246751	136	42	11	2
135	3e9HZxeyfWwjeyPAMmWSSQ	thank u, next	Ariana Grande	246599	135	40	6	0
136	0mjAU3yKR1QnXnHtjGJqTM	Rescue Me	OneRepublic	243535	140	26	15	4
137	4wuCQX7JvAZLlrcmH4AeZF	Cross Me (feat. Chance the Rapper & PnB Rock)	Ed Sheeran	242209	126	18	8	-11
138	3XV2EL4JquJ7BEA4Tyi8Gl	Bad N Bouj	Hp Boyz	241599	133	8	88	-5
139	0Rx0DJI556Ix5gBny6EWmn	Paradise	Bazzi	241011	143	14	69	4
140	2kJwzbxV2ppxnQoYw4GLBZ	If the World Was Ending - feat. Julia Michaels	JP Saxe	240538	nan	1	140	new
141	5icOoE6VgqFKohjWWNp0Ac	Here With Me	Marshmello	240201	144	36	8	3
142	6Z4vonpOado2slZz4XFf0P	No Effect	Hooligan Hefs	239780	141	18	126	-1
143	4bHsxqR3GMrXTxEPLuK5ue	Don't Stop Believin'	Journey	239222	145	37	123	2
144	2BOqDYLOJBiMOXShCV1neZ	Dancing On My Own	Calum Scott	238170	149	28	138	5
145	6IJTc8xo6XasOU8fpxMU57	Call You Mine (feat. Bebe Rexha)	The Chainsmokers	237289	nan	1	145	new
146	0ofHAoxe9vBkTCp2UQIavz	Dreams - 2004 Remaster	Fleetwood Mac	236627	148	73	113	2
147	25sgk305KZfyuqVBQIahim	Sweet but Psycho	Ava Max	235729	146	59	4	-1
148	2Rk4JlNc2TPmZe2af99d45	ME! (feat. Brendon Urie of Panic! At The Disco)	Taylor Swift	235356	151	12	38	3
149	7yq4Qj7cqayVTp3FF9CWbm	Riptide	Vance Joy	233889	150	149	89	1
150	6N1EjQjnvhOjFrF6oUmGPa	Summer Of '69	Bryan Adams	231769	152	37	142	2
151	4S4Mfvv03M1cHgIOJcbUCL	In My Room	Frank Ocean	231401	154	2	151	3
152	7BKLCZ1jbUBVqRi2FVlTVw	Closer	The Chainsmokers	228179	160	150	3	8
153	4HlFJV71xXKIGcU3kRyttv	Hey, Soul Sister	Train	227741	157	33	129	4
154	5qqabIl2vWzo9ApSC317sa	Wonderwall - Remastered	Oasis	227471	164	137	111	10
155	6y1UtRcHQU07aUs3oxZ8Yn	Sorry	Joel Corry	226684	169	2	155	14
156	0tgVpDi06FyKpA1z0VMD4v	Perfect	Ed Sheeran	226642	158	141	7	2
157	2IRZnDFmlqMuOrYOLnZZyc	Going Bad (feat. Drake)	Meek Mill	223582	161	50	28	4
158	5Z3GHaZ6ec9bsiI5BenrbY	Young Dumb & Broke	Khalid	222875	173	125	2	15
159	2TVxnKdb3tqe1nhQWwwZCO	Tiny Dancer	Elton John	220914	174	27	89	15
160	4c2cdWv3GLKoP12tY0OzZl	Exit Sign	Hilltop Hoods	220298	167	38	24	7
161	7m9OqQk4RVRkw9JJdeAw96	Jocelyn Flores	XXXTENTACION	219883	166	116	7	5
162	4e4fqjx0Izh4svvTef1z7e	Meant to Be (feat. Florida Georgia Line)	Bebe Rexha	219760	165	73	54	3
163	4sWuPniHClkInYAnzXAYUF	Camelot	NLE Choppa	218295	159	8	124	-4
164	1rqqCSm0Qe4I9rUvWncaom	High Hopes	Panic! At The Disco	218133	170	73	9	6
165	5FfZ40feVmKy7AAcVMTgaG	Then What	Illy	217965	115	21	35	-50
166	5kfNriitmkNE8mUbZ7gbq8	Saturday Nights	Khalid	217161	181	54	19	15
167	02c4wpeXlXxT7Cekkz3kP3	Lean On Me	Illy	216925	177	6	114	10
168	79esEXlqqmq0GPz0xQSZTV	Lost In Japan	Shawn Mendes	216557	131	45	55	-37
169	5A3fPy30SN2wuzrahpcxvV	"Don't Give Up On Me - (From ""Five Feet Apart"")"	Andy Grammer	216439	171	16	47	2
170	6gBFPUFcJLzWGx4lenP6h2	goosebumps	Travis Scott	214576	178	91	65	8
171	07GvNcU1WdyZJq3XxP0kZa	Go Your Own Way - 2004 Remaster	Fleetwood Mac	214525	172	20	139	1
172	5FdKpk7MwtByxRsCzc1HLY	The Message	ONEFOUR	214305	194	17	123	22
173	51wFQM8W0YfXTmHusXUr5i	MAMACITA	Tyga	213741	153	3	153	-20
174	4oPWkP9zQ5ANBbfdHGOvKF	Woke Up Late (feat. Hailee Steinfeld)	Drax Project	213234	185	6	137	11
175	4o6BgsqLIBViaGVbx5rbRk	You Make My Dreams	Daryl Hall & John Oates	213193	184	24	124	9
176	3gdewACMIVMEWVbyb8O9sY	Rocket Man (I Think It's Going To Be A Long, Long Time)	Elton John	213002	176	25	88	0
177	0pqnGHJpmpxLKifKRmU6WP	Believer	Imagine Dragons	212784	186	67	99	9
178	5T8EDUDqKcs6OSOwEsfqG7	Don't Stop Me Now - 2011 Mix	Queen	212432	180	54	58	2
179	44ZJ4hLD5onikKsVLQaILr	Vossi Bop	Stormzy	211816	179	29	28	0
180	6DCZcSspjsKoFjzjrWoCdn	God's Plan	Drake	211753	187	69	29	7
181	7eBqSVxrzQZtK2mmgRG6lC	Murder On My Mind	YNW Melly	211505	182	32	25	1
182	7KXjTSCq5nL1LoYtL7XAwS	HUMBLE.	Kendrick Lamar	209644	192	137	1	10
183	3x0iSm223jC2fMgT3QCn6g	Bounce	Samantha Jade	209624	190	2	183	7
184	05mDaV9Vb3wrzjF6OPZnhq	Saint-Tropez	Post Malone	209218	155	9	12	-29
185	6hLkeOMrhZ2CMLBp2of576	Wanted	OneRepublic	208892	189	10	66	4
186	0Xek5rqai2jcOWCYWJfVCF	Enemies (feat. DaBaby)	Post Malone	208860	162	9	35	-24
187	3RzcoFkZ0AOp2nH71jP504	Beer Never Broke My Heart	Luke Combs	206931	nan	1	187	new
188	0frIZMaQwtdV4Ee8nhB1te	Khe Sanh - 2011 Remastered	Cold Chisel	206729	188	10	153	0
189	4e0FYxSROat25pH16zMTZI	Love Me	Lil Tecca	205389	168	6	133	-21
190	7fa9MBXhVfQ8P8Df9OEbD8	Girls Like You (feat. Cardi B)	Maroon 5	205183	196	74	3	6
191	6WiGRFQfx2qw49MA7OeDYK	Purple Hat	Sofi Tukker	204597	nan	1	191	new
192	1zB4vmk8tFRmM9UULNzbLB	Thunder	Imagine Dragons	204444	195	67	93	3
193	3U4isOIWM3VvDubwSI3y7a	All of Me	John Legend	203448	nan	4	193	re-enter
194	7w87IxuO7BDcJ3YUqCyMTT	Pumped Up Kicks	Foster The People	202778	200	50	134	6
195	3ee8Jmje8o58CHK66QrVC2	SAD!	XXXTENTACION	202749	198	86	3	3
196	3S0OXQeoh0w6AY8WQVckRW	I'm Yours	Jason Mraz	201827	nan	92	87	re-enter
197	0c7K73roy6RW4ebDkf4yGh	VALENTINO	24kGoldn	200363	nan	1	197	new
198	09IStsImFySgyp0pIQdqAc	The Middle	Zedd	200164	nan	74	13	re-enter
199	47BBI51FKFwOMlIiX6m8ya	I Want It That Way	Backstreet Boys	198817	nan	26	145	re-enter
200	52okn5MNA47tk87PeZJLEL	Let You Down	NF	198409	nan	48	89	re-enter
