position	song_id	song_name	artist	streams	last_week_position	weeks_on_chart	peak_position	position_status
1	5CtI0qwDJkDQGwXD1H1cLb	Despacito - Remix	Luis Fonsi	2306157	1	8	1	0
2	72Q0FQQo32KJloivv5xge2	I'm the One	DJ Khaled	1424392	2	2	2	0
3	7KXjTSCq5nL1LoYtL7XAwS	HUMBLE.	Kendrick Lamar	1270612	3	10	1	0
4	1F2HXIJrE2Xn81OzT2zZvW	Unforgettable	French Montana	1222647	4	9	4	0
5	2eMwDehkIC1j68U6FA3Eiq	XO TOUR Llif3	Lil Uzi Vert	1048118	5	11	5	0
6	7qiZfU4dY1lWllzX7mPBI3	Shape of You	Ed Sheeran	851098	6	22	1	0
7	4iLqG9SeJSnt0cSPICSjxv	Attention	Charlie Puth	790855	11	7	7	4
8	3rOSwuTsUlJp0Pu0MkN8r8	Mask Off	Future	786745	7	16	3	-1
9	6EpRaXYhGOB3fj4V2uDkMJ	Strip That Down	Liam Payne	767720	17	3	9	8
10	0dA2Mk56wEzDgegdC6R17g	Stay (with Alessia Cara)	Zedd	758424	8	15	6	-2
11	3a1lNhkSLSkpJE4MSHpDu9	Congratulations	Post Malone	741702	18	20	11	7
12	79cuOz3SPQTuFrp8WgftAu	There's Nothing Holdin' Me Back	Shawn Mendes	735969	10	7	10	-2
13	2habSXqcJGExM6JJyskY7O	Malibu	Miley Cyrus	718479	9	4	7	-4
14	6kex4EBAj0WHXDKZMEJaaF	Swalla (feat. Nicki Minaj & Ty Dolla $ign)	Jason Derulo	667502	20	15	14	6
15	7hDc8b7IXETo14hHIHdnhd	Passionfruit	Drake	667161	14	12	1	-1
16	6HZILIRieu8S0iqY8kIKhj	DNA.	Kendrick Lamar	666995	15	8	2	-1
17	7i2DJ88J7jQ8K7zqFX2fW8	Now Or Never	Halsey	660979	nan	1	17	new
18	167NczpNbRF7oWakJaY3Hh	Slow Hands	Niall Horan	653938	21	5	18	3
19	1sCxVKWImDZSZKvG0U9B23	Bad Liar	Selena Gomez	652141	16	3	9	-3
20	6gpcs5eMhJwax4mIfKDYQk	Slide (feat. Frank Ocean & Migos)	Calvin Harris	650581	19	2	19	-1
21	0KKkJNfGyhkQ5aFogxQAPU	That's What I Like	Bruno Mars	631070	12	23	8	-9
22	6jA8HL9i4QGzsj6fjoxp8Y	There for You	Martin Garrix	616588	28	2	22	6
23	3eR23VReFzcdmS7TYCrhCe	It Ain't Me (with Selena Gomez)	Kygo	600265	13	16	2	-10
24	3Ytr1SUCUi6J3L9dRFx5iH	Know No Better (feat. Travis Scott, Camila Cabello & Quavo)	Major Lazer	574326	nan	1	24	new
25	6RUKPb4LETWmmr3iAEQktW	Something Just Like This	The Chainsmokers	573754	23	16	2	-2
26	1x5sYLZiu9r5E43kMlt9f8	Symphony (feat. Zara Larsson)	Clean Bandit	558220	31	12	22	5
27	56lBX2WHqfGuoeZxZvUnVj	Thunder	Imagine Dragons	548036	24	2	24	-3
28	6VRghJeP6I0w1KxkdWFfIh	Believer	Imagine Dragons	540722	32	2	28	4
29	5tz69p7tJuGPeMGwNTxYuV	1-800-273-8255	Logic	539746	27	6	18	-2
30	2Gl0FzuLxflY6nPifJp5Dr	First Time	Kygo	535074	29	6	19	-1
31	3FDrI0FLKzrYQiWxPhqV2W	Rollin (feat. Future & Khalid)	Calvin Harris	532733	26	2	26	-5
32	4aWmUDTfIPGksMNLV2rQP2	Despacito (Featuring Daddy Yankee)	Luis Fonsi	530207	22	20	22	-10
33	3kxfsdsCpFgN412fpnW85Y	Redbone	Childish Gambino	529165	50	23	33	17
34	1louJpMmzEicAn7lzDalPW	No Promises (feat. Demi Lovato)	Cheat Codes	518919	33	10	33	-1
35	2EEeOnHehOozLq4aS0n6SL	iSpy (feat. Lil Yachty)	KYLE	516792	34	23	9	-1
36	51PIvodunv6NmX5250zxAh	The Cure	Lady Gaga	504626	36	8	27	0
37	152lZdxL1OR0ZMW6KquMif	Location	Khalid	484964	39	18	29	2
38	1SJtlNRJDeYHioymcvsqev	Crying in the Club	Camila Cabello	481242	38	3	38	0
39	4xlrALxuaCf9yZBHJeTSG6	Mama	Jonas Blue	475629	44	5	39	5
40	2bjwRfXMk4uRgOD9IBYl9h	Portland	Drake	474787	37	12	4	-3
41	5Ohxk2dO5COHF1krpoPigN	Sign of the Times	Harry Styles	472129	35	9	14	-6
42	1NDxZ7cFAo481dtYWdrUnR	Pretty Girl - Cheat Codes X CADE Remix	Maggie Lindemann	468267	42	9	40	0
43	7DQXiMeLqiQsy1uqHSk0xc	Reminding Me	Shawn Hook	460206	47	2	43	4
44	1sXUWdKx03aP9Gmzft58rt	Issues	Julia Michaels	453718	25	21	11	-19
45	2mfUa8bLs2s5N4VaqJZ4lZ	Most Girls	Hailee Steinfeld	441552	40	6	38	-5
46	6UjfByV1lDLW0SOVQA4NAi	Gyalchester	Drake	440246	41	12	6	-5
47	7mldq42yDuxiUNn08nvzHO	Body Like A Back Road	Sam Hunt	436626	45	18	31	-2
48	3wfWvMo4Kq12qVR5AAEBdD	Gucci Store	Madalen Duke	421370	70	2	48	22
49	3VRk65lHSwqd90TAkQqhvB	Swish Swish	Katy Perry	414707	43	2	43	-6
50	6DB2KOEwHnjkgEnBt5SdeJ	Mask Off - Remix	Future	389375	53	2	50	3
51	3LnOF5n1GOs01siYZXzS3p	Drowning (feat. Kodak Black)	A Boogie Wit da Hoodie	373294	54	2	51	3
52	4Q3N4Ct4zCuIHuZ65E3BD4	Tunnel Vision	Kodak Black	369780	46	16	18	-6
53	7LEydI5NfjY6mZfKwYIptZ	Down	Fifth Harmony	366992	nan	1	53	new
54	3pC1ILr9KzmQLMe8Kn5QBG	To the Max	DJ Khaled	363711	nan	1	54	new
55	6gBFPUFcJLzWGx4lenP6h2	goosebumps	Travis Scott	357010	63	23	55	8
56	6SwRhMLwNqEi6alNPVG00n	LOYALTY. FEAT. RIHANNA.	Kendrick Lamar	354968	49	8	3	-7
57	1e1JKLEDKP7hEQzJfNAgPl	Magnolia	Playboi Carti	347678	84	6	57	27
58	7KOlJ92bu51cltsD9KU5I7	T-Shirt	Migos	344297	58	21	10	0
59	0SGkqnVQo9KPytSri1H6cF	Bounce Back	Big Sean	343666	57	23	7	-2
60	6XOYVSmNDjKUNMXooU4s4z	No Vacancy	OneRepublic	342301	56	6	54	-4
61	5uCax9HTNlzGybIStD3vDh	Say You Won't Let Go	James Arthur	331505	55	23	6	-6
62	4Km5HrUvYTaSUfiSGPJeQR	Bad and Boujee (feat. Lil Uzi Vert)	Migos	328668	61	23	3	-1
63	6PGoSes0D9eUDeeAafB2As	LOVE. FEAT. ZACARI.	Kendrick Lamar	325894	59	8	8	-4
64	3QWjljChcOMkRDYSzF33Qr	Whippin (feat. Felix Snow)	Kiiara	317475	65	8	49	1
65	4c2W3VKsOFoIg2SFaO6DY5	Your Song	Rita Ora	315162	95	2	65	30
66	2Ce5IyMlVRVvN997ZJjJJA	Selfish (feat. Rihanna)	Future	314928	60	15	30	-6
67	4ARPvK8DHLwt4oX65ZAFMw	Look At Me!	XXXTENTACION	312672	66	14	52	-1
68	0fg8CqpjdojMyXLNzM2PaJ	Run Up (feat. PARTYNEXTDOOR & Nicki Minaj)	Major Lazer	311592	52	19	15	-16
69	6mapJIPnQ23RTAevUoE0DL	Swang	Rae Sremmurd	310144	69	23	45	0
70	0afhq8XCExXpqazXczTSve	Galway Girl	Ed Sheeran	307939	62	14	4	-8
71	72jbDTw1piOOj770jWNeaG	Paris	The Chainsmokers	307310	51	21	2	-20
72	5knuzwU65gJK7IF5yJsuaW	Rockabye (feat. Sean Paul & Anne-Marie)	Clean Bandit	306904	68	23	5	-4
73	6p8NuHm8uCGnn2Dtbtf7zE	Slippery (feat. Gucci Mane)	Migos	305438	74	19	57	1
74	4Q5yMlwAfAoitqg4r9oZHN	Quit (feat. Ariana Grande)	Cashmere Cat	303343	64	6	53	-10
75	5aAx2yezTd8zXrkmtKl66Z	Starboy	The Weeknd	293673	71	23	1	-4
76	7BKLCZ1jbUBVqRi2FVlTVw	Closer	The Chainsmokers	292898	75	23	3	-1
77	3ebXMykcMXOcLeJ9xZ17XH	Scared to Be Lonely	Martin Garrix	289644	48	19	7	-29
78	7y9iMe8SOB6z3NoHE2OfXl	Bad At Love	Halsey	285260	nan	1	78	new
79	1yxgsra98r3qAtxqiGZPiX	BUTTERFLY EFFECT	Travis Scott	282256	80	3	79	1
80	78rIJddV4X0HkNAInEcYde	Call On Me - Ryan Riback Extended Remix	Starley	279091	76	23	10	-4
81	4r4PJQBHAE0bIKCjunhTgd	4 AM	2 Chainz	272628	nan	1	81	new
82	3NdDpSvN911VPGivFlV5d0	"I Don’t Wanna Live Forever (Fifty Shades Darker) - From ""Fifty Shades Darker (Original Motion Picture Soundtrack)"""	ZAYN	270610	77	23	2	-5
83	343YBumqHu19cGoGARUTsd	Fake Love	Drake	269668	79	23	2	-4
84	4q8PHoRsPUB52LFylX8Ulz	More Than You Know	Axwell /\ Ingrosso	267855	nan	1	84	new
85	1xznGGDReH1oQq0xzbwXa3	One Dance	Drake	264329	85	23	12	0
86	1wjzFQodRWrPcQ0AnYnvQ9	I Like Me Better	Lauv	262739	141	2	86	55
87	6CUBgX8bXC5YQCkdgRHqyg	do re mi	blackbear	262410	87	2	87	0
88	6mORGLOz79w6VsCRLWYYuK	The Night We Met	Lord Huron	260663	72	9	56	-16
89	5GXAXm5YOmYT0kL5jHvYBt	I Feel It Coming	The Weeknd	260315	78	23	8	-11
90	11EDhDAVDtGPoSar6ootYA	Strangers	Halsey	255340	nan	1	90	new
91	1Eck97uRMlprKOOJN9oO1E	Good Life (with G-Eazy & Kehlani)	G-Eazy	249645	86	10	55	-5
92	76Y0gxtTxN0FyDCYh5qYQj	Get Right Witcha	Migos	245710	91	19	51	-1
93	2XlHu0HcujBCkWMdIAvrqt	Blem	Drake	240898	88	12	3	-5
94	5GG3knKdxKWrNboRijxeKF	Run Me Dry	Bryson Tiller	240573	67	2	67	-27
95	0ZExP2I5Ej92PsnG4G1jVG	Uh Huh	Julia Michaels	231538	nan	1	95	new
96	59J5nzL1KniFHnU120dQzt	wokeuplikethis*	Playboi Carti	230838	94	7	91	-2
97	508hbpTQ7wclT2JDpKBUSV	Perfect Places	Lorde	229553	nan	1	97	new
98	2XaInsPPUkZRkY4uFJ3AHK	Met Gala (feat. Offset)	Gucci Mane	228304	90	2	90	-8
99	6PCUP3dWmTjcTtXY02oFdT	Castle on the Hill	Ed Sheeran	226140	100	22	2	1
100	1EaKU4dMbesXXd3BrLCtYG	ELEMENT.	Kendrick Lamar	223771	89	8	6	-11
101	37F0uwRSrdzkBiuj0D5UHI	Reminder	The Weeknd	223041	97	23	40	-4
102	4izg6Hydc6XGErWW6nbdsV	Whatever It Takes	Imagine Dragons	220417	82	2	82	-20
103	0pSBuHjILhNEo55xK1zrRt	Rolex	Ayo & Teo	219699	101	18	55	-2
104	5q5gzmbBS5yQzos2BvVr1t	Nights With You	MØ	219028	99	7	97	-5
105	20dP2DaMHIAmwWAbp7peSr	pick up the phone	Young Thug	209867	105	23	65	0
106	5hfpu8saHLGedbHRtNCYjm	Trap Paris (feat. Quavo & Ty Dolla $ign)	Machine Gun Kelly	208214	104	7	94	-2
107	0iQTYM2f0ZO6nAPIWq0olW	Low Battery	PARTYNEXTDOOR	205372	nan	1	107	new
108	1p5B1jJk75RAblZCTnzUTU	It's A Vibe	2 Chainz	204537	120	2	108	12
109	6fwdbPMwP1zVStm8FybmkO	X (feat. Future)	21 Savage	201172	107	23	39	-2
110	0wfbD5rAksdXUzRvMfM3x5	The One	The Chainsmokers	198762	83	10	16	-27
111	7zxRMhXxJMQCeDDg0rKAVo	Some Way	NAV	197396	109	16	27	-2
112	5NNlUMcOEOdoOIwwaWXv0k	Cold	Maroon 5	196341	93	16	14	-19
113	7cGFbx7MP0H23iHZTZpqMM	Everybody	Logic	195128	98	10	57	-15
114	000xQL6tZNLJzIrtIgxqSl	Still Got Time	ZAYN	193433	81	11	28	-33
115	7nKBxz47S9SD79N086fuhn	SUBEME LA RADIO	Enrique Iglesias	192842	112	7	104	-3
116	1qOLh0tI7trd1zdDKxYZTe	Starving	Hailee Steinfeld	192039	111	23	18	-5
117	7yyRTcZmCiyzzJlNzGC9Ol	Broccoli (feat. Lil Yachty)	DRAM	191514	114	23	23	-3
118	0QsvXIfqM0zZoerQfsI9lm	Don't Let Me Down	The Chainsmokers	190678	115	23	42	-3
119	0v9Wz8o0BT8DU38R4ddjeH	No Problem (feat. Lil Wayne & 2 Chainz)	Chance the Rapper	190122	108	23	63	-11
120	42NpUvd0I2kdIuMXX4nobE	Remember I Told You	Nick Jonas	188507	102	2	102	-18
121	5qbcsZMwL0x46sX7VO37Ye	Up	NAV	187885	125	10	104	4
122	042x9bsUBWW2fJgJ6fUh61	Not Going Home	DVBBS	187217	103	23	33	-19
123	2pq9pe4fR25v736ZXa8IRn	Wild One	Lucky Rose	185952	127	11	108	4
124	0B8QzDH7YWih85V5SEMnyJ	Money Longer	Lil Uzi Vert	185730	118	23	111	-6
125	6HUnnBwYZqcED1eQztxMBN	Solo Dance	Martin Jensen	183633	119	23	29	-6
126	6xHI9KjUjYT0FPtGO8Mxa1	Hurricane	Luke Combs	183040	nan	4	126	re-enter
127	7rfiXyFb5M9BqdkvKvVEiB	My Love (feat. Major Lazer, WizKid, Dua Lipa)	Wale	183021	121	6	99	-6
128	2rUwQj4SWaP2anuGDtNpYR	Self-Made	Bryson Tiller	183001	73	2	73	-55
129	6eT7xZZlB2mwyzJ2sUKG6w	White Iverson	Post Malone	182525	126	23	123	-3
130	4F7A0DXBrmUAkp32uenhZt	Party Monster	The Weeknd	182316	106	23	24	-24
131	5uDASfU19gDxSjW8cnCaBp	Chill Bill (feat. J. Davi$ & Spooks)	Rob $tone	177851	130	23	42	-1
132	6kl1qtQXQsFiIWRBK24Cfp	RAF	A$AP Mob	175278	155	2	132	23
133	5yuShbu70mtHXY0yLzCQLQ	Go Flex	Post Malone	173283	142	14	133	9
134	6n3HGiq4v35D6eFOSwqYuo	Teenage Fever	Drake	172708	129	12	12	-5
135	4pdPtRcBmOSQDlJ3Fk945m	Let Me Love You	DJ Snake	171770	133	23	6	-2
136	6CfrYuD3YRDYdYvH9jNtXY	No Long Talk	Drake	170620	124	12	7	-12
137	3mRcWCyteY2133a7xVMrYw	Comin Out Strong (feat. The Weeknd)	Future	169628	143	15	38	6
138	1YWd9BzGWXhFBRvDCdg1Th	Selfish	Virginia To Vegas	167446	135	6	135	-3
139	17Fd6Yb7mSbinKG8LoWfFl	I Took A Pill In Ibiza - Seeb Remix	Mike Posner	165900	134	23	50	-5
140	4pLwZjInHj3SimIyN9SnOz	Side To Side	Ariana Grande	165516	150	23	19	10
141	6fujklziTHa8uoM5OQSfIo	Black Beatles	Rae Sremmurd	163922	137	23	7	-4
142	7qs2GAglLWfxEfmO8u2u0A	High Without Your Love	Loote	163472	136	4	126	-6
143	6Pw3Gvw4wNMZfTYZa6IQal	The Way I Are (Dance with Somebody) (feat. Lil Wayne) - Spotify Version	Bebe Rexha	163111	nan	1	143	new
144	0BU7nIcCZxYSE0hYcc5oZz	Too Many Years	Kodak Black	162933	149	22	108	5
145	05nbZ1xxVNwUTcGwLbp7CN	Myself	NAV	160449	151	10	107	6
146	0tgVpDi06FyKpA1z0VMD4v	Perfect	Ed Sheeran	160162	144	14	8	-2
147	6DNtNfH8hXkqOX1sjqmI7p	Cold Water (feat. Justin Bieber & MØ)	Major Lazer	160061	164	23	22	17
148	14oOKFGuXu8DqvOe1W8vao	Bon Appétit	Katy Perry	158258	113	2	113	-35
149	0qYTZCo5Bwh1nsUFGZP3zn	Felices los 4	Maluma	156713	165	4	149	16
150	5GFDrUTLGJix84sNhjCG0g	Caroline	Aminé	156353	152	23	20	2
151	5OOkp4U9P9oL23maHFHL1h	Panda	Desiigner	156317	162	23	61	11
152	5ndfVSDyPq90jaIUhNPeby	Chained To The Rhythm	Katy Perry	156158	139	2	139	-13
153	2f9LSU0aBW04w6KL26DW8r	Come Closer	WizKid	155747	158	10	80	5
154	6b8Be6ljOzmkOmFslEb23P	24K Magic	Bruno Mars	155575	145	23	16	-9
155	4STaHtfguDMkWbPEo6Fwcx	Not Nice	PARTYNEXTDOOR	154488	159	23	85	4
156	2jfCy43LsFbCQoB6HyetlY	Let Me Love You	SJUR	154094	147	20	74	-9
157	7EiZI6JVHllARrX9PUvAdX	Low Life (feat. The Weeknd)	Future	153716	154	23	72	-3
158	5YYjsDIxJKpVgNLkPpBmRA	Up	Desiigner	153371	167	9	135	9
159	62vpWI1CHwFy7tMIcSStl8	No Role Modelz	J. Cole	151957	166	23	86	7
160	3A2OHirUAlQp2x73BJlEDA	Perfect Pint (feat. Kendrick Lamar, Gucci Mane & Rae Sremmurd)	Mike WiLL Made-It	151127	nan	2	160	re-enter
161	2wf9bp4MkChojtljddWpbO	PRBLMS	6LACK	148918	172	15	144	11
162	2WQn7Yvs728KZmmY6tgWqH	Eyes Closed	Halsey	148915	nan	4	99	re-enter
163	4tCtwWceOPWzenK2HAIJSb	Work from Home (feat. Ty Dolla $ign)	Fifth Harmony	148839	173	23	62	10
164	1WC5UN1U79gJlxGLYDGIO7	Green Light	Lorde	148595	128	2	128	-36
165	2ekn2ttSfGqwhhate0LSR0	New Rules	Dua Lipa	147784	nan	1	165	new
166	0dvu4Irbq0SM5BWny30rRR	Disrespectful	GASHI	147238	nan	1	166	new
167	5kRPPEWFJIMox5qIkQkiz5	Sweet Creature	Harry Styles	146864	116	5	63	-51
168	6zLdXcmvIxnAXpz9sXFnIE	Craving You	Thomas Rhett	146798	nan	1	168	new
169	0ESJlaM8CE1jRWaNtwSNj8	beibs in the trap	Travis Scott	146608	188	18	136	19
170	6JV2JOEocMgcZxYSZelKcc	"CAN'T STOP THE FEELING! (Original Song from DreamWorks Animation's ""TROLLS"")"	Justin Timberlake	145117	179	23	59	9
171	60xaS8mYBKUW4VQQ666N0T	All Night (feat. Knox Fortune)	Chance the Rapper	144986	148	14	82	-23
172	68EMU2RD1ECNeOeJ5qAXCV	We Don't Talk Anymore	Charlie Puth	144962	189	23	65	17
173	7M16mAuWuFA5rC9HvkXaGx	You Don't Know Me	Jax Jones	144435	nan	1	173	new
174	07Ugv4TA7PvQfoqetnmLrS	Everything Now	Arcade Fire	144356	nan	1	174	new
175	2RttW7RAu5nOAfq6YFvApB	Happier	Ed Sheeran	143911	182	14	11	7
176	1PSBzsahR2AKwLJgx8ehBj	Bad Things (with Camila Cabello)	Machine Gun Kelly	143786	157	23	12	-19
177	04DwTuZ2VBdJCCC5TROn7L	In the Name of Love	Martin Garrix	143582	174	23	15	-3
178	4VFE6ZNqa8jHAmbYICoAFg	God, Your Mama, And Me	Florida Georgia Line	143313	nan	1	178	new
179	2KvHC9z14GSl4YpkNMX384	Do Not Disturb	Drake	143022	168	12	28	-11
180	6F609ICg9Spjrw1epsAnpa	Controlla	Drake	142587	177	23	56	-3
181	3pndPhlQWjuSoXhcIIdBjv	What They Want	Russ	142459	175	23	86	-6
182	6i0V12jOa3mr6uu4WYhUBr	Heathens	Twenty One Pilots	141481	185	23	33	3
183	498ZVInMGDkmmNVpSWqHiZ	May We All	Florida Georgia Line	141268	183	5	183	0
184	5Z01UMMf7V1o0MzF86s6WJ	"Lose Yourself - From ""8 Mile"" Soundtrack"	Eminem	140935	193	23	136	9
185	05KOgYg8PGeJyyWBPi5ja8	Free Smoke	Drake	140899	163	12	5	-22
186	6yr8GiTHWvFfi4o6Q5ebdT	'Till I Collapse	Eminem	140766	197	23	137	11
187	2aksifNn5ph8igDOkPBA02	Love On The Brain	Rihanna	139372	181	23	58	-6
188	4Hf7WnR761jpxPr5D46Bcd	Treat You Better	Shawn Mendes	138899	195	23	41	7
189	27SdWb2rFzO6GWiYDBTD9j	Cheap Thrills	Sia	138751	191	23	46	2
190	7KcGEssn7BnJdTgildK5y0	No Frauds	Nicki Minaj	138556	180	11	31	-10
191	11KJSRSgaDxqydKYiD2Jew	Too Good	Drake	137953	196	23	44	5
192	4TZy1wLyHec06pwgFYDh1a	Mercy	Shawn Mendes	137390	194	23	24	2
193	77mh9ekRRedxpn25cf4p6q	Rendezvous	PARTYNEXTDOOR	137126	nan	1	193	new
194	3GgT5Au03iV45iGfTpzdhu	Whatever You Need (feat. Chris Brown & Ty Dolla $ign)	Meek Mill	137087	nan	1	194	new
195	6fxVffaTuwjgEk5h9QyRjy	Photograph	Ed Sheeran	136873	nan	18	55	re-enter
196	3eZGNBvKkExXp8q5FAyM8y	Champions	Kanye West	136827	nan	1	196	new
197	2XMTqoHHSH0lvuXrvIEdco	Capsize	FRENSHIP	136691	184	23	88	-13
198	6r7zgVLkd8uGKZbvYDuCXJ	La Brea	Cassow	136047	132	2	132	-66
199	3hB5DgAiMAQ4DzYbsMq1IT	Love Yourself	Justin Bieber	135455	nan	15	85	re-enter
200	0prNGof3XqfTvNDxHonvdK	Scars To Your Beautiful	Alessia Cara	133819	nan	18	28	re-enter
