position	song_id	song_name	artist	streams	last_week_position	weeks_on_chart	peak_position	position_status
1	7KXjTSCq5nL1LoYtL7XAwS	HUMBLE.	Kendrick Lamar	2179259	1	3	1	0
2	6HZILIRieu8S0iqY8kIKhj	DNA.	Kendrick Lamar	1605183	nan	1	2	new
3	6SwRhMLwNqEi6alNPVG00n	LOYALTY. FEAT. RIHANNA.	Kendrick Lamar	1235622	nan	1	3	new
4	7qiZfU4dY1lWllzX7mPBI3	Shape of You	Ed Sheeran	1225314	2	15	1	-2
5	3rOSwuTsUlJp0Pu0MkN8r8	Mask Off	Future	1167933	3	9	3	-2
6	1EaKU4dMbesXXd3BrLCtYG	ELEMENT.	Kendrick Lamar	1159897	nan	1	6	new
7	7hDc8b7IXETo14hHIHdnhd	Passionfruit	Drake	1077098	4	5	1	-3
8	6PGoSes0D9eUDeeAafB2As	LOVE. FEAT. ZACARI.	Kendrick Lamar	973640	nan	1	8	new
9	3eR23VReFzcdmS7TYCrhCe	It Ain't Me (with Selena Gomez)	Kygo	922070	6	9	2	-3
10	4BHSjbYylfOH5WAGusDyni	YAH.	Kendrick Lamar	888094	nan	1	10	new
11	6RUKPb4LETWmmr3iAEQktW	Something Just Like This	The Chainsmokers	887699	5	9	2	-6
12	2LTlO3NuNVN70lp2ZbVswF	FEEL.	Kendrick Lamar	870728	nan	1	12	new
13	0dA2Mk56wEzDgegdC6R17g	Stay (with Alessia Cara)	Zedd	847313	7	8	6	-6
14	4iYRa2btalAzPZoSYfROqF	XXX. FEAT. U2.	Kendrick Lamar	845937	nan	1	14	new
15	0KKkJNfGyhkQ5aFogxQAPU	That's What I Like	Bruno Mars	840852	8	16	8	-7
16	6IZvVAP7VPPnsGX6bvgkqg	PRIDE.	Kendrick Lamar	835784	nan	1	16	new
17	2eMwDehkIC1j68U6FA3Eiq	XO TOUR Llif3	Lil Uzi Vert	803296	10	4	10	-7
18	06FCvd7rrRcF3DdvWH5Isp	LUST.	Kendrick Lamar	768098	nan	1	18	new
19	1n4jwRVXdkK2U34nBDUKKT	BLOOD.	Kendrick Lamar	698373	nan	1	19	new
20	7tr2za8SQg2CI8EDgrdtNl	Slide (feat. Frank Ocean & Migos)	Calvin Harris	672810	12	8	6	-8
21	2bjwRfXMk4uRgOD9IBYl9h	Portland	Drake	657159	11	5	4	-10
22	2EEeOnHehOozLq4aS0n6SL	iSpy (feat. Lil Yachty)	KYLE	647722	15	16	9	-7
23	72jbDTw1piOOj770jWNeaG	Paris	The Chainsmokers	647297	9	14	2	-14
24	23luOrEVHMfoX0AhfbQuS6	FEAR.	Kendrick Lamar	639732	nan	1	24	new
25	1F2HXIJrE2Xn81OzT2zZvW	Unforgettable	French Montana	631244	82	2	25	57
26	1sXUWdKx03aP9Gmzft58rt	Issues	Julia Michaels	616879	17	14	11	-9
27	5p3NP9mQblDsVJLdfNZJ3I	GOD.	Kendrick Lamar	585443	nan	1	27	new
28	0y9uTzK9cNKSAEHnpeRG8C	DUCKWORTH.	Kendrick Lamar	584598	nan	1	28	new
29	5Ohxk2dO5COHF1krpoPigN	Sign of the Times	Harry Styles	584286	14	2	14	-15
30	6kex4EBAj0WHXDKZMEJaaF	Swalla (feat. Nicki Minaj & Ty Dolla $ign)	Jason Derulo	561678	23	8	23	-7
31	0afhq8XCExXpqazXczTSve	Galway Girl	Ed Sheeran	542140	18	7	4	-13
32	0CcQNd8CINkwQfe1RDtGV6	Believer	Imagine Dragons	540162	24	11	18	-8
33	3a1lNhkSLSkpJE4MSHpDu9	Congratulations	Post Malone	538312	25	13	25	-8
34	1x5sYLZiu9r5E43kMlt9f8	Symphony (feat. Zara Larsson)	Clean Bandit	537553	26	5	26	-8
35	78rIJddV4X0HkNAInEcYde	Call On Me - Ryan Riback Extended Remix	Starley	532205	21	16	10	-14
36	2XlHu0HcujBCkWMdIAvrqt	Blem	Drake	527485	13	5	3	-23
37	5NNlUMcOEOdoOIwwaWXv0k	Cold	Maroon 5	519264	22	9	14	-15
38	4Q3N4Ct4zCuIHuZ65E3BD4	Tunnel Vision	Kodak Black	498956	20	9	18	-18
39	0fg8CqpjdojMyXLNzM2PaJ	Run Up (feat. PARTYNEXTDOOR & Nicki Minaj)	Major Lazer	492459	27	12	15	-12
40	7mldq42yDuxiUNn08nvzHO	Body Like A Back Road	Sam Hunt	480034	31	11	31	-9
41	6UjfByV1lDLW0SOVQA4NAi	Gyalchester	Drake	477185	19	5	6	-22
42	152lZdxL1OR0ZMW6KquMif	Location	Khalid	464443	29	11	29	-13
43	0wfbD5rAksdXUzRvMfM3x5	The One	The Chainsmokers	454690	16	3	16	-27
44	3ebXMykcMXOcLeJ9xZ17XH	Scared to Be Lonely	Martin Garrix	448897	32	12	7	-12
45	5uCax9HTNlzGybIStD3vDh	Say You Won't Let Go	James Arthur	442688	34	16	6	-11
46	5knuzwU65gJK7IF5yJsuaW	Rockabye (feat. Sean Paul & Anne-Marie)	Clean Bandit	439767	33	16	5	-13
47	343YBumqHu19cGoGARUTsd	Fake Love	Drake	438294	28	16	2	-19
48	2Ce5IyMlVRVvN997ZJjJJA	Selfish (feat. Rihanna)	Future	430286	30	8	30	-18
49	0SGkqnVQo9KPytSri1H6cF	Bounce Back	Big Sean	416796	38	16	7	-11
50	0Nhu3zSYbEz32IYiobV75e	Now Or Never	Halsey	402435	36	2	36	-14
51	7BKLCZ1jbUBVqRi2FVlTVw	Closer	The Chainsmokers	392858	35	16	3	-16
52	7KOlJ92bu51cltsD9KU5I7	T-Shirt	Migos	386146	43	14	10	-9
53	4Km5HrUvYTaSUfiSGPJeQR	Bad and Boujee (feat. Lil Uzi Vert)	Migos	385390	39	16	3	-14
54	5CtI0qwDJkDQGwXD1H1cLb	Despacito - Remix	Luis Fonsi	383835	nan	1	54	new
55	0gbBzIqrECJOEPvQJIBFs5	Green Light	Lorde	380562	42	7	16	-13
56	000xQL6tZNLJzIrtIgxqSl	Still Got Time	ZAYN	380408	40	4	28	-16
57	6HUnnBwYZqcED1eQztxMBN	Solo Dance	Martin Jensen	379136	50	16	29	-7
58	3NdDpSvN911VPGivFlV5d0	"I Don’t Wanna Live Forever (Fifty Shades Darker) - From ""Fifty Shades Darker (Original Motion Picture Soundtrack)"""	ZAYN	375348	41	16	2	-17
59	5aAx2yezTd8zXrkmtKl66Z	Starboy	The Weeknd	351276	45	16	1	-14
60	5GXAXm5YOmYT0kL5jHvYBt	I Feel It Coming	The Weeknd	350869	48	16	8	-12
61	1louJpMmzEicAn7lzDalPW	No Promises (feat. Demi Lovato)	Cheat Codes	339829	57	3	57	-4
62	4ARPvK8DHLwt4oX65ZAFMw	Look At Me!	XXXTENTACION	328605	52	7	52	-10
63	3E2Zh20GDCR9B1EYjfXWyv	Weak	AJR	322421	55	16	28	-8
64	05KOgYg8PGeJyyWBPi5ja8	Free Smoke	Drake	316034	37	5	5	-27
65	6PCUP3dWmTjcTtXY02oFdT	Castle on the Hill	Ed Sheeran	310679	53	15	2	-12
66	042x9bsUBWW2fJgJ6fUh61	Not Going Home	DVBBS	302952	64	16	33	-2
67	6n3HGiq4v35D6eFOSwqYuo	Teenage Fever	Drake	295612	47	5	12	-20
68	6CfrYuD3YRDYdYvH9jNtXY	No Long Talk	Drake	289362	46	5	7	-22
69	6mapJIPnQ23RTAevUoE0DL	Swang	Rae Sremmurd	288451	58	16	45	-11
70	1Eck97uRMlprKOOJN9oO1E	Good Life (with G-Eazy & Kehlani)	G-Eazy	287976	160	3	70	90
71	00lNx0OcTJrS3MKHcB80HY	You Don't Know Me - Radio Edit	Jax Jones	280815	62	6	62	-9
72	6520aj0B4FSKGVuKNsOCOi	Chained To The Rhythm	Katy Perry	279556	51	10	5	-21
73	6Q2FftbUG530lCtBI74bMH	Drowning (feat. Kodak Black)	A Boogie Wit da Hoodie	278772	77	5	73	4
74	1xznGGDReH1oQq0xzbwXa3	One Dance	Drake	278731	61	16	12	-13
75	51PIvodunv6NmX5250zxAh	The Cure	Lady Gaga	277624	nan	1	75	new
76	0pSBuHjILhNEo55xK1zrRt	Rolex	Ayo & Teo	272606	66	11	55	-10
77	7y6c07pgjZvtHI9kuMVqk1	Get It Together	Drake	264836	54	5	8	-23
78	4aWmUDTfIPGksMNLV2rQP2	Despacito (Featuring Daddy Yankee)	Luis Fonsi	263194	73	13	57	-5
79	0WCEaydwN65cvwaW8aqptF	History	Olivia Holt	249047	89	14	78	10
80	5Ua3GXyHwiSfpNTMjq6m2z	Touch	Little Mix	247346	91	7	80	11
81	5pvVAwQbuFoR7LkcicrKnk	Obsession (feat. Jon Bellion)	Vice	245351	106	4	81	25
82	1yNyoWWWikbLhwIGWjZuDW	All Night	The Vamps	243629	75	16	23	-7
83	5hYTyyh2odQKphUbMqc5gN	"How Far I'll Go - From ""Moana"""	Alessia Cara	242430	65	16	21	-18
84	76gUmNLXGQVOsGhfcshkFP	Madiba Riddim	Drake	241937	59	5	9	-25
85	6gBFPUFcJLzWGx4lenP6h2	goosebumps	Travis Scott	241722	102	16	85	17
86	0tgVpDi06FyKpA1z0VMD4v	Perfect	Ed Sheeran	240987	63	7	8	-23
87	3kxfsdsCpFgN412fpnW85Y	Redbone	Childish Gambino	238834	101	16	57	14
88	2jTujnt0y344ai1rNOywgr	KMT	Drake	231255	60	5	13	-28
89	6mORGLOz79w6VsCRLWYYuK	The Night We Met	Lord Huron	230850	146	2	89	57
90	2RttW7RAu5nOAfq6YFvApB	Happier	Ed Sheeran	230648	69	7	11	-21
91	1NDxZ7cFAo481dtYWdrUnR	Pretty Girl - Cheat Codes X CADE Remix	Maggie Lindemann	227159	127	2	91	36
92	1FUViuNSldssMIawrOXF2i	I Got You	Bebe Rexha	224559	83	16	37	-9
93	3EmmCZoqpWOTY1g2GBwJoR	Just Hold On	Steve Aoki	220975	96	16	16	3
94	3FiE2d325mIOc4YjkSLVJR	Everyday	Ariana Grande	217855	92	8	86	-2
95	7cGFbx7MP0H23iHZTZpqMM	Everybody	Logic	216840	76	3	67	-19
96	3Q3myFA7q4Op95DOpHplaY	do re mi	blackbear	215589	126	2	96	30
97	60xaS8mYBKUW4VQQ666N0T	All Night (feat. Knox Fortune)	Chance the Rapper	213930	87	7	82	-10
98	1pJQAHpD51J7GYaFrrFO9S	Don't Say	The Chainsmokers	211406	44	2	44	-54
99	1lntL1cI2UIWlxjL5QiN8g	The Other	Lauv	209249	103	14	60	4
100	76Y0gxtTxN0FyDCYh5qYQj	Get Right Witcha	Migos	208565	88	12	51	-12
101	5MFzQMkrl1FOOng9tq6R9r	Don't Wanna Know	Maroon 5	207289	94	16	11	-7
102	1qOLh0tI7trd1zdDKxYZTe	Starving	Hailee Steinfeld	206612	107	16	18	5
103	4F7A0DXBrmUAkp32uenhZt	Party Monster	The Weeknd	205243	98	16	24	-5
104	0xl1w2q4VLojeXp4JfazPL	Sacrifices	Drake	203341	68	5	15	-36
105	5PfTI3zrQbZEWcQdycMqJM	Gang Up (with Young Thug, 2 Chainz & Wiz Khalifa feat. PnB Rock)	Young Thug	203304	nan	1	105	new
106	2fkeWbM6iqTw7oGHTYm2lw	4422	Drake	202999	67	5	14	-39
107	2KvHC9z14GSl4YpkNMX384	Do Not Disturb	Drake	202951	72	5	28	-35
108	0v9Wz8o0BT8DU38R4ddjeH	No Problem (feat. Lil Wayne & 2 Chainz)	Chance the Rapper	202604	105	16	63	-3
109	60APt5N2NRaKWf5xzJdzyC	Heatstroke (feat. Young Thug, Pharrell Williams & Ariana Grande)	Calvin Harris	202222	71	3	66	-38
110	7zxRMhXxJMQCeDDg0rKAVo	Some Way	NAV	199933	104	9	27	-6
111	0FuTx2s3YH1ppmtiM6l0zI	September Song	JP Cooper	199472	110	7	104	-1
112	1CnPYaKxTVb4LWOtiGOm0m	All Time Low	Jon Bellion	199049	84	16	14	-28
113	2f9LSU0aBW04w6KL26DW8r	Come Closer	WizKid	197850	80	3	80	-33
114	6fwdbPMwP1zVStm8FybmkO	X (feat. Future)	21 Savage	197094	99	16	39	-15
115	6cPyTS0Kk2sc4xQwC93kOg	Break Up Every Night	The Chainsmokers	197006	49	2	49	-66
116	4pdPtRcBmOSQDlJ3Fk945m	Let Me Love You	DJ Snake	196597	113	16	6	-3
117	0PU6tnyfo19DRCM7g5ISl4	Devotion - SMLE Remix	Coleman Hell	196106	123	7	105	6
118	0QsvXIfqM0zZoerQfsI9lm	Don't Let Me Down	The Chainsmokers	195263	100	16	42	-18
119	51ChrwmUPDJvedPQnIU8Ls	Dive	Ed Sheeran	195196	97	7	9	-22
120	7yyRTcZmCiyzzJlNzGC9Ol	Broccoli (feat. Lil Yachty)	DRAM	192040	118	16	23	-2
121	77lGafvlU68CeHgB2pkHC9	At My Best (feat. Hailee Steinfeld)	Machine Gun Kelly	190634	86	5	65	-35
122	2aksifNn5ph8igDOkPBA02	Love On The Brain	Rihanna	187553	111	16	58	-11
123	5GFDrUTLGJix84sNhjCG0g	Caroline	Aminé	187216	109	16	20	-14
124	37F0uwRSrdzkBiuj0D5UHI	Reminder	The Weeknd	186810	117	16	40	-7
125	5hx4FpDZOnDVYlyoG3rMks	Peek A Boo	Lil Yachty	186494	nan	1	125	new
126	5uDASfU19gDxSjW8cnCaBp	Chill Bill (feat. J. Davi$ & Spooks)	Rob $tone	184973	120	16	42	-6
127	20dP2DaMHIAmwWAbp7peSr	pick up the phone	Young Thug	183276	119	16	65	-8
128	6fujklziTHa8uoM5OQSfIo	Black Beatles	Rae Sremmurd	181974	124	16	7	-4
129	13e6f8t7RKXuxZ0JdaaJRG	Jorja Interlude	Drake	180996	79	5	16	-50
130	3mRcWCyteY2133a7xVMrYw	Comin Out Strong (feat. The Weeknd)	Future	177220	115	8	38	-15
131	4pLwZjInHj3SimIyN9SnOz	Side To Side	Ariana Grande	176935	125	16	19	-6
132	0Fv5N0cHBsl4bzCbollCAS	Moves	Big Sean	176171	131	16	26	-1
133	3QWjljChcOMkRDYSzF33Qr	Whippin (feat. Felix Snow)	Kiiara	176133	nan	1	133	new
134	1KeZgPUr54C8iz3FjqzVoz	Young	The Chainsmokers	175255	81	2	81	-53
135	1vvNmPOiUuyCbgWmtc6yfm	My Way	Calvin Harris	173596	122	16	32	-13
136	7bJ4mu7MHa3rHiNyKjOoSl	Ice Melts	Drake	173441	93	5	32	-43
137	6b8Be6ljOzmkOmFslEb23P	24K Magic	Bruno Mars	172989	130	16	16	-7
138	2jfCy43LsFbCQoB6HyetlY	Let Me Love You	SJUR	172685	141	13	74	3
139	2pq9pe4fR25v736ZXa8IRn	Wild One	Lucky Rose	172232	135	4	126	-4
140	2dqLk7ezV15LEJEwUmEbXB	Down	Marian Hill	171966	121	10	93	-19
141	17Fd6Yb7mSbinKG8LoWfFl	I Took A Pill In Ibiza - Seeb Remix	Mike Posner	171687	139	16	50	-2
142	6DNtNfH8hXkqOX1sjqmI7p	Cold Water (feat. Justin Bieber & MØ)	Major Lazer	170012	136	16	22	-6
143	1PSBzsahR2AKwLJgx8ehBj	Bad Things (with Camila Cabello)	Machine Gun Kelly	165800	132	16	12	-11
144	6i0V12jOa3mr6uu4WYhUBr	Heathens	Twenty One Pilots	165223	143	16	33	-1
145	1zayuwd1YLZsYDArkruHdL	The Heart Part 4	Kendrick Lamar	164630	78	4	21	-67
146	2q0VexHJirnUPnEOhr2DxK	Biking	Frank Ocean	161389	nan	1	146	new
147	04DwTuZ2VBdJCCC5TROn7L	In the Name of Love	Martin Garrix	158923	145	16	15	-2
148	4TZy1wLyHec06pwgFYDh1a	Mercy	Shawn Mendes	158504	144	16	24	-4
149	3pndPhlQWjuSoXhcIIdBjv	What They Want	Russ	158462	137	16	86	-12
150	6JV2JOEocMgcZxYSZelKcc	"CAN'T STOP THE FEELING! (Original Song from DreamWorks Animation's ""TROLLS"")"	Justin Timberlake	158456	158	16	59	8
151	4ZJPwET9Jrgpkqi4Vo3Yg8	Bad Bitch (feat. Ty Dolla $ign)	Bebe Rexha	157848	nan	1	151	new
152	2pJZ1v8HezrAoZ0Fhzby92	What Do I Know?	Ed Sheeran	155168	134	7	13	-18
153	5YYjsDIxJKpVgNLkPpBmRA	Up	Desiigner	154800	142	2	142	-11
154	7EiZI6JVHllARrX9PUvAdX	Low Life (feat. The Weeknd)	Future	154346	149	16	72	-5
155	62vpWI1CHwFy7tMIcSStl8	No Role Modelz	J. Cole	154269	163	16	86	8
156	11KJSRSgaDxqydKYiD2Jew	Too Good	Drake	153779	148	16	44	-8
157	2XMTqoHHSH0lvuXrvIEdco	Capsize	FRENSHIP	153140	156	16	88	-1
158	5OOkp4U9P9oL23maHFHL1h	Panda	Desiigner	152788	157	16	61	-1
159	4ntsD33Pgsgk8rUyZLLiUV	DEVASTATED	Joey Bada$$	152668	116	2	116	-43
160	4Hf7WnR761jpxPr5D46Bcd	Treat You Better	Shawn Mendes	152324	165	16	41	5
161	2dfqS3MRtbLZSZA1IL8xY5	Skepta Interlude	Drake	151698	108	5	21	-53
162	6F609ICg9Spjrw1epsAnpa	Controlla	Drake	151188	147	16	56	-15
163	27SdWb2rFzO6GWiYDBTD9j	Cheap Thrills	Sia	150900	168	16	46	5
164	5f5r2N4Lp9WoULWPH9zp2W	Can't Have Everything	Drake	149015	114	5	25	-50
165	4STaHtfguDMkWbPEo6Fwcx	Not Nice	PARTYNEXTDOOR	148231	150	16	85	-15
166	26AuyrZGzWWiYZPSd3XBIg	Bloodstream	The Chainsmokers	148045	56	2	56	-110
167	39sIYwLYquEkGkmRMPHkH4	Get What You Give	Felix Cartal	147324	155	2	155	-12
168	6eT7xZZlB2mwyzJ2sUKG6w	White Iverson	Post Malone	146902	166	16	123	-2
169	439TlnnznSiBbQbgXiBqAd	m.A.A.d city	Kendrick Lamar	146058	194	3	169	25
170	7BKUWh5sdtdS17crohRe4L	Black SpiderMan	Logic	145414	nan	1	170	new
171	4tCtwWceOPWzenK2HAIJSb	Work from Home (feat. Ty Dolla $ign)	Fifth Harmony	145373	173	16	62	2
172	7xHWNBFm6ObGEQPaUxHuKO	The Greatest (feat. Kendrick Lamar)	Sia	144299	169	16	36	-3
173	1sYSP7gKa5kdKIfhANfori	Lights Down Low	MAX	141058	184	8	160	11
174	3IHZc2GclRu5nJpTqty7MY	Gucci On My (feat. 21 Savage, YG & Migos)	Mike WiLL Made-It	140041	152	7	146	-22
175	5HDPtsnyb3maFmPL8LLUTG	New Man	Ed Sheeran	139589	153	7	16	-22
176	0B8QzDH7YWih85V5SEMnyJ	Money Longer	Lil Uzi Vert	139567	171	16	111	-5
177	68EMU2RD1ECNeOeJ5qAXCV	We Don't Talk Anymore	Charlie Puth	139330	177	16	65	0
178	6p8NuHm8uCGnn2Dtbtf7zE	Slippery (feat. Gucci Mane)	Migos	138971	164	12	57	-14
179	4wdZdkEugVVorAfzqRqC6N	Candy Paint	Post Malone	138491	nan	1	179	new
180	0prNGof3XqfTvNDxHonvdK	Scars To Your Beautiful	Alessia Cara	138278	179	16	28	-1
181	4VuS959DSpr82t3qBqCrWG	Supermarket Flowers	Ed Sheeran	138163	159	7	23	-22
182	0BU7nIcCZxYSE0hYcc5oZz	Too Many Years	Kodak Black	137867	167	15	108	-15
183	1Tt4sE4pXi57mTD1GCzsqm	Needed Me	Rihanna	136916	170	16	70	-13
184	5Z01UMMf7V1o0MzF86s6WJ	"Lose Yourself - From ""8 Mile"" Soundtrack"	Eminem	136299	181	16	136	-3
185	0dKDwt7DP0uH4XyGaVMtVP	Fire In My Soul	Walk Off the Earth	136057	nan	11	123	re-enter
186	7yq4Qj7cqayVTp3FF9CWbm	Riptide	Vance Joy	134766	197	15	178	11
187	13HVjjWUZFaWilh2QUJKsP	Let It Go	James Bay	134714	186	16	121	-1
188	28irpKCCK9nn9DZSik2zEx	Glow	Drake	133927	128	5	24	-60
189	6MbH1QiphMCPTqVEVC7UYi	Nothings Into Somethings	Drake	133721	129	5	26	-60
190	4ckuS4Nj4FZ7i3Def3Br8W	Sneakin’	Drake	133564	161	16	38	-29
191	1Slwb6dOYkBlWal1PGtnNg	Thinking out Loud	Ed Sheeran	133007	190	16	75	-1
192	7gHs73wELdeycvS48JfIos	Faded	Alan Walker	132625	195	16	116	3
193	5tFep7dXGd7vEJ668wTPux	Both (feat. Drake)	Gucci Mane	132501	174	16	71	-19
194	6fxVffaTuwjgEk5h9QyRjy	Photograph	Ed Sheeran	132225	191	16	55	-3
195	6yr8GiTHWvFfi4o6Q5ebdT	'Till I Collapse	Eminem	131936	183	16	137	-12
196	0azC730Exh71aQlOt9Zj3y	This Is What You Came For	Calvin Harris	131684	182	16	57	-14
197	7KcGEssn7BnJdTgildK5y0	No Frauds	Nicki Minaj	131402	133	6	31	-64
198	4dASQiO1Eoo3RJvt74FtXB	Sucker For Pain (with Wiz Khalifa, Imagine Dragons, Logic & Ty Dolla $ign feat. X Ambassadors)	Lil Wayne	130559	188	16	82	-10
199	2wf9bp4MkChojtljddWpbO	PRBLMS	6LACK	130435	175	11	144	-24
200	5hfpu8saHLGedbHRtNCYjm	Trap Paris (feat. Quavo & Ty Dolla $ign)	Machine Gun Kelly	130164	nan	1	200	new
