position	song_id	song_name	artist	streams	last_week_position	weeks_on_chart	peak_position	position_status
1	1OmcAT5Y8eg5bUPv9qJT4R	rockstar	Post Malone	2571196	1	3	1	0
2	5tz69p7tJuGPeMGwNTxYuV	1-800-273-8255	Logic	931528	3	23	2	1
3	3B54sVLJ402zGa6Xm4YGNe	Unforgettable	French Montana	880578	2	13	1	-1
4	0ofbQMrRDsUaVKq2mGLEAb	Havana	Camila Cabello	869649	5	9	4	1
5	2771LMNxwf62FTAdpJMQfM	Bodak Yellow	Cardi B	839209	10	10	5	5
6	0mel2N9Ws9r4yLQn5QE21Y	Too Good At Goodbyes - Edit	Sam Smith	831443	4	4	1	-2
7	2fQrGHiQOvpL9UgPvtYy6G	Bank Account	21 Savage	815889	9	2	7	2
8	1j4kHkkpqZRBwE0A4CN4Yv	Dusk Till Dawn - Radio Edit	ZAYN	806052	7	4	6	-1
9	7vGuf3Y35N4wmASOKLUVVU	Silence	Marshmello	800046	6	8	6	-3
10	7GX5flRQZVHRAGd6B4TmDO	XO Tour Llif3	Lil Uzi Vert	752744	13	6	5	3
11	3m660poUr1chesgkkjQM7P	Sorry Not Sorry	Demi Lovato	721432	nan	1	11	new
12	4mxWSdf71VFO52qFeY0fZt	What Lovers Do (feat. SZA)	Maroon 5	711533	11	5	11	-1
13	2ekn2ttSfGqwhhate0LSR0	New Rules	Dua Lipa	705908	15	18	13	2
14	7m9OqQk4RVRkw9JJdeAw96	Jocelyn Flores	XXXTENTACION	703767	16	6	13	2
15	0CokSRCu5hZgPxcZBaEzVE	Glorious (feat. Skylar Grey)	Macklemore	646591	14	2	14	-1
16	7nZmah2llfvLDiUjm0kiyz	Friends (with BloodPop®)	Justin Bieber	622062	18	7	2	2
17	7KXjTSCq5nL1LoYtL7XAwS	HUMBLE.	Kendrick Lamar	619040	20	27	1	3
18	6uFsE1JgZ20EXyU0JQZbUR	Look What You Made Me Do	Taylor Swift	618479	17	6	1	-1
19	3a1lNhkSLSkpJE4MSHpDu9	Congratulations	Post Malone	611101	22	37	7	3
20	7fwXWKdDNI5IutOMc5OKYw	Mi Gente (feat. Beyoncé)	J Balvin	586483	nan	1	20	new
21	2rb5MvYT7ZIxbKW5hfcHx8	Mi Gente	J Balvin	583354	8	14	3	-13
22	5Z3GHaZ6ec9bsiI5BenrbY	Young Dumb & Broke	Khalid	568495	24	15	22	2
23	1yxgsra98r3qAtxqiGZPiX	BUTTERFLY EFFECT	Travis Scott	565506	27	20	17	4
24	6EpRaXYhGOB3fj4V2uDkMJ	Strip That Down	Liam Payne	548089	21	20	7	-3
25	5CtI0qwDJkDQGwXD1H1cLb	Despacito - Remix	Luis Fonsi	531553	23	25	1	-2
26	4iLqG9SeJSnt0cSPICSjxv	Attention	Charlie Puth	528047	25	24	7	-1
27	0tgVpDi06FyKpA1z0VMD4v	Perfect	Ed Sheeran	522088	51	31	8	24
28	1HTtUBEY3tuw2btgwwI2Ja	I Get The Bag (feat. Migos)	Gucci Mane	511259	33	7	28	5
29	5AEtlRudpgdT5FtNiuly6Y	Let Me Go (with Alesso, Florida Georgia Line & watt)	Hailee Steinfeld	508038	26	3	26	-3
30	5bcTCxgc7xVfSaMV3RuVke	Feels (feat. Pharrell Williams, Katy Perry & Big Sean)	Calvin Harris	505963	19	15	4	-11
31	2eAZfqOm4EnOF9VvN50Tyc	The Way Life Goes (feat. Oh Wonder)	Lil Uzi Vert	503996	37	6	31	6
32	1wjzFQodRWrPcQ0AnYnvQ9	I Like Me Better	Lauv	497882	28	19	24	-4
33	6foxplXS0YEq8cO374Lty4	Gucci Gang	Lil Pump	490073	49	4	33	16
34	0tKcYR2II1VCQWT79i5NrW	Thunder	Imagine Dragons	474513	32	20	15	-2
35	1OAh8uOEOvTDqkKFsKksCi	Wild Thoughts (feat. Rihanna & Bryson Tiller)	DJ Khaled	467364	31	16	2	-4
36	6QgjcU0zLnzq5OrUoSZ3OK	Feel It Still	Portugal. The Man	465993	42	13	36	6
37	1tp1xMJ1uaOktksskS0Fzs	Curve (feat. The Weeknd)	Gucci Mane	462522	34	3	34	-3
38	7F9vK8hNFMml4GtHsaXui6	Back to You (feat. Bebe Rexha & Digital Farm Animals)	Louis Tomlinson	453488	29	11	22	-9
39	5EnYT6F7wEcdege6mDHEfO	Signs	Drake	445671	35	13	5	-4
40	31MkGwj0SWgZaTvEt5Hgxv	What About Us	P!nk	438637	36	8	33	-4
41	7qiZfU4dY1lWllzX7mPBI3	Shape of You	Ed Sheeran	437455	39	39	1	-2
42	7iDa6hUg2VgEL1o1HjmfBn	Meant to Be (feat. Florida Georgia Line)	Bebe Rexha	431389	50	4	42	8
43	6p8NuHm8uCGnn2Dtbtf7zE	Slippery (feat. Gucci Mane)	Migos	424241	47	36	36	4
44	0CcQNd8CINkwQfe1RDtGV6	Believer	Imagine Dragons	422362	44	32	11	0
45	69Naniu2KjKjaQOBUagE8U	Homemade Dynamite (Feat. Khalid, Post Malone & SZA) - REMIX	Lorde	422274	nan	1	45	new
46	19WjVVgXjdKXfLXoaDPwTM	...Ready For It?	Taylor Swift	421479	30	4	11	-16
47	75ZvA4QfFiZvzhj2xkaWAh	I Fall Apart	Post Malone	410556	118	2	47	71
48	167NczpNbRF7oWakJaY3Hh	Slow Hands	Niall Horan	399253	45	22	12	-3
49	2Za1AlJNvksouPPWbXpR2X	Good Old Days (feat. Kesha)	Macklemore	393930	61	2	49	12
50	2OALaHcDdKkjYEpAr0Qzab	Lonely Together (feat. Rita Ora)	Avicii	393450	43	8	34	-7
51	3hRZsdTF5uyGA2uhNqEuhm	Too Much To Ask	Niall Horan	392185	40	3	34	-11
52	6WbADFqMvR8N5u0BvtsWQE	Without You (feat. Sandro Cavazza)	Avicii	387623	38	8	33	-14
53	1WIZiOuNO3woKfdlSK2gNn	Transportin'	Kodak Black	382187	53	6	53	0
54	0Zbbxnx4SGGHoIow4PpISP	Stargazing	Kygo	377745	89	2	54	35
55	3DXncPQOG4VBw3QHh3S817	I'm the One (feat. Justin Bieber, Quavo, Chance the Rapper & Lil Wayne)	DJ Khaled	360807	46	19	1	-9
56	40oKW22ZNNkEdZLJTScaQI	Roll In Peace (feat. XXXTENTACION)	Kodak Black	359804	64	7	56	8
57	6gBFPUFcJLzWGx4lenP6h2	goosebumps	Travis Scott	356790	56	40	54	-1
58	152lZdxL1OR0ZMW6KquMif	Location	Khalid	353601	57	35	29	-1
59	7AQim7LbvFVZJE3O8TYgf2	Fuck Love (feat. Trippie Redd)	XXXTENTACION	351655	48	6	34	-11
60	7mldq42yDuxiUNn08nvzHO	Body Like A Back Road	Sam Hunt	341307	60	35	31	0
61	4xBjsLUSjcx2h7PcRikpQp	OMG	Camila Cabello	336174	54	9	47	-7
62	1f5cbQtDrykjarZVrShaDI	Drowning (feat. Kodak Black)	A Boogie Wit da Hoodie	334349	nan	1	62	new
63	57p8CBvPOxrvyCbn6ttl5r	Would You Ever	Skrillex	326148	52	10	35	-11
64	79cuOz3SPQTuFrp8WgftAu	There's Nothing Holdin' Me Back	Shawn Mendes	320243	62	24	10	-2
65	3kxfsdsCpFgN412fpnW85Y	Redbone	Childish Gambino	316176	68	40	19	3
66	6RUKPb4LETWmmr3iAEQktW	Something Just Like This	The Chainsmokers	313974	69	33	2	3
67	3sbF8yG9zzFftk9xN5PNiq	Skrt Skrt	Tory Lanez	312379	nan	1	67	new
68	1e1JKLEDKP7hEQzJfNAgPl	Magnolia	Playboi Carti	311146	66	23	44	-2
69	5SE57ljOIUJ1ybL9U6CuBH	DNA	BTS	309013	58	3	58	-11
70	5XQMr19TL7Mfksq9zihbOu	Questions	Chris Brown	307898	65	7	44	-5
71	5RCfvwDewu6p2x1mEI6smX	The Race	Tay-K	307519	67	5	67	-4
72	25oOaleife6E2MIKmFkPvg	Relationship (feat. Future)	Young Thug	303511	79	16	72	7
73	5Kelvlf6aU6is8muBjaZ4S	Better Days	Hedley	297311	nan	1	73	new
74	6HZILIRieu8S0iqY8kIKhj	DNA.	Kendrick Lamar	291636	70	25	2	-4
75	3PEgB3fkiojxms35ntsTgs	More Than You Know	Axwell /\ Ingrosso	290681	55	10	24	-20
76	5yuShbu70mtHXY0yLzCQLQ	Go Flex	Post Malone	289874	86	31	76	10
77	3rOSwuTsUlJp0Pu0MkN8r8	Mask Off	Future	289718	71	33	3	-6
78	2nYwV62UABTH0NanrwVIdQ	Perplexing Pegasus	Rae Sremmurd	288692	74	9	52	-4
79	6c7D34787LOtPm8tzhsLgH	Rake It Up	Yo Gotti	283481	76	12	75	-3
80	0Wv5wuenRLI3BcwgT3HPIP	A Different Way (with Lauv)	DJ Snake	283328	78	2	78	-2
81	6H0AwSQ20mo62jGlPGB8S6	It's A Vibe	2 Chainz	281193	77	22	60	-4
82	61mnlyQlnPuq1GEX0LxIWh	Live up to My Name	Baka Not Nice	280855	80	9	79	-2
83	0jdny0dhgjUwoIp5GkqEaA	Praying	Kesha	280715	75	8	25	-8
84	4dVpf9jZjcORqGTLUaeYj9	Plain Jane	A$AP Ferg	276853	85	6	84	1
85	7aF09WaavZAmAWuUeYxlYD	Rich Love (with Seeb)	OneRepublic	275482	59	12	38	-26
86	0q75NwOoFiARAVp4EXU4Bs	Love Galore (feat. Travis Scott)	SZA	271821	88	16	67	2
87	37F0uwRSrdzkBiuj0D5UHI	Reminder	The Weeknd	266199	87	40	40	0
88	6kig1UFggPUyZBCvXD3Wod	No Complaints	Metro Boomin	263477	73	15	39	-15
89	3A7qX2QjDlPnazUsRk5y0M	2U (feat. Justin Bieber)	David Guetta	260024	63	16	5	-26
90	2Xqd0wUttjueBfdcltADOv	No Limit	G-Eazy	259862	91	4	80	1
91	3GVkPk8mqxz0itaAriG1L7	Everybody Dies In Their Nightmares	XXXTENTACION	258103	90	6	42	-1
92	7hDc8b7IXETo14hHIHdnhd	Passionfruit	Drake	257050	83	29	1	-9
93	3WNx4pJLzQgYapuBWS4mUG	Shooters	Tory Lanez	255665	72	2	72	-21
94	5uCax9HTNlzGybIStD3vDh	Say You Won't Let Go	James Arthur	252970	92	40	6	-2
95	2bjwRfXMk4uRgOD9IBYl9h	Portland	Drake	246805	97	29	4	2
96	6eT7xZZlB2mwyzJ2sUKG6w	White Iverson	Post Malone	246648	107	40	96	11
97	3eR23VReFzcdmS7TYCrhCe	It Ain't Me (with Selena Gomez)	Kygo	246543	81	32	2	-16
98	3gfmFoJgmn9LiIj5mV8oSS	I Just Can't	R3HAB	244925	103	3	98	5
99	7cQMJ0wDqVS5iM0JIvP6Ay	The Last Of The Real Ones	Fall Out Boy	243625	121	2	99	22
100	4Z22Uz5JhtWbkmzojNcdPr	Damage	PARTYNEXTDOOR	240820	nan	1	100	new
101	6UjfByV1lDLW0SOVQA4NAi	Gyalchester	Drake	240268	102	29	6	1
102	7y9iMe8SOB6z3NoHE2OfXl	Bad At Love	Halsey	239147	111	7	66	9
103	0afhq8XCExXpqazXczTSve	Galway Girl	Ed Sheeran	237684	101	31	4	-2
104	30MM5jWpUmOxtTNd9Ey5LZ	Unforgettable	Thomas Rhett	234385	95	4	54	-9
105	1UZOjK1BwmwWU14Erba9CZ	Malibu	Miley Cyrus	233454	nan	1	105	new
106	4pYZLpX23Vx8rwDpJCpPTA	New Freezer (feat. Kendrick Lamar)	Rich The Kid	231588	nan	1	106	new
107	7tr2za8SQg2CI8EDgrdtNl	Slide (feat. Frank Ocean & Migos)	Calvin Harris	226634	98	28	6	-9
108	4Q3N4Ct4zCuIHuZ65E3BD4	Tunnel Vision	Kodak Black	223798	104	33	18	-4
109	53mrVsi49rLHIaKBiSvElG	do re mi (feat. Gucci Mane)	blackbear	223703	110	9	100	1
110	0NiXXAI876aGImAd6rTj8w	Mama	Jonas Blue	221012	99	13	24	-11
111	0dA2Mk56wEzDgegdC6R17g	Stay (with Alessia Cara)	Zedd	220766	100	32	6	-11
112	1nX9KhK3Fff27SnrIor2Yb	4 AM	2 Chainz	219106	106	16	52	-6
113	1AH60dMaEfNjzDoUIFwIQi	Beast Mode (feat. PnB Rock & YoungBoy Never Broke Again)	A Boogie Wit da Hoodie	218046	nan	1	113	new
114	5aAx2yezTd8zXrkmtKl66Z	Starboy	The Weeknd	217191	112	40	1	-2
115	6kex4EBAj0WHXDKZMEJaaF	Swalla (feat. Nicki Minaj & Ty Dolla $ign)	Jason Derulo	212962	93	32	14	-22
116	1uL78kFWxhz3umTMWJu8n5	Sauce It Up	Lil Uzi Vert	211662	113	6	62	-3
117	6fwdbPMwP1zVStm8FybmkO	X (feat. Future)	21 Savage	211574	124	40	39	7
118	6eUncuJutsFi9BGO1JaBHh	If I'm Lucky	Jason Derulo	208816	96	5	68	-22
119	0KKkJNfGyhkQ5aFogxQAPU	That's What I Like	Bruno Mars	206387	109	40	8	-10
120	7BKLCZ1jbUBVqRi2FVlTVw	Closer	The Chainsmokers	206236	114	40	3	-6
121	4Km5HrUvYTaSUfiSGPJeQR	Bad and Boujee (feat. Lil Uzi Vert)	Migos	204654	116	40	3	-5
122	2EEeOnHehOozLq4aS0n6SL	iSpy (feat. Lil Yachty)	KYLE	203381	120	40	9	-2
123	2RwmsAOxtiRezQPmvyejb8	Ex Calling	6LACK	203094	130	11	120	7
124	59J5nzL1KniFHnU120dQzt	wokeuplikethis*	Playboi Carti	202499	133	21	89	9
125	7floNISpH8VF4z4459Qo18	Look At Me!	XXXTENTACION	202362	nan	1	125	new
126	4wdZdkEugVVorAfzqRqC6N	Candy Paint	Post Malone	201421	135	8	126	9
127	4c2W3VKsOFoIg2SFaO6DY5	Your Song	Rita Ora	200534	82	19	47	-45
128	6PGoSes0D9eUDeeAafB2As	LOVE. FEAT. ZACARI.	Kendrick Lamar	200155	128	25	8	0
129	7KOlJ92bu51cltsD9KU5I7	T-Shirt	Migos	199569	125	38	10	-4
130	6SwRhMLwNqEi6alNPVG00n	LOYALTY. FEAT. RIHANNA.	Kendrick Lamar	197922	115	25	3	-15
131	7zVCrzzEJU7u24sbJPXA5W	What Ifs (feat. Lauren Alaina)	Kane Brown	197803	138	14	125	7
132	1xznGGDReH1oQq0xzbwXa3	One Dance	Drake	197757	127	40	12	-5
133	0xG0SHshCStMEyNbNC5d4k	Issues	Julia Michaels	197569	123	9	83	-10
134	3AMnOVxEHUgVrythGgqPhI	Say A'	A Boogie Wit da Hoodie	195963	nan	1	134	new
135	7bsnTsbiwOymZWjPF9v6Di	Marmalade (feat. Lil Yachty)	Macklemore	195662	94	2	94	-41
136	3NdDpSvN911VPGivFlV5d0	"I Don’t Wanna Live Forever (Fifty Shades Darker) - From ""Fifty Shades Darker (Original Motion Picture Soundtrack)"""	ZAYN	195428	129	40	2	-7
137	0Z9HQ8YvHqdeOjTwsR3cS7	Two High	Moon Taxi	195231	105	6	72	-32
138	6Ll3qUTssdGWMxbwhMud2N	Find You	Nick Jonas	193702	117	3	117	-21
139	2YMhrXQYKkm4kXLcXKKd5z	Small Town Boy	Dustin Lynch	193030	131	4	112	-8
140	76Y0gxtTxN0FyDCYh5qYQj	Get Right Witcha	Migos	192286	134	36	51	-6
141	0XLOf9LhyazPX9Ld8jPiUq	Fetish (feat. Gucci Mane)	Selena Gomez	191840	122	11	15	-19
142	0SGkqnVQo9KPytSri1H6cF	Bounce Back	Big Sean	191288	126	40	7	-16
143	6yr8GiTHWvFfi4o6Q5ebdT	'Till I Collapse	Eminem	186459	164	40	137	21
144	4YkwUfWSIxdKNLDXw0caFO	Pills & Automobiles	Chris Brown	185311	153	7	144	9
145	1839RWzPRZCVgvamu4sHSN	All My Love (feat. Conor Maynard)	Cash Cash	181443	119	13	63	-26
146	2mfUa8bLs2s5N4VaqJZ4lZ	Most Girls	Hailee Steinfeld	180511	137	23	37	-9
147	2vaMWMPMgsWX4fwJiKmdWm	Undefeated (feat. 21 Savage)	A Boogie Wit da Hoodie	180484	nan	1	147	new
148	3gWu8y0TKCIdy2mpTqVnTl	Let You Down	NF	180179	nan	1	148	new
149	5Z01UMMf7V1o0MzF86s6WJ	"Lose Yourself - From ""8 Mile"" Soundtrack"	Eminem	175526	173	37	136	24
150	6mORGLOz79w6VsCRLWYYuK	The Night We Met	Lord Huron	174942	157	26	56	7
151	1louJpMmzEicAn7lzDalPW	No Promises (feat. Demi Lovato)	Cheat Codes	172702	143	27	33	-8
152	1x5sYLZiu9r5E43kMlt9f8	Symphony (feat. Zara Larsson)	Clean Bandit	172452	142	29	22	-10
153	343YBumqHu19cGoGARUTsd	Fake Love	Drake	171965	144	40	2	-9
154	6mapJIPnQ23RTAevUoE0DL	Swang	Rae Sremmurd	171889	150	40	45	-4
155	5GXAXm5YOmYT0kL5jHvYBt	I Feel It Coming	The Weeknd	171019	156	40	8	1
156	5tVA6TkbaAH9QMITTQRrNv	Free Fallin'	Tom Petty	170871	nan	1	156	new
157	3Ytr1SUCUi6J3L9dRFx5iH	Know No Better (feat. Travis Scott, Camila Cabello & Quavo)	Major Lazer	170446	136	18	23	-21
158	7i2DJ88J7jQ8K7zqFX2fW8	Now Or Never	Halsey	169350	152	15	17	-6
159	4aWmUDTfIPGksMNLV2rQP2	Despacito (Featuring Daddy Yankee)	Luis Fonsi	166448	141	37	22	-18
160	6xHI9KjUjYT0FPtGO8Mxa1	Hurricane	Luke Combs	165612	155	21	118	-5
161	62vpWI1CHwFy7tMIcSStl8	No Role Modelz	J. Cole	164549	170	39	86	9
162	1DRW9bQzt2SE8f7H4KJZyL	Sky Walker (feat. Travis Scott)	Miguel	164190	151	6	131	-11
163	1vVNlXi8gf8tZ7OhnEs4VE	A Lie	French Montana	162211	139	12	35	-24
164	6PCUP3dWmTjcTtXY02oFdT	Castle on the Hill	Ed Sheeran	162088	160	39	2	-4
165	3zoYkqS4y2BsGVShPL2nTE	Reggaetón Lento (Remix)	CNCO	161878	161	6	138	-4
166	5dNfHmqgr128gMY2tc5CeJ	Ignition - Remix	R. Kelly	159111	nan	1	166	new
167	0ESJlaM8CE1jRWaNtwSNj8	beibs in the trap	Travis Scott	157804	175	34	136	8
168	5TXDeTFVRVY7Cvt0Dw4vWW	Revenge	XXXTENTACION	157749	159	6	59	-9
169	3pndPhlQWjuSoXhcIIdBjv	What They Want	Russ	157046	171	40	86	2
170	5bgwqaRSS3M8WHWruHgSL5	8TEEN	Khalid	156939	172	5	164	2
171	2Z0q3tqlFjm0iHLW6ilGkP	Love Again	Hedley	156488	nan	1	171	new
172	6dVZCbi9CYtD9LjAHXRjIG	Mask Off (feat. Kendrick Lamar) - Remix	Future	155017	163	15	82	-9
173	0lMbuWUpfTWhEmOKxppEau	Rollin (feat. Future & Khalid)	Calvin Harris	154179	154	17	19	-19
174	5tRmoZRoupvMYPV1oezFrH	X	Lil Uzi Vert	154151	149	6	77	-25
175	0tkUg2KCEKWlcPJNcey8Nw	Main Girl	Charlotte Cardin	153949	182	3	150	7
176	5Od0M7jp6IODTPW0cygHgu	Perfect Timing (Intro)	NAV	152843	180	10	71	4
177	5Htb1uFQ1KrkFXlefS8oGj	Tell Me You Love Me	Demi Lovato	152762	nan	1	177	new
178	0V9cosR5jWa4fr2koARmhD	Summer Air	ItaloBrothers	152426	140	4	140	-38
179	7yyRTcZmCiyzzJlNzGC9Ol	Broccoli (feat. Lil Yachty)	DRAM	151904	181	40	23	2
180	7zxRMhXxJMQCeDDg0rKAVo	Some Way	NAV	151865	190	32	27	10
181	6fxVffaTuwjgEk5h9QyRjy	Photograph	Ed Sheeran	151092	186	35	55	5
182	1Slwb6dOYkBlWal1PGtnNg	Thinking out Loud	Ed Sheeran	150813	184	30	75	2
183	20dP2DaMHIAmwWAbp7peSr	pick up the phone	Young Thug	150450	177	40	65	-6
184	4CHp6dRZTeFAu4bSOxfH7Y	Boss	Lil Pump	150131	nan	1	184	new
185	5O8x1YlmLQopQHErxtDfi9	UnFazed (feat. The Weeknd)	Lil Uzi Vert	149799	165	6	56	-20
186	1sCxVKWImDZSZKvG0U9B23	Bad Liar	Selena Gomez	149586	158	19	9	-28
187	72jbDTw1piOOj770jWNeaG	Paris	The Chainsmokers	147816	169	38	2	-18
188	4iyH6JZBZjk3htdJdZ6r51	Ruin The Friendship	Demi Lovato	147370	nan	1	188	new
189	6rcKz2VYbcaHJ0qSXucR56	Too Hotty	Quality Control	146087	191	2	189	2
190	3Q3myFA7q4Op95DOpHplaY	do re mi	blackbear	145967	195	21	70	5
191	2RttW7RAu5nOAfq6YFvApB	Happier	Ed Sheeran	145685	192	25	11	1
192	7oK9VyNzrYvRFo7nQEYkWN	Mr. Brightside	The Killers	145357	nan	1	192	new
193	4aSfgWmRa9KsISD4Jmx7QB	This Town (feat. Sasha Sloan)	Kygo	145059	147	2	147	-46
194	5Ohxk2dO5COHF1krpoPigN	Sign of the Times	Harry Styles	144786	183	26	14	-11
195	6De0lHrwBfPfrhorm9q1Xl	Me Rehúso	Danny Ocean	143818	176	17	133	-19
196	4bHsxqR3GMrXTxEPLuK5ue	Don't Stop Believin'	Journey	143622	nan	11	174	re-enter
197	2S2od3hT7ceytw7d1pTRuE	Again	Noah Cyrus	143110	162	2	162	-35
198	5knuzwU65gJK7IF5yJsuaW	Rockabye (feat. Sean Paul & Anne-Marie)	Clean Bandit	143082	193	40	5	-5
199	4gqMQftUs22F8pOGVn5Acr	Reminding Me	Shawn Hook	142899	196	21	40	-3
200	6875MeXyCW0wLyT72Eetmo	Starving	Hailee Steinfeld	142604	189	6	174	-11
