position	song_id	song_name	artist	streams	last_week_position	weeks_on_chart	peak_position	position_status
1	5CtI0qwDJkDQGwXD1H1cLb	Despacito - Remix	Luis Fonsi	1674093	1	14	1	0
2	3B54sVLJ402zGa6Xm4YGNe	Unforgettable	French Montana	1345844	3	2	2	1
3	1OAh8uOEOvTDqkKFsKksCi	Wild Thoughts (feat. Rihanna & Bryson Tiller)	DJ Khaled	1279606	2	5	2	-1
4	3DXncPQOG4VBw3QHh3S817	I'm the One (feat. Justin Bieber, Quavo, Chance the Rapper & Lil Wayne)	DJ Khaled	1102076	4	8	1	0
5	5EnYT6F7wEcdege6mDHEfO	Signs	Drake	1040731	5	2	5	0
6	5bcTCxgc7xVfSaMV3RuVke	Feels (feat. Pharrell Williams, Katy Perry & Big Sean)	Calvin Harris	955073	6	4	6	0
7	2eMwDehkIC1j68U6FA3Eiq	XO TOUR Llif3	Lil Uzi Vert	911040	7	17	5	0
8	4JAyIDXOqNM6qHuZML01uX			892999	nan	1	8	new
9	3RXkboS74UYzN14xTqzPyY			853508	nan	1	9	new
10	7KXjTSCq5nL1LoYtL7XAwS	HUMBLE.	Kendrick Lamar	834210	8	16	1	-2
11	6EpRaXYhGOB3fj4V2uDkMJ	Strip That Down	Liam Payne	819904	11	9	8	0
12	7tr2za8SQg2CI8EDgrdtNl	Slide (feat. Frank Ocean & Migos)	Calvin Harris	794256	10	17	6	-2
13	4iLqG9SeJSnt0cSPICSjxv	Attention	Charlie Puth	756492	12	13	7	-1
14	0CcQNd8CINkwQfe1RDtGV6	Believer	Imagine Dragons	742524	13	21	11	-1
15	167NczpNbRF7oWakJaY3Hh	Slow Hands	Niall Horan	718014	15	11	12	0
16	3a1lNhkSLSkpJE4MSHpDu9	Congratulations	Post Malone	707305	14	26	7	-2
17	79cuOz3SPQTuFrp8WgftAu	There's Nothing Holdin' Me Back	Shawn Mendes	687192	17	13	10	0
18	7qiZfU4dY1lWllzX7mPBI3	Shape of You	Ed Sheeran	675819	16	28	1	-2
19	0tKcYR2II1VCQWT79i5NrW	Thunder	Imagine Dragons	639557	18	9	15	-1
20	2rb5MvYT7ZIxbKW5hfcHx8	Mi Gente	J Balvin	632926	41	3	20	21
21	3eFJqPe8VUYrABbFjSauuj			619698	nan	1	21	new
22	25C5CowdsfXld2jJanbiex	Sorry Not Sorry	Demi Lovato	597914	nan	1	22	new
23	3kxfsdsCpFgN412fpnW85Y	Redbone	Childish Gambino	579024	19	29	19	-4
24	1yxgsra98r3qAtxqiGZPiX	BUTTERFLY EFFECT	Travis Scott	555007	34	9	24	10
25	1wjzFQodRWrPcQ0AnYnvQ9	I Like Me Better	Lauv	552550	37	8	25	12
26	1SJtlNRJDeYHioymcvsqev	Crying in the Club	Camila Cabello	537697	21	9	21	-5
27	3Ytr1SUCUi6J3L9dRFx5iH	Know No Better (feat. Travis Scott, Camila Cabello & Quavo)	Major Lazer	533533	29	7	23	2
28	0NiXXAI876aGImAd6rTj8w	Mama	Jonas Blue	528007	24	2	24	-4
29	0lMbuWUpfTWhEmOKxppEau	Rollin (feat. Future & Khalid)	Calvin Harris	526324	23	6	19	-6
30	4q8PHoRsPUB52LFylX8Ulz	More Than You Know	Axwell /\ Ingrosso	524430	27	7	27	-3
31	79NlESqzFSW0hdBWgls4FX	Praying	Kesha	510546	28	2	28	-3
32	7mldq42yDuxiUNn08nvzHO	Body Like A Back Road	Sam Hunt	508208	32	24	31	0
33	6HZILIRieu8S0iqY8kIKhj	DNA.	Kendrick Lamar	502908	22	14	2	-11
34	6jA8HL9i4QGzsj6fjoxp8Y	There for You	Martin Garrix	499185	25	8	22	-9
35	1vVNlXi8gf8tZ7OhnEs4VE	A Lie	French Montana	490007	nan	1	35	new
36	5eqK0tbzUPo2SoeZsov04s	Bank Account	21 Savage	488375	43	2	36	7
37	3rOSwuTsUlJp0Pu0MkN8r8	Mask Off	Future	488369	26	22	3	-11
38	152lZdxL1OR0ZMW6KquMif	Location	Khalid	486897	33	24	29	-5
39	0dA2Mk56wEzDgegdC6R17g	Stay (with Alessia Cara)	Zedd	484461	30	21	6	-9
40	7hDc8b7IXETo14hHIHdnhd	Passionfruit	Drake	459713	31	18	1	-9
41	6p8NuHm8uCGnn2Dtbtf7zE	Slippery (feat. Gucci Mane)	Migos	448965	40	25	40	-1
42	3bVbQvGVIe4n24AzyXovXh			448486	nan	1	42	new
43	7i2DJ88J7jQ8K7zqFX2fW8	Now Or Never	Halsey	447303	35	4	17	-8
44	0KKkJNfGyhkQ5aFogxQAPU	That's What I Like	Bruno Mars	441761	38	29	8	-6
45	6RUKPb4LETWmmr3iAEQktW	Something Just Like This	The Chainsmokers	438995	39	22	2	-6
46	2mfUa8bLs2s5N4VaqJZ4lZ	Most Girls	Hailee Steinfeld	423816	47	12	38	1
47	4gqMQftUs22F8pOGVn5Acr	Reminding Me	Shawn Hook	417953	45	10	40	-2
48	4aWmUDTfIPGksMNLV2rQP2	Despacito (Featuring Daddy Yankee)	Luis Fonsi	417418	42	26	22	-6
49	1NDxZ7cFAo481dtYWdrUnR	Pretty Girl - Cheat Codes X CADE Remix	Maggie Lindemann	413917	48	15	40	-1
50	1CKd1PnqfYx0H12V9MSaIY	Get Low (with Liam Payne)	Zedd	404259	44	2	44	-6
51	4c2W3VKsOFoIg2SFaO6DY5	Your Song	Rita Ora	393460	50	8	50	-1
52	1e1JKLEDKP7hEQzJfNAgPl	Magnolia	Playboi Carti	391617	53	12	50	1
53	7LEydI5NfjY6mZfKwYIptZ	Down	Fifth Harmony	379173	54	7	52	1
54	6kex4EBAj0WHXDKZMEJaaF	Swalla (feat. Nicki Minaj & Ty Dolla $ign)	Jason Derulo	376814	49	21	14	-5
55	3HVr6jTVwBHBa2flM0eURR	Glorious (feat. Skylar Grey)	Macklemore	374135	57	4	55	2
56	095XMpnufdWcJUWpO37EXh	Call Me	NAV	365577	nan	1	56	new
57	6kig1UFggPUyZBCvXD3Wod	No Complaints	Metro Boomin	349569	51	4	39	-6
58	6gBFPUFcJLzWGx4lenP6h2	goosebumps	Travis Scott	341153	56	29	54	-2
59	1x5sYLZiu9r5E43kMlt9f8	Symphony (feat. Zara Larsson)	Clean Bandit	340005	46	18	22	-13
60	2ekn2ttSfGqwhhate0LSR0	New Rules	Dua Lipa	334780	86	7	60	26
61	2habSXqcJGExM6JJyskY7O	Malibu	Miley Cyrus	330704	52	10	7	-9
62	5tz69p7tJuGPeMGwNTxYuV	1-800-273-8255	Logic	327545	58	12	18	-4
63	6XOYVSmNDjKUNMXooU4s4z	No Vacancy	OneRepublic	320761	59	12	54	-4
64	6H0AwSQ20mo62jGlPGB8S6	It's A Vibe	2 Chainz	312487	63	11	63	-1
65	6Q2FftbUG530lCtBI74bMH	Drowning (feat. Kodak Black)	A Boogie Wit da Hoodie	309838	61	15	54	-4
66	2Gl0FzuLxflY6nPifJp5Dr	First Time	Kygo	309427	55	12	19	-11
67	1louJpMmzEicAn7lzDalPW	No Promises (feat. Demi Lovato)	Cheat Codes	306159	64	16	33	-3
68	1nX9KhK3Fff27SnrIor2Yb	4 AM	2 Chainz	291317	65	5	52	-3
69	0afhq8XCExXpqazXczTSve	Galway Girl	Ed Sheeran	285883	66	20	4	-3
70	2bjwRfXMk4uRgOD9IBYl9h	Portland	Drake	280851	60	18	4	-10
71	3sJHkcxojoJD2Ytbo1yLLF	Two High	Moon Taxi	277583	85	4	71	14
72	7BKLCZ1jbUBVqRi2FVlTVw	Closer	The Chainsmokers	275624	70	29	3	-2
73	2EEeOnHehOozLq4aS0n6SL	iSpy (feat. Lil Yachty)	KYLE	270682	62	29	9	-11
74	7KOlJ92bu51cltsD9KU5I7	T-Shirt	Migos	268455	68	27	10	-6
75	6UjfByV1lDLW0SOVQA4NAi	Gyalchester	Drake	266427	69	18	6	-6
76	1sXUWdKx03aP9Gmzft58rt	Issues	Julia Michaels	265524	67	27	11	-9
77	5uCax9HTNlzGybIStD3vDh	Say You Won't Let Go	James Arthur	259883	72	29	6	-5
78	37F0uwRSrdzkBiuj0D5UHI	Reminder	The Weeknd	257397	74	29	40	-4
79	4Q3N4Ct4zCuIHuZ65E3BD4	Tunnel Vision	Kodak Black	250032	73	22	18	-6
80	0SGkqnVQo9KPytSri1H6cF	Bounce Back	Big Sean	248714	75	29	7	-5
81	5Z3GHaZ6ec9bsiI5BenrbY	Young Dumb & Broke	Khalid	247025	93	4	81	12
82	7qs2GAglLWfxEfmO8u2u0A	High Without Your Love	Loote	245434	83	10	82	1
83	1xznGGDReH1oQq0xzbwXa3	One Dance	Drake	243323	79	29	12	-4
84	6mapJIPnQ23RTAevUoE0DL	Swang	Rae Sremmurd	241926	76	29	45	-8
85	5aAx2yezTd8zXrkmtKl66Z	Starboy	The Weeknd	239590	80	29	1	-5
86	6SwRhMLwNqEi6alNPVG00n	LOYALTY. FEAT. RIHANNA.	Kendrick Lamar	233962	77	14	3	-9
87	6zLdXcmvIxnAXpz9sXFnIE	Craving You	Thomas Rhett	232526	78	7	78	-9
88	6QgjcU0zLnzq5OrUoSZ3OK	Feel It Still	Portugal. The Man	228122	189	2	88	101
89	1EaKU4dMbesXXd3BrLCtYG	ELEMENT.	Kendrick Lamar	225376	81	14	6	-8
90	4Km5HrUvYTaSUfiSGPJeQR	Bad and Boujee (feat. Lil Uzi Vert)	Migos	223428	82	29	3	-8
91	6PCUP3dWmTjcTtXY02oFdT	Castle on the Hill	Ed Sheeran	219705	89	28	2	-2
92	7aF09WaavZAmAWuUeYxlYD	Rich Love (with Seeb)	OneRepublic	216721	nan	1	92	new
93	6PGoSes0D9eUDeeAafB2As	LOVE. FEAT. ZACARI.	Kendrick Lamar	215338	84	14	8	-9
94	1839RWzPRZCVgvamu4sHSN	All My Love (feat. Conor Maynard)	Cash Cash	215086	113	2	94	19
95	3NdDpSvN911VPGivFlV5d0	"I Don’t Wanna Live Forever (Fifty Shades Darker) - From ""Fifty Shades Darker (Original Motion Picture Soundtrack)"""	ZAYN	210519	92	29	2	-3
96	3LRddJIw2ymm1CHIO9xlkC	Bring Dem Things	French Montana	209708	105	2	96	9
97	59J5nzL1KniFHnU120dQzt	wokeuplikethis*	Playboi Carti	206782	99	13	89	2
98	5knuzwU65gJK7IF5yJsuaW	Rockabye (feat. Sean Paul & Anne-Marie)	Clean Bandit	206170	91	29	5	-7
99	72jbDTw1piOOj770jWNeaG	Paris	The Chainsmokers	205337	90	27	2	-9
100	5Ohxk2dO5COHF1krpoPigN	Sign of the Times	Harry Styles	204182	87	15	14	-13
101	74ODGXs4byLTRdnKGM4s6E	Super Far	LANY	203982	118	2	101	17
102	6dVZCbi9CYtD9LjAHXRjIG	Mask Off (feat. Kendrick Lamar) - Remix	Future	203246	94	4	82	-8
103	343YBumqHu19cGoGARUTsd	Fake Love	Drake	200528	95	29	2	-8
104	5GXAXm5YOmYT0kL5jHvYBt	I Feel It Coming	The Weeknd	199983	98	29	8	-6
105	0QsvXIfqM0zZoerQfsI9lm	Don't Let Me Down	The Chainsmokers	193569	112	29	42	7
106	5JwLhFNrXw49pn3HQqu02G	Summer Bummer (feat. A$AP Rocky & Playboi Carti)	Lana Del Rey	193379	nan	1	106	new
107	76Y0gxtTxN0FyDCYh5qYQj	Get Right Witcha	Migos	193269	100	25	51	-7
108	2zYs4BonN2ydkbrRk333SN	Come Closer (feat. Drake)	WizKid	192360	182	2	108	74
109	0q75NwOoFiARAVp4EXU4Bs	Love Galore (feat. Travis Scott)	SZA	191849	103	5	103	-6
110	07Qrb9cID0kcYadv0cBN6t	Perfect Timing (Intro)	NAV	191799	nan	1	110	new
111	3kGfazcbVvVkuZunzlLgTD	Came Here for Love	Sigala	189257	130	4	111	19
112	6fwdbPMwP1zVStm8FybmkO	X (feat. Future)	21 Savage	186064	108	29	39	-4
113	25oOaleife6E2MIKmFkPvg	Relationship (feat. Future)	Young Thug	183775	120	5	113	7
114	78rIJddV4X0HkNAInEcYde	Call On Me - Ryan Riback Extended Remix	Starley	179971	106	29	10	-8
115	2XlHu0HcujBCkWMdIAvrqt	Blem	Drake	178551	104	18	3	-11
116	0pSBuHjILhNEo55xK1zrRt	Rolex	Ayo & Teo	178452	109	24	55	-7
117	4XGqzhzg4PDmdPEMWmi7r8	Parallel Lines (feat. Happy Sometimes)	DVBBS	177848	101	3	101	-16
118	4ARPvK8DHLwt4oX65ZAFMw	Look At Me!	XXXTENTACION	177405	116	20	52	-2
119	5hfpu8saHLGedbHRtNCYjm	Trap Paris (feat. Quavo & Ty Dolla $ign)	Machine Gun Kelly	177024	114	13	94	-5
120	51PIvodunv6NmX5250zxAh	The Cure	Lady Gaga	175988	97	14	27	-23
121	0G149jkGWKwrPXUGkEDgWM	Numb	21 Savage	175186	96	2	96	-25
122	1tlBuoIRrtqFs9bE9dmli5	Extra Luv (feat. YG)	Future	172857	115	3	107	-7
123	5GG3knKdxKWrNboRijxeKF	Run Me Dry	Bryson Tiller	172624	122	8	67	-1
124	4IWAyPf1KMq7JCyGeCjTeH	Whatever It Takes	Imagine Dragons	171650	107	7	64	-17
125	3izYo2ghdPK4B8jwXYgje4	Love Again	Hedley	171573	119	4	119	-6
126	0qYTZCo5Bwh1nsUFGZP3zn	Felices los 4	Maluma	170066	136	10	126	10
127	7nKBxz47S9SD79N086fuhn	SUBEME LA RADIO	Enrique Iglesias	169633	121	13	104	-6
128	0B8QzDH7YWih85V5SEMnyJ	Money Longer	Lil Uzi Vert	169300	127	29	111	-1
129	3Q3myFA7q4Op95DOpHplaY	do re mi	blackbear	167587	145	10	70	16
130	5uDASfU19gDxSjW8cnCaBp	Chill Bill (feat. J. Davi$ & Spooks)	Rob $tone	166635	129	29	42	-1
131	6xHI9KjUjYT0FPtGO8Mxa1	Hurricane	Luke Combs	166528	123	10	118	-8
132	0fg8CqpjdojMyXLNzM2PaJ	Run Up (feat. PARTYNEXTDOOR & Nicki Minaj)	Major Lazer	165711	125	25	15	-7
133	2XaInsPPUkZRkY4uFJ3AHK	Met Gala (feat. Offset)	Gucci Mane	165158	111	8	88	-22
134	6mORGLOz79w6VsCRLWYYuK	The Night We Met	Lord Huron	164836	128	15	56	-6
135	7zxRMhXxJMQCeDDg0rKAVo	Some Way	NAV	163722	124	22	27	-11
136	1qOLh0tI7trd1zdDKxYZTe	Starving	Hailee Steinfeld	163578	132	29	18	-4
137	0Xa7b1Kw7I08dD2k7zZKtV	Where The Love Goes	Anjulie	162794	133	3	133	-4
138	5wIeuNURiubue1VTcglU57	Woman	Kesha	162436	nan	1	138	new
139	12o6dxWGk29uIAP3OWY0pM	Homemade Dynamite	Lorde	162428	88	5	76	-51
140	2kVHAQKVtczchKctctzbtK	Swish Swish	Katy Perry	162177	117	7	33	-23
141	0tgVpDi06FyKpA1z0VMD4v	Perfect	Ed Sheeran	161754	147	20	8	6
142	20dP2DaMHIAmwWAbp7peSr	pick up the phone	Young Thug	161410	110	29	65	-32
143	0iTCmKvuU1ReULiQB0rI7n	Tone It Down (feat. Chris Brown)	Gucci Mane	160061	137	4	125	-6
144	5yuShbu70mtHXY0yLzCQLQ	Go Flex	Post Malone	159839	142	20	127	-2
145	6eT7xZZlB2mwyzJ2sUKG6w	White Iverson	Post Malone	159806	138	29	115	-7
146	6HUnnBwYZqcED1eQztxMBN	Solo Dance	Martin Jensen	158362	160	29	29	14
147	3ebXMykcMXOcLeJ9xZ17XH	Scared to Be Lonely	Martin Garrix	156536	144	25	7	-3
148	0qfq195ZlBgRNeeABoQCwp	One I Want (feat. PARTYNEXTDOOR)	Majid Jordan	155935	126	4	101	-22
149	7yyRTcZmCiyzzJlNzGC9Ol	Broccoli (feat. Lil Yachty)	DRAM	155643	141	29	23	-8
150	6De0lHrwBfPfrhorm9q1Xl	Me Rehúso	Danny Ocean	153770	159	6	150	9
151	6yr8GiTHWvFfi4o6Q5ebdT	'Till I Collapse	Eminem	153351	156	29	137	5
152	7MUNNBJKYo3cdokp06wEOB	Lay It On Me	Vance Joy	152351	nan	1	152	new
153	5OOkp4U9P9oL23maHFHL1h	Panda	Desiigner	151539	155	29	61	2
154	6fxVffaTuwjgEk5h9QyRjy	Photograph	Ed Sheeran	150450	169	24	55	15
155	17Fd6Yb7mSbinKG8LoWfFl	I Took A Pill In Ibiza - Seeb Remix	Mike Posner	150106	154	29	50	-1
156	62vpWI1CHwFy7tMIcSStl8	No Role Modelz	J. Cole	149387	170	29	86	14
157	0rlFL6bxIWcCn9gk9GExFA	Love U Better (feat. Lil Wayne & The-Dream)	Ty Dolla $ign	149256	nan	1	157	new
158	0NZUqq4iLQddokgtiC44Kb	PIE	Future	148558	149	3	106	-9
159	4pdPtRcBmOSQDlJ3Fk945m	Let Me Love You	DJ Snake	148525	153	29	6	-6
160	0L7loeTIg6akW84aEQZpCT	Light It Up (feat. Nyla & Fuse ODG) - Remix	Major Lazer	147508	nan	10	83	re-enter
161	2jYmK1cb3Uya6FFsocdpzO	Why	Sabrina Carpenter	145884	185	2	161	24
162	6DNtNfH8hXkqOX1sjqmI7p	Cold Water (feat. Justin Bieber & MØ)	Major Lazer	145417	150	29	22	-12
163	19HA9J80qZfIkAnp2g8N2S	Famous	21 Savage	145019	71	2	71	-92
164	3pndPhlQWjuSoXhcIIdBjv	What They Want	Russ	144349	164	29	86	0
165	0BU7nIcCZxYSE0hYcc5oZz	Too Many Years	Kodak Black	144041	161	28	108	-4
166	7zVCrzzEJU7u24sbJPXA5W	What Ifs (feat. Lauren Alaina)	Kane Brown	143743	167	3	166	1
167	3QWjljChcOMkRDYSzF33Qr	Whippin (feat. Felix Snow)	Kiiara	142406	158	14	49	-9
168	2RttW7RAu5nOAfq6YFvApB	Happier	Ed Sheeran	142310	172	18	11	4
169	6JV2JOEocMgcZxYSZelKcc	"CAN'T STOP THE FEELING! (Original Song from DreamWorks Animation's ""TROLLS"")"	Justin Timberlake	142147	163	29	59	-6
170	1Slwb6dOYkBlWal1PGtnNg	Thinking out Loud	Ed Sheeran	141898	183	20	75	13
171	2Ce5IyMlVRVvN997ZJjJJA	Selfish (feat. Rihanna)	Future	141601	nan	20	30	re-enter
172	4Hf7WnR761jpxPr5D46Bcd	Treat You Better	Shawn Mendes	140727	165	29	41	-7
173	6c7D34787LOtPm8tzhsLgH	Rake It Up	Yo Gotti	139803	nan	1	173	new
174	68EMU2RD1ECNeOeJ5qAXCV	We Don't Talk Anymore	Charlie Puth	139637	181	29	65	7
175	4F7A0DXBrmUAkp32uenhZt	Party Monster	The Weeknd	139569	168	29	24	-7
176	7yq4Qj7cqayVTp3FF9CWbm	Riptide	Vance Joy	138625	nan	16	176	re-enter
177	0ESJlaM8CE1jRWaNtwSNj8	beibs in the trap	Travis Scott	137766	188	24	136	11
178	2MnJoNVtf0pw7HUn3I1Tih	Bad Business	21 Savage	136997	102	2	102	-76
179	0dvu4Irbq0SM5BWny30rRR	Disrespectful	GASHI	136943	187	7	156	8
180	6OZh916QF8XNunWaP97WEZ	Fast Car	Jonas Blue	136035	nan	6	124	re-enter
181	6fujklziTHa8uoM5OQSfIo	Black Beatles	Rae Sremmurd	135667	179	29	7	-2
182	6kl1qtQXQsFiIWRBK24Cfp	RAF	A$AP Mob	135334	148	7	130	-34
183	042x9bsUBWW2fJgJ6fUh61	Not Going Home	DVBBS	134886	162	29	33	-21
184	6uJwPeBGb3swi85TSr9iIz	Miracles (Someone Special)	Coldplay	134515	nan	1	184	new
185	5Z01UMMf7V1o0MzF86s6WJ	"Lose Yourself - From ""8 Mile"" Soundtrack"	Eminem	134466	nan	26	136	re-enter
186	27SdWb2rFzO6GWiYDBTD9j	Cheap Thrills	Sia	134384	180	29	46	-6
187	5GFDrUTLGJix84sNhjCG0g	Caroline	Aminé	134050	nan	28	20	re-enter
188	1JupdHkhDzE4XtrFFe9w6o	No Such Thing as a Broken Heart	Old Dominion	133958	nan	1	188	new
189	4pLwZjInHj3SimIyN9SnOz	Side To Side	Ariana Grande	133605	171	29	19	-18
190	3mRcWCyteY2133a7xVMrYw	Comin Out Strong (feat. The Weeknd)	Future	133401	193	21	38	3
191	6b8Be6ljOzmkOmFslEb23P	24K Magic	Bruno Mars	133373	191	29	16	0
192	5hYTyyh2odQKphUbMqc5gN	"How Far I'll Go - From ""Moana"""	Alessia Cara	133183	184	25	21	-8
193	0BCy325UZyR9z0t0uxwn2N	H.O.L.Y.	Florida Georgia Line	132465	197	4	181	4
194	7EiZI6JVHllARrX9PUvAdX	Low Life (feat. The Weeknd)	Future	132463	198	29	72	4
195	2KpCpk6HjXXLb7nnXoXA5O	Ni**as In Paris	JAY-Z	132225	nan	12	177	re-enter
196	2RwmsAOxtiRezQPmvyejb8	Ex Calling	6LACK	131687	nan	1	196	new
197	4bHsxqR3GMrXTxEPLuK5ue	Don't Stop Believin'	Journey	131637	199	6	174	2
198	5qbcsZMwL0x46sX7VO37Ye	Up	NAV	131556	152	16	104	-46
199	1W8vII5CLpMMzAGvGlAgCk	Liife	Desiigner	130984	nan	2	188	re-enter
200	2cnKEkpVUSV4wnjQiTWfH6	Escápate Conmigo	Wisin	129537	nan	1	200	new
