position	song_id	song_name	artist	streams	last_week_position	weeks_on_chart	peak_position	position_status
1	5CtI0qwDJkDQGwXD1H1cLb	Despacito - Remix	Luis Fonsi	2102433	1	10	1	0
2	1OAh8uOEOvTDqkKFsKksCi	Wild Thoughts (feat. Rihanna & Bryson Tiller)	DJ Khaled	1365215	nan	1	2	new
3	1jYiIOC5d6soxkJP81fxq2	I'm the One (feat. Justin Bieber, Quavo, Chance the Rapper & Lil Wayne)	DJ Khaled	1331360	nan	1	3	new
4	1F2HXIJrE2Xn81OzT2zZvW	Unforgettable	French Montana	1258819	3	11	3	-1
5	7KXjTSCq5nL1LoYtL7XAwS	HUMBLE.	Kendrick Lamar	1160545	4	12	1	-1
6	2eMwDehkIC1j68U6FA3Eiq	XO TOUR Llif3	Lil Uzi Vert	1018793	6	13	5	0
7	3A7qX2QjDlPnazUsRk5y0M	2U (feat. Justin Bieber)	David Guetta	943733	5	2	5	-2
8	6EpRaXYhGOB3fj4V2uDkMJ	Strip That Down	Liam Payne	816413	8	5	8	0
9	3a1lNhkSLSkpJE4MSHpDu9	Congratulations	Post Malone	792876	7	22	7	-2
10	4iLqG9SeJSnt0cSPICSjxv	Attention	Charlie Puth	782635	10	9	7	0
11	7qiZfU4dY1lWllzX7mPBI3	Shape of You	Ed Sheeran	766472	9	24	1	-2
12	167NczpNbRF7oWakJaY3Hh	Slow Hands	Niall Horan	716777	14	7	12	2
13	79cuOz3SPQTuFrp8WgftAu	There's Nothing Holdin' Me Back	Shawn Mendes	708415	13	9	10	0
14	1sCxVKWImDZSZKvG0U9B23	Bad Liar	Selena Gomez	691923	18	5	9	4
15	3rOSwuTsUlJp0Pu0MkN8r8	Mask Off	Future	688372	11	18	3	-4
16	0dA2Mk56wEzDgegdC6R17g	Stay (with Alessia Cara)	Zedd	672422	12	17	6	-4
17	6BaCraQ9xeLYg4Sb9TBT2X	Feels (feat. Pharrell Williams, Katy Perry & Big Sean)	Calvin Harris	671146	nan	1	17	new
18	6kex4EBAj0WHXDKZMEJaaF	Swalla (feat. Nicki Minaj & Ty Dolla $ign)	Jason Derulo	645855	15	17	14	-3
19	3kxfsdsCpFgN412fpnW85Y	Redbone	Childish Gambino	639540	21	25	19	2
20	0CcQNd8CINkwQfe1RDtGV6	Believer	Imagine Dragons	633947	nan	17	18	re-enter
21	2habSXqcJGExM6JJyskY7O	Malibu	Miley Cyrus	619033	16	6	7	-5
22	6jA8HL9i4QGzsj6fjoxp8Y	There for You	Martin Garrix	605362	22	4	22	0
23	6HZILIRieu8S0iqY8kIKhj	DNA.	Kendrick Lamar	596371	17	10	2	-6
24	7hDc8b7IXETo14hHIHdnhd	Passionfruit	Drake	592939	19	14	1	-5
25	6gpcs5eMhJwax4mIfKDYQk	Slide (feat. Frank Ocean & Migos)	Calvin Harris	589511	20	4	19	-5
26	3Ytr1SUCUi6J3L9dRFx5iH	Know No Better (feat. Travis Scott, Camila Cabello & Quavo)	Major Lazer	585847	23	3	23	-3
27	0Nhu3zSYbEz32IYiobV75e	Now Or Never	Halsey	582636	nan	8	27	re-enter
28	0tKcYR2II1VCQWT79i5NrW	Thunder	Imagine Dragons	576616	nan	5	20	re-enter
29	3eR23VReFzcdmS7TYCrhCe	It Ain't Me (with Selena Gomez)	Kygo	546900	25	18	2	-4
30	1x5sYLZiu9r5E43kMlt9f8	Symphony (feat. Zara Larsson)	Clean Bandit	542802	28	14	22	-2
31	1SJtlNRJDeYHioymcvsqev	Crying in the Club	Camila Cabello	529524	40	5	31	9
32	0KKkJNfGyhkQ5aFogxQAPU	That's What I Like	Bruno Mars	528230	26	25	8	-6
33	4aWmUDTfIPGksMNLV2rQP2	Despacito (Featuring Daddy Yankee)	Luis Fonsi	526178	34	22	22	1
34	6RUKPb4LETWmmr3iAEQktW	Something Just Like This	The Chainsmokers	525326	29	18	2	-5
35	4xlrALxuaCf9yZBHJeTSG6	Mama	Jonas Blue	522526	36	7	35	1
36	5tz69p7tJuGPeMGwNTxYuV	1-800-273-8255	Logic	515143	32	8	18	-4
37	1louJpMmzEicAn7lzDalPW	No Promises (feat. Demi Lovato)	Cheat Codes	491864	35	12	33	-2
38	3FDrI0FLKzrYQiWxPhqV2W	Rollin (feat. Future & Khalid)	Calvin Harris	489666	38	4	26	0
39	152lZdxL1OR0ZMW6KquMif	Location	Khalid	479518	39	20	29	0
40	4gqMQftUs22F8pOGVn5Acr	Reminding Me	Shawn Hook	479405	nan	6	40	re-enter
41	2kVHAQKVtczchKctctzbtK	Swish Swish	Katy Perry	476944	33	3	33	-8
42	7mldq42yDuxiUNn08nvzHO	Body Like A Back Road	Sam Hunt	463183	45	20	31	3
43	2Gl0FzuLxflY6nPifJp5Dr	First Time	Kygo	455911	41	8	19	-2
44	1NDxZ7cFAo481dtYWdrUnR	Pretty Girl - Cheat Codes X CADE Remix	Maggie Lindemann	452787	42	11	40	-2
45	4q8PHoRsPUB52LFylX8Ulz	More Than You Know	Axwell /\ Ingrosso	441032	56	3	45	11
46	2EEeOnHehOozLq4aS0n6SL	iSpy (feat. Lil Yachty)	KYLE	432638	37	25	9	-9
47	2bjwRfXMk4uRgOD9IBYl9h	Portland	Drake	428383	47	14	4	0
48	51PIvodunv6NmX5250zxAh	The Cure	Lady Gaga	426095	44	10	27	-4
49	2mfUa8bLs2s5N4VaqJZ4lZ	Most Girls	Hailee Steinfeld	412987	48	8	38	-1
50	6UjfByV1lDLW0SOVQA4NAi	Gyalchester	Drake	400269	49	14	6	-1
51	1sXUWdKx03aP9Gmzft58rt	Issues	Julia Michaels	379263	51	23	11	0
52	1nX9KhK3Fff27SnrIor2Yb	4 AM	2 Chainz	378940	nan	1	52	new
53	4c2W3VKsOFoIg2SFaO6DY5	Your Song	Rita Ora	373529	55	4	53	2
54	7LEydI5NfjY6mZfKwYIptZ	Down	Fifth Harmony	370099	52	3	52	-2
55	1wjzFQodRWrPcQ0AnYnvQ9	I Like Me Better	Lauv	369813	61	4	55	6
56	1e1JKLEDKP7hEQzJfNAgPl	Magnolia	Playboi Carti	369577	53	8	53	-3
57	6Q2FftbUG530lCtBI74bMH	Drowning (feat. Kodak Black)	A Boogie Wit da Hoodie	363437	nan	11	54	re-enter
58	6gBFPUFcJLzWGx4lenP6h2	goosebumps	Travis Scott	358131	57	25	55	-1
59	5Ohxk2dO5COHF1krpoPigN	Sign of the Times	Harry Styles	358099	46	11	14	-13
60	6p8NuHm8uCGnn2Dtbtf7zE	Slippery (feat. Gucci Mane)	Migos	344449	62	21	57	2
61	7ARveOiD31w2Nq0n5FsSf8	Perfect Places	Lorde	332477	nan	1	61	new
62	6XOYVSmNDjKUNMXooU4s4z	No Vacancy	OneRepublic	320982	58	8	54	-4
63	6H0AwSQ20mo62jGlPGB8S6	It's A Vibe	2 Chainz	319239	nan	7	63	re-enter
64	4Q3N4Ct4zCuIHuZ65E3BD4	Tunnel Vision	Kodak Black	317826	59	18	18	-5
65	1yxgsra98r3qAtxqiGZPiX	BUTTERFLY EFFECT	Travis Scott	315041	70	5	65	5
66	6SwRhMLwNqEi6alNPVG00n	LOYALTY. FEAT. RIHANNA.	Kendrick Lamar	309763	60	10	3	-6
67	5uCax9HTNlzGybIStD3vDh	Say You Won't Let Go	James Arthur	305457	65	25	6	-2
68	0SGkqnVQo9KPytSri1H6cF	Bounce Back	Big Sean	302666	64	25	7	-4
69	7KOlJ92bu51cltsD9KU5I7	T-Shirt	Migos	297355	63	23	10	-6
70	7y9iMe8SOB6z3NoHE2OfXl	Bad At Love	Halsey	296590	66	3	66	-4
71	0afhq8XCExXpqazXczTSve	Galway Girl	Ed Sheeran	296337	68	16	4	-3
72	0gbBzIqrECJOEPvQJIBFs5	Green Light	Lorde	295577	199	14	16	127
73	6mapJIPnQ23RTAevUoE0DL	Swang	Rae Sremmurd	291696	72	25	45	-1
74	6PGoSes0D9eUDeeAafB2As	LOVE. FEAT. ZACARI.	Kendrick Lamar	283219	71	10	8	-3
75	4Km5HrUvYTaSUfiSGPJeQR	Bad and Boujee (feat. Lil Uzi Vert)	Migos	283015	69	25	3	-6
76	7BKLCZ1jbUBVqRi2FVlTVw	Closer	The Chainsmokers	274700	74	25	3	-2
77	5aAx2yezTd8zXrkmtKl66Z	Starboy	The Weeknd	273698	73	25	1	-4
78	63VjkOdhReAbE8GGknijkP	Gucci Store	Madalen Duke	261302	nan	3	78	re-enter
79	1xznGGDReH1oQq0xzbwXa3	One Dance	Drake	258526	78	25	12	-1
80	3NdDpSvN911VPGivFlV5d0	"I Don’t Wanna Live Forever (Fifty Shades Darker) - From ""Fifty Shades Darker (Original Motion Picture Soundtrack)"""	ZAYN	257613	77	25	2	-3
81	6DB2KOEwHnjkgEnBt5SdeJ	Mask Off - Remix	Future	256299	67	4	50	-14
82	72jbDTw1piOOj770jWNeaG	Paris	The Chainsmokers	252994	80	23	2	-2
83	4Q5yMlwAfAoitqg4r9oZHN	Quit (feat. Ariana Grande)	Cashmere Cat	252239	75	8	53	-8
84	5knuzwU65gJK7IF5yJsuaW	Rockabye (feat. Sean Paul & Anne-Marie)	Clean Bandit	252119	76	25	5	-8
85	37F0uwRSrdzkBiuj0D5UHI	Reminder	The Weeknd	245405	91	25	40	6
86	3QWjljChcOMkRDYSzF33Qr	Whippin (feat. Felix Snow)	Kiiara	244553	84	10	49	-2
87	343YBumqHu19cGoGARUTsd	Fake Love	Drake	244168	83	25	2	-4
88	5GXAXm5YOmYT0kL5jHvYBt	I Feel It Coming	The Weeknd	241622	85	25	8	-3
89	4ARPvK8DHLwt4oX65ZAFMw	Look At Me!	XXXTENTACION	240971	82	16	52	-7
90	7qs2GAglLWfxEfmO8u2u0A	High Without Your Love	Loote	236834	103	6	90	13
91	2mNbgyi0gori4b1rFSPgIb	Sober	Lorde	236794	nan	1	91	new
92	0dyiHoYbYjYaOEXLpmzQZG	Supercut	Lorde	233857	nan	1	92	new
93	5q5gzmbBS5yQzos2BvVr1t	Nights With You	MØ	231780	96	9	93	3
94	6PCUP3dWmTjcTtXY02oFdT	Castle on the Hill	Ed Sheeran	230629	87	24	2	-7
95	59J5nzL1KniFHnU120dQzt	wokeuplikethis*	Playboi Carti	230535	93	9	91	-2
96	12o6dxWGk29uIAP3OWY0pM	Homemade Dynamite	Lorde	227511	nan	1	96	new
97	0ZExP2I5Ej92PsnG4G1jVG	Uh Huh	Julia Michaels	225023	94	3	94	-3
98	2XaInsPPUkZRkY4uFJ3AHK	Met Gala (feat. Offset)	Gucci Mane	223365	88	4	88	-10
99	78rIJddV4X0HkNAInEcYde	Call On Me - Ryan Riback Extended Remix	Starley	220262	90	25	10	-9
100	2XlHu0HcujBCkWMdIAvrqt	Blem	Drake	219707	92	14	3	-8
101	0pSBuHjILhNEo55xK1zrRt	Rolex	Ayo & Teo	218114	98	20	55	-3
102	0or0gNaKAXYYCsOrpvRzAu	Liability	Lorde	212089	nan	3	83	re-enter
103	5q4BpnMrYEFzLO0dYODj6J	The Louvre	Lorde	211860	nan	1	103	new
104	5GG3knKdxKWrNboRijxeKF	Run Me Dry	Bryson Tiller	208493	97	4	67	-7
105	0q75NwOoFiARAVp4EXU4Bs	Love Galore (feat. Travis Scott)	SZA	208038	nan	1	105	new
106	20dP2DaMHIAmwWAbp7peSr	pick up the phone	Young Thug	208004	102	25	65	-4
107	5hfpu8saHLGedbHRtNCYjm	Trap Paris (feat. Quavo & Ty Dolla $ign)	Machine Gun Kelly	204678	99	9	94	-8
108	0fg8CqpjdojMyXLNzM2PaJ	Run Up (feat. PARTYNEXTDOOR & Nicki Minaj)	Major Lazer	204519	95	21	15	-13
109	3ebXMykcMXOcLeJ9xZ17XH	Scared to Be Lonely	Martin Garrix	201088	86	21	7	-23
110	76Y0gxtTxN0FyDCYh5qYQj	Get Right Witcha	Migos	197655	89	21	51	-21
111	6mORGLOz79w6VsCRLWYYuK	The Night We Met	Lord Huron	195933	101	11	56	-10
112	6fwdbPMwP1zVStm8FybmkO	X (feat. Future)	21 Savage	191489	108	25	39	-4
113	7nKBxz47S9SD79N086fuhn	SUBEME LA RADIO	Enrique Iglesias	191328	104	9	104	-9
114	7zxRMhXxJMQCeDDg0rKAVo	Some Way	NAV	191136	109	18	27	-5
115	2Ce5IyMlVRVvN997ZJjJJA	Selfish (feat. Rihanna)	Future	191006	81	17	30	-34
116	0VhgEqMTNZwYL1ARDLLNCX	Can I Be Him	James Arthur	190829	110	2	110	-6
117	6CUBgX8bXC5YQCkdgRHqyg	do re mi	blackbear	190446	106	4	87	-11
118	39pS70eeDvyCAF3t8NAlVV	Good Drank	2 Chainz	188186	nan	7	118	re-enter
119	25oOaleife6E2MIKmFkPvg	Relationship (feat. Future)	Young Thug	187752	nan	1	119	new
120	1qOLh0tI7trd1zdDKxYZTe	Starving	Hailee Steinfeld	186625	111	25	18	-9
121	6eT7xZZlB2mwyzJ2sUKG6w	White Iverson	Post Malone	186360	115	25	115	-6
122	0B8QzDH7YWih85V5SEMnyJ	Money Longer	Lil Uzi Vert	185400	123	25	111	1
123	7yyRTcZmCiyzzJlNzGC9Ol	Broccoli (feat. Lil Yachty)	DRAM	185323	112	25	23	-11
124	1EaKU4dMbesXXd3BrLCtYG	ELEMENT.	Kendrick Lamar	184432	105	10	6	-19
125	5qbcsZMwL0x46sX7VO37Ye	Up	NAV	182671	126	12	104	1
126	2pq9pe4fR25v736ZXa8IRn	Wild One	Lucky Rose	180698	113	13	108	-13
127	5uDASfU19gDxSjW8cnCaBp	Chill Bill (feat. J. Davi$ & Spooks)	Rob $tone	180470	121	25	42	-6
128	6xHI9KjUjYT0FPtGO8Mxa1	Hurricane	Luke Combs	180068	118	6	118	-10
129	0QsvXIfqM0zZoerQfsI9lm	Don't Let Me Down	The Chainsmokers	179972	114	25	42	-15
130	1Dp7JGFNjvg8Nk0CtMCcnr	Hard Feelings/Loveless	Lorde	179429	nan	1	130	new
131	5yuShbu70mtHXY0yLzCQLQ	Go Flex	Post Malone	179138	127	16	127	-4
132	0TwcrekK2QSdpXSzJHTsQh	One I Want (feat. PARTYNEXTDOOR)	Majid Jordan	178099	nan	1	132	new
133	7cGFbx7MP0H23iHZTZpqMM	Everybody	Logic	176535	117	12	57	-16
134	0v9Wz8o0BT8DU38R4ddjeH	No Problem (feat. Lil Wayne & 2 Chainz)	Chance the Rapper	176447	119	25	63	-15
135	000xQL6tZNLJzIrtIgxqSl	Still Got Time	ZAYN	175875	120	13	28	-15
136	4IWAyPf1KMq7JCyGeCjTeH	Whatever It Takes	Imagine Dragons	174136	nan	3	87	re-enter
137	7rfiXyFb5M9BqdkvKvVEiB	My Love (feat. Major Lazer, WizKid, Dua Lipa)	Wale	172813	124	8	99	-13
138	5NNlUMcOEOdoOIwwaWXv0k	Cold	Maroon 5	170274	122	18	14	-16
139	4pdPtRcBmOSQDlJ3Fk945m	Let Me Love You	DJ Snake	166975	135	25	6	-4
140	193Dm5SqYy3hTSbuzxbwKc	Writer In The Dark	Lorde	166918	nan	1	140	new
141	1YWd9BzGWXhFBRvDCdg1Th	Selfish	Virginia To Vegas	166717	136	8	135	-5
142	6HUnnBwYZqcED1eQztxMBN	Solo Dance	Martin Jensen	165938	131	25	29	-11
143	0BU7nIcCZxYSE0hYcc5oZz	Too Many Years	Kodak Black	164054	139	24	108	-4
144	4F7A0DXBrmUAkp32uenhZt	Party Monster	The Weeknd	163951	133	25	24	-11
145	042x9bsUBWW2fJgJ6fUh61	Not Going Home	DVBBS	163025	129	25	33	-16
146	6Pw3Gvw4wNMZfTYZa6IQal	The Way I Are (Dance with Somebody) (feat. Lil Wayne) - Spotify Version	Bebe Rexha	162905	132	3	132	-14
147	1Qxj5nxpN2zXWYngetSiRi	OG Kush Diet	2 Chainz	160202	nan	1	147	new
148	6DNtNfH8hXkqOX1sjqmI7p	Cold Water (feat. Justin Bieber & MØ)	Major Lazer	159706	137	25	22	-11
149	17Fd6Yb7mSbinKG8LoWfFl	I Took A Pill In Ibiza - Seeb Remix	Mike Posner	159478	138	25	50	-11
150	6kl1qtQXQsFiIWRBK24Cfp	RAF	A$AP Mob	158182	130	4	130	-20
151	54ucfuN596MU25jQD3KjCL	Sober II (Melodrama)	Lorde	158121	nan	1	151	new
152	0qYTZCo5Bwh1nsUFGZP3zn	Felices los 4	Maluma	157712	141	6	141	-11
153	5OOkp4U9P9oL23maHFHL1h	Panda	Desiigner	155496	148	25	61	-5
154	0tgVpDi06FyKpA1z0VMD4v	Perfect	Ed Sheeran	155045	142	16	8	-12
155	5GFDrUTLGJix84sNhjCG0g	Caroline	Aminé	154967	150	25	20	-5
156	2YK01AIIWuywG24gsbuizE	Congratulations - Remix	Post Malone	153722	nan	1	156	new
157	4pLwZjInHj3SimIyN9SnOz	Side To Side	Ariana Grande	153675	144	25	19	-13
158	62vpWI1CHwFy7tMIcSStl8	No Role Modelz	J. Cole	152254	152	25	86	-6
159	6fujklziTHa8uoM5OQSfIo	Black Beatles	Rae Sremmurd	152092	147	25	7	-12
160	42NpUvd0I2kdIuMXX4nobE	Remember I Told You	Nick Jonas	152031	134	4	102	-26
161	2f9LSU0aBW04w6KL26DW8r	Come Closer	WizKid	150765	155	12	80	-6
162	3mRcWCyteY2133a7xVMrYw	Comin Out Strong (feat. The Weeknd)	Future	150311	146	17	38	-16
163	0ESJlaM8CE1jRWaNtwSNj8	beibs in the trap	Travis Scott	149891	163	20	136	0
164	6520aj0B4FSKGVuKNsOCOi	Chained To The Rhythm	Katy Perry	149839	125	17	5	-39
165	2of5xn0GU0TdFneR1saRLH	To the Max	DJ Khaled	149418	nan	1	165	new
166	4STaHtfguDMkWbPEo6Fwcx	Not Nice	PARTYNEXTDOOR	149096	145	25	85	-21
167	6n3HGiq4v35D6eFOSwqYuo	Teenage Fever	Drake	148254	140	14	12	-27
168	7EiZI6JVHllARrX9PUvAdX	Low Life (feat. The Weeknd)	Future	148118	154	25	72	-14
169	4Hf7WnR761jpxPr5D46Bcd	Treat You Better	Shawn Mendes	147667	162	25	41	-7
170	2ekn2ttSfGqwhhate0LSR0	New Rules	Dua Lipa	147649	151	3	151	-19
171	1KeZgPUr54C8iz3FjqzVoz	Young	The Chainsmokers	146547	158	5	81	-13
172	4VFE6ZNqa8jHAmbYICoAFg	God, Your Mama, And Me	Florida Georgia Line	146098	165	3	165	-7
173	6yr8GiTHWvFfi4o6Q5ebdT	'Till I Collapse	Eminem	146033	176	25	137	3
174	6b8Be6ljOzmkOmFslEb23P	24K Magic	Bruno Mars	145809	157	25	16	-17
175	6JV2JOEocMgcZxYSZelKcc	"CAN'T STOP THE FEELING! (Original Song from DreamWorks Animation's ""TROLLS"")"	Justin Timberlake	145073	161	25	59	-14
176	6De0lHrwBfPfrhorm9q1Xl	Me Rehúso	Danny Ocean	144571	174	2	174	-2
177	498ZVInMGDkmmNVpSWqHiZ	May We All	Florida Georgia Line	143916	184	7	177	7
178	61WbtB6ujkpNAsAf5LjF4b	Bon appétit	Katy Perry	143908	116	6	50	-62
179	11KJSRSgaDxqydKYiD2Jew	Too Good	Drake	143710	177	25	44	-2
180	68EMU2RD1ECNeOeJ5qAXCV	We Don't Talk Anymore	Charlie Puth	143290	168	25	65	-12
181	2wf9bp4MkChojtljddWpbO	PRBLMS	6LACK	143143	166	17	144	-15
182	2RttW7RAu5nOAfq6YFvApB	Happier	Ed Sheeran	142652	167	16	11	-15
183	27SdWb2rFzO6GWiYDBTD9j	Cheap Thrills	Sia	142128	169	25	46	-14
184	0dvu4Irbq0SM5BWny30rRR	Disrespectful	GASHI	141726	156	3	156	-28
185	5Z01UMMf7V1o0MzF86s6WJ	"Lose Yourself - From ""8 Mile"" Soundtrack"	Eminem	141356	180	25	136	-5
186	4tCtwWceOPWzenK2HAIJSb	Work from Home (feat. Ty Dolla $ign)	Fifth Harmony	140498	164	25	62	-22
187	6fxVffaTuwjgEk5h9QyRjy	Photograph	Ed Sheeran	140359	178	20	55	-9
188	2aksifNn5ph8igDOkPBA02	Love On The Brain	Rihanna	140321	188	25	58	0
189	3pndPhlQWjuSoXhcIIdBjv	What They Want	Russ	139489	186	25	86	-3
190	2KvHC9z14GSl4YpkNMX384	Do Not Disturb	Drake	139032	187	14	28	-3
191	4wdZdkEugVVorAfzqRqC6N	Candy Paint	Post Malone	138321	170	4	170	-21
192	6zLdXcmvIxnAXpz9sXFnIE	Craving You	Thomas Rhett	138058	172	3	168	-20
193	3eZGNBvKkExXp8q5FAyM8y	Champions	Kanye West	136049	183	3	183	-10
194	1Slwb6dOYkBlWal1PGtnNg	Thinking out Loud	Ed Sheeran	135914	189	18	75	-5
195	6i0V12jOa3mr6uu4WYhUBr	Heathens	Twenty One Pilots	135563	190	25	33	-5
196	4TZy1wLyHec06pwgFYDh1a	Mercy	Shawn Mendes	135536	193	25	24	-3
197	3hB5DgAiMAQ4DzYbsMq1IT	Love Yourself	Justin Bieber	135038	179	17	85	-18
198	6F609ICg9Spjrw1epsAnpa	Controlla	Drake	134762	175	25	56	-23
199	3A2OHirUAlQp2x73BJlEDA	Perfect Pint (feat. Kendrick Lamar, Gucci Mane & Rae Sremmurd)	Mike WiLL Made-It	134601	171	4	160	-28
200	2jfCy43LsFbCQoB6HyetlY	Let Me Love You	SJUR	134563	173	22	74	-27
