position	song_id	song_name	artist	streams	last_week_position	weeks_on_chart	peak_position	position_status
1	5CtI0qwDJkDQGwXD1H1cLb	Despacito - Remix	Luis Fonsi	1150979	1	18	1	0
2	3B54sVLJ402zGa6Xm4YGNe	Unforgettable	French Montana	1139507	2	6	2	0
3	1OAh8uOEOvTDqkKFsKksCi	Wild Thoughts (feat. Rihanna & Bryson Tiller)	DJ Khaled	940398	3	9	2	0
4	2rb5MvYT7ZIxbKW5hfcHx8	Mi Gente	J Balvin	891310	6	7	4	2
5	5bcTCxgc7xVfSaMV3RuVke	Feels (feat. Pharrell Williams, Katy Perry & Big Sean)	Calvin Harris	881021	4	8	4	-1
6	3DXncPQOG4VBw3QHh3S817	I'm the One (feat. Justin Bieber, Quavo, Chance the Rapper & Lil Wayne)	DJ Khaled	830862	5	12	1	-1
7	6EpRaXYhGOB3fj4V2uDkMJ	Strip That Down	Liam Payne	786221	9	13	7	2
8	5EnYT6F7wEcdege6mDHEfO	Signs	Drake	782084	8	6	5	0
9	2eMwDehkIC1j68U6FA3Eiq	XO TOUR Llif3	Lil Uzi Vert	778864	7	21	5	-2
10	5eqK0tbzUPo2SoeZsov04s	Bank Account	21 Savage	766665	10	6	10	0
11	4iLqG9SeJSnt0cSPICSjxv	Attention	Charlie Puth	709161	12	17	7	1
12	7KXjTSCq5nL1LoYtL7XAwS	HUMBLE.	Kendrick Lamar	697368	11	20	1	-1
13	25C5CowdsfXld2jJanbiex	Sorry Not Sorry	Demi Lovato	693313	15	5	13	2
14	167NczpNbRF7oWakJaY3Hh	Slow Hands	Niall Horan	677611	14	15	12	0
15	3A7qX2QjDlPnazUsRk5y0M	2U (feat. Justin Bieber)	David Guetta	659705	13	9	5	-2
16	3HVr6jTVwBHBa2flM0eURR	Glorious (feat. Skylar Grey)	Macklemore	640731	16	8	16	0
17	1yxgsra98r3qAtxqiGZPiX	BUTTERFLY EFFECT	Travis Scott	634996	17	13	17	0
18	79cuOz3SPQTuFrp8WgftAu	There's Nothing Holdin' Me Back	Shawn Mendes	599715	20	17	10	2
19	2ekn2ttSfGqwhhate0LSR0	New Rules	Dua Lipa	599612	25	11	19	6
20	0tKcYR2II1VCQWT79i5NrW	Thunder	Imagine Dragons	587431	19	13	15	-1
21	0CcQNd8CINkwQfe1RDtGV6	Believer	Imagine Dragons	565025	18	25	11	-3
22	7F9vK8hNFMml4GtHsaXui6	Back to You (feat. Bebe Rexha & Digital Farm Animals)	Louis Tomlinson	561876	24	4	22	2
23	3a1lNhkSLSkpJE4MSHpDu9	Congratulations	Post Malone	560993	23	30	7	0
24	3PEgB3fkiojxms35ntsTgs	More Than You Know	Axwell /\ Ingrosso	558737	26	3	24	2
25	0jdny0dhgjUwoIp5GkqEaA	Praying	Kesha	556582	nan	1	25	new
26	7qiZfU4dY1lWllzX7mPBI3	Shape of You	Ed Sheeran	553491	22	32	1	-4
27	0XLOf9LhyazPX9Ld8jPiUq	Fetish (feat. Gucci Mane)	Selena Gomez	549571	21	4	15	-6
28	0ofbQMrRDsUaVKq2mGLEAb	Havana	Camila Cabello	527282	57	2	28	29
29	1wjzFQodRWrPcQ0AnYnvQ9	I Like Me Better	Lauv	510592	29	12	24	0
30	7vGuf3Y35N4wmASOKLUVVU	Silence	Marshmello	500232	nan	1	30	new
31	3kxfsdsCpFgN412fpnW85Y	Redbone	Childish Gambino	497796	27	33	19	-4
32	7tr2za8SQg2CI8EDgrdtNl	Slide (feat. Frank Ocean & Migos)	Calvin Harris	449385	30	21	6	-2
33	152lZdxL1OR0ZMW6KquMif	Location	Khalid	445859	33	28	29	0
34	7mldq42yDuxiUNn08nvzHO	Body Like A Back Road	Sam Hunt	440069	32	28	31	-2
35	6jA8HL9i4QGzsj6fjoxp8Y	There for You	Martin Garrix	419346	35	12	22	0
36	6p8NuHm8uCGnn2Dtbtf7zE	Slippery (feat. Gucci Mane)	Migos	416626	36	29	36	0
37	2mfUa8bLs2s5N4VaqJZ4lZ	Most Girls	Hailee Steinfeld	406849	41	16	37	4
38	7aF09WaavZAmAWuUeYxlYD	Rich Love (with Seeb)	OneRepublic	403970	46	5	38	8
39	57p8CBvPOxrvyCbn6ttl5r	Would You Ever	Skrillex	399483	53	3	39	14
40	6HZILIRieu8S0iqY8kIKhj	DNA.	Kendrick Lamar	399459	37	18	2	-3
41	0NiXXAI876aGImAd6rTj8w	Mama	Jonas Blue	395607	42	6	24	1
42	2771LMNxwf62FTAdpJMQfM	Bodak Yellow	Cardi B	393690	68	3	42	26
43	0dA2Mk56wEzDgegdC6R17g	Stay (with Alessia Cara)	Zedd	392839	38	25	6	-5
44	1e1JKLEDKP7hEQzJfNAgPl	Magnolia	Playboi Carti	384963	51	16	44	7
45	3Ytr1SUCUi6J3L9dRFx5iH	Know No Better (feat. Travis Scott, Camila Cabello & Quavo)	Major Lazer	384918	28	11	23	-17
46	7hDc8b7IXETo14hHIHdnhd	Passionfruit	Drake	377952	40	22	1	-6
47	4c2W3VKsOFoIg2SFaO6DY5	Your Song	Rita Ora	376825	47	12	47	0
48	6WbADFqMvR8N5u0BvtsWQE	Without You (feat. Sandro Cavazza)	Avicii	373271	nan	1	48	new
49	1sCxVKWImDZSZKvG0U9B23	Bad Liar	Selena Gomez	372908	31	12	9	-18
50	6RUKPb4LETWmmr3iAEQktW	Something Just Like This	The Chainsmokers	372481	44	26	2	-6
51	0KKkJNfGyhkQ5aFogxQAPU	That's What I Like	Bruno Mars	355158	48	33	8	-3
52	3rOSwuTsUlJp0Pu0MkN8r8	Mask Off	Future	352807	43	26	3	-9
53	5Z3GHaZ6ec9bsiI5BenrbY	Young Dumb & Broke	Khalid	344341	63	8	53	10
54	0RYXEibxMami3QuT8kn4Iz	Marmalade (feat. Lil Yachty)	Macklemore	332600	66	3	54	12
55	6gBFPUFcJLzWGx4lenP6h2	goosebumps	Travis Scott	324430	54	33	54	-1
56	2OALaHcDdKkjYEpAr0Qzab	Lonely Together (feat. Rita Ora)	Avicii	323653	nan	1	56	new
57	2nYwV62UABTH0NanrwVIdQ	Perplexing Pegasus	Rae Sremmurd	321459	52	2	52	-5
58	31MkGwj0SWgZaTvEt5Hgxv	What About Us	P!nk	318439	nan	1	58	new
59	7LEydI5NfjY6mZfKwYIptZ	Down	Fifth Harmony	314513	55	11	52	-4
60	4xBjsLUSjcx2h7PcRikpQp	OMG	Camila Cabello	310297	76	2	60	16
61	6kex4EBAj0WHXDKZMEJaaF	Swalla (feat. Nicki Minaj & Ty Dolla $ign)	Jason Derulo	307556	56	25	14	-5
62	6H0AwSQ20mo62jGlPGB8S6	It's A Vibe	2 Chainz	301862	61	15	60	-1
63	6kig1UFggPUyZBCvXD3Wod	No Complaints	Metro Boomin	298698	59	8	39	-4
64	4gqMQftUs22F8pOGVn5Acr	Reminding Me	Shawn Hook	294564	62	14	40	-2
65	6QgjcU0zLnzq5OrUoSZ3OK	Feel It Still	Portugal. The Man	292344	60	6	54	-5
66	3eR23VReFzcdmS7TYCrhCe	It Ain't Me (with Selena Gomez)	Kygo	292261	58	25	2	-8
67	7i2DJ88J7jQ8K7zqFX2fW8	Now Or Never	Halsey	290800	45	8	17	-22
68	3sJHkcxojoJD2Ytbo1yLLF	Two High	Moon Taxi	290248	70	8	62	2
69	0lMbuWUpfTWhEmOKxppEau	Rollin (feat. Future & Khalid)	Calvin Harris	289361	50	10	19	-19
70	1839RWzPRZCVgvamu4sHSN	All My Love (feat. Conor Maynard)	Cash Cash	288292	65	6	63	-5
71	1SJtlNRJDeYHioymcvsqev	Crying in the Club	Camila Cabello	281530	34	13	21	-37
72	1nX9KhK3Fff27SnrIor2Yb	4 AM	2 Chainz	278587	67	9	52	-5
73	0q75NwOoFiARAVp4EXU4Bs	Love Galore (feat. Travis Scott)	SZA	274147	73	9	70	0
74	4aWmUDTfIPGksMNLV2rQP2	Despacito (Featuring Daddy Yankee)	Luis Fonsi	272813	64	30	22	-10
75	6SwRhMLwNqEi6alNPVG00n	LOYALTY. FEAT. RIHANNA.	Kendrick Lamar	265449	69	18	3	-6
76	37F0uwRSrdzkBiuj0D5UHI	Reminder	The Weeknd	261593	74	33	40	-2
77	1NDxZ7cFAo481dtYWdrUnR	Pretty Girl - Cheat Codes X CADE Remix	Maggie Lindemann	259249	49	19	40	-28
78	7BKLCZ1jbUBVqRi2FVlTVw	Closer	The Chainsmokers	256363	75	33	3	-3
79	1louJpMmzEicAn7lzDalPW	No Promises (feat. Demi Lovato)	Cheat Codes	254218	80	20	33	1
80	6Q2FftbUG530lCtBI74bMH	Drowning (feat. Kodak Black)	A Boogie Wit da Hoodie	252779	77	19	54	-3
81	6UjfByV1lDLW0SOVQA4NAi	Gyalchester	Drake	249320	72	22	6	-9
82	0ZiRSqlSsDlY0UyDYU9CTE	Unforgettable	Thomas Rhett	243090	131	3	82	49
83	1CKd1PnqfYx0H12V9MSaIY	Get Low (with Liam Payne)	Zedd	242934	82	6	44	-1
84	2bjwRfXMk4uRgOD9IBYl9h	Portland	Drake	241902	78	22	4	-6
85	1vVNlXi8gf8tZ7OhnEs4VE	A Lie	French Montana	240990	71	5	35	-14
86	5uCax9HTNlzGybIStD3vDh	Say You Won't Let Go	James Arthur	237112	81	33	6	-5
87	5tz69p7tJuGPeMGwNTxYuV	1-800-273-8255	Logic	236436	84	16	18	-3
88	0xG0SHshCStMEyNbNC5d4k	Issues	Julia Michaels	235157	83	2	83	-5
89	7KOlJ92bu51cltsD9KU5I7	T-Shirt	Migos	231518	86	31	10	-3
90	2Gl0FzuLxflY6nPifJp5Dr	First Time	Kygo	229860	87	16	19	-3
91	0afhq8XCExXpqazXczTSve	Galway Girl	Ed Sheeran	226531	90	24	4	-1
92	5aAx2yezTd8zXrkmtKl66Z	Starboy	The Weeknd	226121	88	33	1	-4
93	1x5sYLZiu9r5E43kMlt9f8	Symphony (feat. Zara Larsson)	Clean Bandit	225949	85	22	22	-8
94	7F1LWA9sIlTorHUo4amGqk	Reminder - Remix	The Weeknd	224186	79	2	79	-15
95	4Q3N4Ct4zCuIHuZ65E3BD4	Tunnel Vision	Kodak Black	221624	92	26	18	-3
96	2EEeOnHehOozLq4aS0n6SL	iSpy (feat. Lil Yachty)	KYLE	215755	91	33	9	-5
97	1xznGGDReH1oQq0xzbwXa3	One Dance	Drake	214913	93	33	12	-4
98	2habSXqcJGExM6JJyskY7O	Malibu	Miley Cyrus	214678	89	14	7	-9
99	4Km5HrUvYTaSUfiSGPJeQR	Bad and Boujee (feat. Lil Uzi Vert)	Migos	214631	94	33	3	-5
100	6mapJIPnQ23RTAevUoE0DL	Swang	Rae Sremmurd	212183	95	33	45	-5
101	1Sl3njkhhz8nrSPZroDQ82	Complicated (feat. Kiiara)	Dimitri Vegas & Like Mike	202971	98	3	98	-3
102	53mrVsi49rLHIaKBiSvElG	do re mi (feat. Gucci Mane)	blackbear	200871	118	2	102	16
103	6PGoSes0D9eUDeeAafB2As	LOVE. FEAT. ZACARI.	Kendrick Lamar	200387	99	18	8	-4
104	0SGkqnVQo9KPytSri1H6cF	Bounce Back	Big Sean	196484	97	33	7	-7
105	33z5crv3IO5U2BOi8xod92	Something New (feat. Ty Dolla $ign)	Wiz Khalifa	192343	nan	1	105	new
106	6PCUP3dWmTjcTtXY02oFdT	Castle on the Hill	Ed Sheeran	192319	100	32	2	-6
107	3NdDpSvN911VPGivFlV5d0	"I Don’t Wanna Live Forever (Fifty Shades Darker) - From ""Fifty Shades Darker (Original Motion Picture Soundtrack)"""	ZAYN	192080	102	33	2	-5
108	25oOaleife6E2MIKmFkPvg	Relationship (feat. Future)	Young Thug	191831	103	9	103	-5
109	1EaKU4dMbesXXd3BrLCtYG	ELEMENT.	Kendrick Lamar	186647	96	18	6	-13
110	61mnlyQlnPuq1GEX0LxIWh	Live up to My Name	Baka Not Nice	185335	123	2	110	13
111	343YBumqHu19cGoGARUTsd	Fake Love	Drake	182655	104	33	2	-7
112	76Y0gxtTxN0FyDCYh5qYQj	Get Right Witcha	Migos	182176	109	29	51	-3
113	5GXAXm5YOmYT0kL5jHvYBt	I Feel It Coming	The Weeknd	179859	105	33	8	-8
114	6dVZCbi9CYtD9LjAHXRjIG	Mask Off (feat. Kendrick Lamar) - Remix	Future	177376	107	8	82	-7
115	1g1TeDflB6atAy7HKwrzXu	Learn To Let Go	Kesha	176751	nan	1	115	new
116	6c7D34787LOtPm8tzhsLgH	Rake It Up	Yo Gotti	175842	121	5	116	5
117	72jbDTw1piOOj770jWNeaG	Paris	The Chainsmokers	174561	110	31	2	-7
118	6fwdbPMwP1zVStm8FybmkO	X (feat. Future)	21 Savage	174318	113	33	39	-5
119	5knuzwU65gJK7IF5yJsuaW	Rockabye (feat. Sean Paul & Anne-Marie)	Clean Bandit	173081	111	33	5	-8
120	4XGqzhzg4PDmdPEMWmi7r8	Parallel Lines (feat. Happy Sometimes)	DVBBS	172364	119	7	101	-1
121	2RwmsAOxtiRezQPmvyejb8	Ex Calling	6LACK	169554	120	4	120	-1
122	0QsvXIfqM0zZoerQfsI9lm	Don't Let Me Down	The Chainsmokers	169520	112	33	42	-10
123	3izYo2ghdPK4B8jwXYgje4	Love Again	Hedley	168341	108	8	101	-15
124	0iTCmKvuU1ReULiQB0rI7n	Tone It Down (feat. Chris Brown)	Gucci Mane	167022	124	8	124	0
125	6xHI9KjUjYT0FPtGO8Mxa1	Hurricane	Luke Combs	164651	126	14	118	1
126	5Ohxk2dO5COHF1krpoPigN	Sign of the Times	Harry Styles	162976	115	19	14	-11
127	5yuShbu70mtHXY0yLzCQLQ	Go Flex	Post Malone	162050	125	24	125	-2
128	5Od0M7jp6IODTPW0cygHgu	Perfect Timing (Intro)	NAV	161881	116	4	71	-12
129	0B8QzDH7YWih85V5SEMnyJ	Money Longer	Lil Uzi Vert	161336	122	33	111	-7
130	5uDASfU19gDxSjW8cnCaBp	Chill Bill (feat. J. Davi$ & Spooks)	Rob $tone	159173	132	33	42	2
131	0tgVpDi06FyKpA1z0VMD4v	Perfect	Ed Sheeran	159027	151	24	8	20
132	76lgcpdPtw5hHu3A6LuGZe	Small Town Boy	Dustin Lynch	158540	nan	1	132	new
133	6eT7xZZlB2mwyzJ2sUKG6w	White Iverson	Post Malone	158200	127	33	115	-6
134	6mORGLOz79w6VsCRLWYYuK	The Night We Met	Lord Huron	158025	129	19	56	-5
135	7yyRTcZmCiyzzJlNzGC9Ol	Broccoli (feat. Lil Yachty)	DRAM	156988	134	33	23	-1
136	5GG3knKdxKWrNboRijxeKF	Run Me Dry	Bryson Tiller	156794	143	12	67	7
137	6De0lHrwBfPfrhorm9q1Xl	Me Rehúso	Danny Ocean	156526	145	10	133	8
138	7zVCrzzEJU7u24sbJPXA5W	What Ifs (feat. Lauren Alaina)	Kane Brown	155547	133	7	133	-5
139	6yr8GiTHWvFfi4o6Q5ebdT	'Till I Collapse	Eminem	155046	149	33	137	10
140	2XlHu0HcujBCkWMdIAvrqt	Blem	Drake	154619	138	22	3	-2
141	78rIJddV4X0HkNAInEcYde	Call On Me - Ryan Riback Extended Remix	Starley	153553	137	33	10	-4
142	22BH6K8RlpwNzIINvWS4Jj	(Not) The One	Bebe Rexha	152928	nan	1	142	new
143	20dP2DaMHIAmwWAbp7peSr	pick up the phone	Young Thug	152926	128	33	65	-15
144	4ARPvK8DHLwt4oX65ZAFMw	Look At Me!	XXXTENTACION	152387	135	24	52	-9
145	0pSBuHjILhNEo55xK1zrRt	Rolex	Ayo & Teo	152190	136	28	55	-9
146	1qOLh0tI7trd1zdDKxYZTe	Starving	Hailee Steinfeld	151003	141	33	18	-5
147	4AFgK4wP1iD5i8BYaLr9Vf	You Da Baddest	Future	150286	101	3	100	-46
148	0qYTZCo5Bwh1nsUFGZP3zn	Felices los 4	Maluma	148750	142	14	126	-6
149	6zLdXcmvIxnAXpz9sXFnIE	Craving You	Thomas Rhett	148503	130	11	78	-19
150	5Z01UMMf7V1o0MzF86s6WJ	"Lose Yourself - From ""8 Mile"" Soundtrack"	Eminem	147633	155	30	136	5
151	4EbULzyWMuFx94aoIY1MlJ	A$AP Ferg	NAV	147159	114	4	77	-37
152	4LSkEJ5P5MV0y3PZqw7guJ	Sober	Cheat Codes	145433	159	3	152	7
153	6fxVffaTuwjgEk5h9QyRjy	Photograph	Ed Sheeran	145293	158	28	55	5
154	6HUnnBwYZqcED1eQztxMBN	Solo Dance	Martin Jensen	144669	157	33	29	3
155	4Hf7WnR761jpxPr5D46Bcd	Treat You Better	Shawn Mendes	144600	174	33	41	19
156	5hTpBe8h35rJ67eAWHQsJx	Caroline	Aminé	144357	152	3	145	-4
157	3Q3myFA7q4Op95DOpHplaY	do re mi	blackbear	144174	153	14	70	-4
158	62vpWI1CHwFy7tMIcSStl8	No Role Modelz	J. Cole	143324	156	33	86	-2
159	3GPI7hYiqD6enLRobhkBm8	Summer Air	ItaloBrothers	142462	nan	1	159	new
160	59J5nzL1KniFHnU120dQzt	wokeuplikethis*	Playboi Carti	142335	164	17	89	4
161	0G149jkGWKwrPXUGkEDgWM	Numb	21 Savage	142181	169	6	96	8
162	6kl1qtQXQsFiIWRBK24Cfp	RAF	A$AP Mob	141460	168	10	130	6
163	3t0J8vI9StQD8KIBkT2Cp5	Tired - Kygo Remix	Alan Walker	141334	150	3	130	-13
164	74ODGXs4byLTRdnKGM4s6E	Super Far	LANY	140757	117	6	86	-47
165	7zxRMhXxJMQCeDDg0rKAVo	Some Way	NAV	140529	163	26	27	-2
166	3pndPhlQWjuSoXhcIIdBjv	What They Want	Russ	140264	154	33	86	-12
167	5OOkp4U9P9oL23maHFHL1h	Panda	Desiigner	140204	166	33	61	-1
168	1JupdHkhDzE4XtrFFe9w6o	No Such Thing as a Broken Heart	Old Dominion	139996	180	4	168	12
169	4QeBlVCl2KzUEcQZiuskRd	Sway (feat. Quavo & Lil Yachty)	NexXthursday	139547	167	3	167	-2
170	2XaInsPPUkZRkY4uFJ3AHK	Met Gala (feat. Offset)	Gucci Mane	139188	148	12	88	-22
171	7yq4Qj7cqayVTp3FF9CWbm	Riptide	Vance Joy	137898	162	20	161	-9
172	68EMU2RD1ECNeOeJ5qAXCV	We Don't Talk Anymore	Charlie Puth	137015	185	33	65	13
173	21yRtB6B8EMounImAfHRCP	Who Dat Boy (feat. A$AP Rocky)	Tyler, The Creator	136601	144	4	87	-29
174	3ebXMykcMXOcLeJ9xZ17XH	Scared to Be Lonely	Martin Garrix	136456	179	29	7	5
175	4F7A0DXBrmUAkp32uenhZt	Party Monster	The Weeknd	135529	173	32	24	-2
176	1Slwb6dOYkBlWal1PGtnNg	Thinking out Loud	Ed Sheeran	134995	176	24	75	0
177	0ESJlaM8CE1jRWaNtwSNj8	beibs in the trap	Travis Scott	134759	171	28	136	-6
178	0BU7nIcCZxYSE0hYcc5oZz	Too Many Years	Kodak Black	134601	182	32	108	4
179	0fg8CqpjdojMyXLNzM2PaJ	Run Up (feat. PARTYNEXTDOOR & Nicki Minaj)	Major Lazer	134325	160	29	15	-19
180	60a0Rd6pjrkxjPbaKzXjfq	In the End	Linkin Park	134073	146	4	49	-34
181	4pdPtRcBmOSQDlJ3Fk945m	Let Me Love You	DJ Snake	134028	175	33	6	-6
182	17Fd6Yb7mSbinKG8LoWfFl	I Took A Pill In Ibiza - Seeb Remix	Mike Posner	133223	170	33	50	-12
183	2jYmK1cb3Uya6FFsocdpzO	Why	Sabrina Carpenter	133179	nan	3	161	re-enter
184	7gAsQukM6omGxCZE1Y3iDl	Catchin Feels	Elijah Woods x Jamie Fine	133162	nan	1	184	new
185	0L7loeTIg6akW84aEQZpCT	Light It Up (feat. Nyla & Fuse ODG) - Remix	Major Lazer	132528	172	14	83	-13
186	4bHsxqR3GMrXTxEPLuK5ue	Don't Stop Believin'	Journey	132370	181	9	174	-5
187	6JV2JOEocMgcZxYSZelKcc	"CAN'T STOP THE FEELING! (Original Song from DreamWorks Animation's ""TROLLS"")"	Justin Timberlake	131176	177	33	59	-10
188	6fujklziTHa8uoM5OQSfIo	Black Beatles	Rae Sremmurd	130615	187	32	7	-1
189	4TZy1wLyHec06pwgFYDh1a	Mercy	Shawn Mendes	130420	nan	26	24	re-enter
190	2zYs4BonN2ydkbrRk333SN	Come Closer (feat. Drake)	WizKid	130137	165	6	108	-25
191	2KvHC9z14GSl4YpkNMX384	Do Not Disturb	Drake	129345	186	17	28	-5
192	2RttW7RAu5nOAfq6YFvApB	Happier	Ed Sheeran	128852	190	22	11	-2
193	0rlFL6bxIWcCn9gk9GExFA	Love U Better (feat. Lil Wayne & The-Dream)	Ty Dolla $ign	128731	188	5	157	-5
194	4GBuL6fgtVXJNgP1GzoF6Z	Nasty (Who Dat)	A$AP Ferg	128479	nan	1	194	new
195	0qfq195ZlBgRNeeABoQCwp	One I Want (feat. PARTYNEXTDOOR)	Majid Jordan	127702	183	8	101	-12
196	6DNtNfH8hXkqOX1sjqmI7p	Cold Water (feat. Justin Bieber & MØ)	Major Lazer	127496	184	33	22	-12
197	6b8Be6ljOzmkOmFslEb23P	24K Magic	Bruno Mars	126609	189	33	16	-8
198	1xpXnpIpuvzpx9jz15baJF	Call Me	NAV	124559	140	4	51	-58
199	6XOYVSmNDjKUNMXooU4s4z	No Vacancy	OneRepublic	124077	nan	15	54	re-enter
200	4pLwZjInHj3SimIyN9SnOz	Side To Side	Ariana Grande	123702	199	32	19	-1
