position	song_id	song_name	artist	streams	last_week_position	weeks_on_chart	peak_position	position_status
1	00zzSEe82JTtz68XlARnh7	Amor Falso	Aldair Playboy	3919392	2	7	1	1
2	2Ab1wPTEqulaCGoBak1gUo	Ao Vivo E A Cores	Matheus & Kauan	3914737	1	3	1	-1
3	74n5d5M21JnC4WJ6gdkggK	Propaganda - Ao Vivo	Jorge & Mateus	3711953	3	14	2	0
4	0RBOFW5424gCCCZrgECbt6	Romance Com Safadeza	Wesley Safadão	3386024	5	7	4	1
5	76KDy62J99FKu6ZsxMJy3j	Amor de Verdade	MC Kekel	3326547	4	9	1	-1
6	68uKHxQzoY6gd7YSKJf21J	Só Quer Vrau	MC MM	3186936	6	7	1	0
7	1IJH7QjV5V99eJBtKXqGXE	Largado Às Traças - Ao Vivo	Zé Neto & Cristiano	3059865	8	2	7	1
8	3MxbRHE1u74SoMNR9iURIZ	Jogo do Amor	MC Bruninho	2964938	12	3	8	4
9	6tuzPD1zPPvwMbGiD0TBay	Fuleragem	MC WM	2819780	7	13	4	-2
10	6yxYagNp6Gapd7jXmWzgVc	A Culpa É Dele - Ao Vivo | Acústico	Marília Mendonça	2704294	9	7	8	-1
11	6etab3UBCo5GOTMZqUvRka	Ta Tum Tum	MC Kevinho	2462659	13	16	1	2
12	7JdZZfozlODQ08ATf8xIZ6	Anti-Amor - Ao Vivo	Gustavo Mioto	2327307	11	23	7	-1
13	4nraNqonMyfc0U3o8VeXVu	Ocean	Alok	2219427	10	5	7	-3
14	0uwaiApk6k7k9POyFjTKeR	Tô Com Moral No Céu! - Ao Vivo	Matheus & Kauan	2126041	15	3	12	1
15	3IfctMaf2sfvlSLRa42Cna	O Sol	Vitor Kley	2116518	14	12	13	-1
16	2cwFhwT6L2D4Olc25nhyZo	Amor Da Sua Cama	Felipe Araújo	2109970	18	31	7	2
17	6wXYGqXCLtEHx4VDb2TPcM	Apelido Carinhoso	Gusttavo Lima	2074362	19	26	2	2
18	4JPSfCXQe6kDliMIJTqISW	Coladinha em Mim - Ao Vivo	Gustavo Mioto	2042229	20	23	8	2
19	5FOCkGt7bp22nBVfQ4WSIT	Indecente	Anitta	1976175	17	10	2	-2
20	6u0EAxf1OJTLS7CvInuNd7	Vai malandra (feat. Tropkillaz & DJ Yuri Martins)	Anitta	1837693	22	24	1	2
21	5qjMyKkmosPBws5cImS9Zz	Trincadinho - Ao Vivo	Jorge & Mateus	1786932	21	14	7	0
22	3UxbT06Mz8aTJbHYYIxwkI	Mundo de Ilusões - Ao Vivo	Gusttavo Lima	1776266	26	3	22	4
23	5Zha6IxtfsLjqLYndyWcER	Bom Rapaz - Ao Vivo	Fernando & Sorocaba	1700487	24	28	20	1
24	74gguwbBvfBTurNJUWFOsC	Largado As Traças - Acústico	Zé Neto & Cristiano	1663822	16	11	1	-8
25	2PADJK4rhdklqFLQFa5oMX	Cerveja De Garrafa (Fumaça Que Eu Faço) - Ao Vivo	Atitude 67	1624107	23	2	23	-2
26	5tNnnptCfuLXLHnDqrL9ku	Papum	MC Kevinho	1521060	28	4	26	2
27	1fyhyOy6iS9E2NckAzjmTo	Status Que Eu Não Queria - Ao Vivo	Zé Neto & Cristiano	1432560	33	2	27	6
28	2srL4DYBekshpbprS6H0mO	Deixe Me Ir - Acústico	1Kilo	1405688	25	54	1	-3
29	0dGqIEsFN3KakdPCMkgjre	Dona Maria	Thiago Brava	1293630	27	30	8	-2
30	0pDaqgIForVNO4jrtTxcWT	Agora Vai Sentar	MC's Jhowzinho & Kadinho	1266817	29	38	1	-1
31	0nlFCC2xIQqUJpuQIVPl7S	Pega a Receita	MC Dede	1236400	30	6	27	-1
32	66wtCJjGr2mE6lLaLwkj6i	Acabou Acabou (Quando Eu Digo Que Acabou) - Ao Vivo	Gabriel Diniz	1233332	44	11	32	12
33	3gIJtSoFovsYGlVVPpWjRp	Loko	Tropkillaz	1185008	36	3	33	3
34	39N9RPD9MRb5WmoLzNzPeA	X	Nicky Jam	1140497	35	13	27	1
35	2XW4DbS6NddZxRPm5rMCeY	God's Plan	Drake	1135386	31	19	18	-4
36	7CtFr21TzdM4ntuBkwzpxg	Troféu do Ano	Jerry Smith	1099802	39	30	16	3
37	7ef4DlsgrMEH11cDZd32M6	One Kiss (with Dua Lipa)	Calvin Harris	1088197	37	8	33	0
38	5ac0YTpOaDX9wEYYyGCglL	Ar-Condicionado No 15 - Ao Vivo	Wesley Safadão	1037611	40	45	8	2
39	2x67AU9q3lf7cfPSzxCDsL	De Trás Pra Frente - Ao Vivo	Henrique & Juliano	1026337	41	47	17	2
40	5czCFvsdcKKkWdwT2AAAZC	Ausência - Ao Vivo | Acústico	Marília Mendonça	1020095	46	7	40	6
41	0Dq49j3dELbttQVUJbtn0c	Nervous	Shawn Mendes	999247	nan	1	41	new
42	5SxkdsY1ufZzoq9iXceLw9	no tears left to cry	Ariana Grande	993227	38	6	7	-4
43	21YnmkSDhUkmkkni22Svc4	In My Blood	Shawn Mendes	963575	nan	1	43	new
44	3Cabw7y9EoR68v7dBS76HQ	Pirata e tesouro - Ao vivo	Ferrugem	963135	49	11	38	5
45	4eizL2CPEy9lFUZw7HBKrk	Bilhete 2.0	Rashid	957308	57	4	45	12
46	6BPt2sVRvE41rUixcCAHY6	A Mala É Falsa - Ao Vivo	Felipe Araújo	954493	47	74	24	1
47	3TLik0AUo5Ri65DFrEivd4	Não encosta	Ludmilla	946648	84	6	39	37
48	7dt6x5M1jzdTEt8oCbisTK	Better Now	Post Malone	944307	48	5	48	0
49	6EFIK4B0jrvLO096QYEhnX	Você Não Vale Nada	Zé Felipe	940205	62	37	49	13
50	08bNPGLD8AhKpnnERrAc6G	FRIENDS	Marshmello	938206	43	16	34	-7
51	76cy1WJvNGJTj78UqeA5zr	IDGAF	Dua Lipa	893773	56	20	33	5
52	0b9oOr2ZgvyQu88wzixux9	This Is America	Childish Gambino	876109	32	4	24	-20
53	76NzI3TmJCAvw28nB3EGk2	Contrário	Jonas Esticado	870166	61	10	43	8
54	1wgD52FywIwdnLdV2Fa8NK	De Copo Em Copo - Ao Vivo	George Henrique & Rodrigo	857025	50	38	41	-4
55	6gquljDBW7rE6mCBzmTRxo	Raspão - Ao Vivo	Henrique & Diego	829249	51	74	6	-4
56	3sIMCkwUZbQbWeNOTG3ET4	Permanecer	Lucas Lucco	825269	55	30	5	-1
57	3HxM4lAPdlTxdl60Ecn092	Das 9 às 6	Henrique & Diego	803429	68	11	57	11
58	6uyMtLQXZ8amkLyv5l7F7O	Transplante	Marília Mendonça	803070	53	28	25	-5
59	1mBx8G3GBajrV0eTeYQshc	Quem Ensinou Fui Eu	Maiara & Maraisa	802431	65	14	56	6
60	7ieFtgZBYSC94nGs5yF0Wk	Azul Piscina	Mc Livinho	801264	63	29	21	3
61	0e7ipj03S05BNilyu5bRzt	rockstar (feat. 21 Savage)	Post Malone	799640	52	5	38	-9
62	4NFqlsk3yQn7DULU8OGnfP	Estranho - Ao Vivo | Acústico	Marília Mendonça	785076	59	7	24	-3
63	1R1HmdunvOnEK4bibKp7q5	Bonita, Lindinha e Sagaz	Mc Davi	759270	74	14	61	11
64	4lNriuYNZD2YP2OPG6xOte	Tem Café	Gaab	756036	64	28	19	0
65	4uD7ypL7pDmOiMiVX6TCCa	3 Dias Virado	Mc IG	754383	70	15	57	5
66	3lInRGfft6CCsJJPZX3AXq	Big Jet Plane	Alok	748757	60	16	22	-6
67	6LEFk0KHRfahO5pOMJlbdV	Amigo Taxista	Zé Neto & Cristiano	733775	45	29	16	-22
68	7qiZfU4dY1lWllzX7mPBI3	Shape of You	Ed Sheeran	732798	66	73	1	-2
69	2b9irL6QwOdbjJJldQoUOK	Ladrão	Naiara Azevedo	715844	90	10	56	21
70	1n36knZX4bQ6FvcNEISVe9	Amor Falso	Wesley Safadão	710943	187	2	70	117
71	6X5jBkAFu7HE3jigdoVW3r	Se é pra Gente Ficar	Solange Almeida	699414	86	40	40	15
72	2nPYWC7Jtd3gsd1iMQT3Vs	Pesadão (Participação especial Marcelo Falcão)	IZA	697540	69	5	47	-3
73	6XgIiUn8aEpfXtqruOf3Ng	Quase - Ao Vivo	Cleber & Cauan	686057	58	4	36	-15
74	4yjljBusKH0hgsIzHlF85T	Solta a batida	Ludmilla	683402	82	17	30	8
75	3Ga6eKrUFf12ouh9Yw3v2D	Downtown	Anitta	683028	73	28	1	-2
76	6ZR7rT7vfwtY0EqyLeyAaO	Ritmo Mexicano	Mc Gw	682988	83	35	8	7
77	6UZJOc2HBrTp9DYfir9N8n	Regime Fechado - Ao Vivo	Simone & Simaria	682707	72	74	9	-5
78	2ekn2ttSfGqwhhate0LSR0	New Rules	Dua Lipa	678380	94	47	2	16
79	1kNVJQEkobOlyfbctPZ4fs	Amar Amei	Mc Don Juan	672015	81	30	3	2
80	0lCmp1Mws7I9K4a0OAgces	Juramento do Dedinho	Mano Walter	669821	112	4	80	32
81	7Izh7zLJGw1Nscd62Exxj4	Believer	Imagine Dragons	665089	77	14	54	-4
82	1rfofaqEpACxVEHIZBJe6W	Havana (feat. Young Thug)	Camila Cabello	663978	80	20	6	-2
83	1hnGRSqLdeLB7x7kdDuizq	Na Conta Da Loucura - Ao Vivo	Bruno & Marrone	652254	75	35	61	-8
84	0pqyzGaS6qpdHs3bzjVYzb	Sem Contraindicação - Ao Vivo	Diego & Victor Hugo	651674	104	21	80	20
85	2caWIcrS6CLQDB5WglieeA	Menina Braba	Jerry Smith	649615	119	10	81	34
86	6zj6m5lgw6SB5bWxKdnnM1	I Loveando Tu - Ao Vivo	Lucas Lucco	644045	89	5	78	3
87	514rhnksEwHUh6LxXsQ4Y9	Back To You	Selena Gomez	641731	95	2	87	8
88	1IcbQvHb9B7MikgQjfJtAl	Beber Com Emergência - Ao Vivo	Jefferson Moraes	637343	111	20	81	23
89	0xLt187K4MEhKIxqiNALNN	Ritmo do Pam Pam	MC Rafa 22	618556	135	8	89	46
90	1qDZnViQgUItsMpWLVwfGb	Fica - Bonus Track	ANAVITÓRIA	616518	92	31	24	2
91	5SwEgzUFDHwpWHKrbnP32Z	Youth feat. Khalid	Shawn Mendes	613792	nan	1	91	new
92	3X5zRkzlpTiajlkI9QXQUz	Meu Amor - Ao Vivo	Henrique & Juliano	611770	93	47	76	1
93	3swc6WTsr7rl9DqQKQA55C	Psycho (feat. Ty Dolla $ign)	Post Malone	610445	85	5	59	-8
94	4G1i3FrLYRge4Z2ubJiOW3	Paralisa	MC Loma e As Gêmeas Lacração	595179	129	10	94	35
95	6ujbQPGL1jQs3fAUtKwX0x	Cliente Preferencial (Um Modão Atrás Do Outro) - Ao Vivo	George Henrique & Rodrigo	594405	115	8	79	20
96	3r9yRbPvDIt33pDZ0w3m6W	A Gente Continua - Ao Vivo	Zé Neto & Cristiano	594377	34	2	34	-62
97	3aW0ds4A4tSQDIp75FqWTo	FAKE LOVE	BTS	594307	42	2	42	-55
98	2gl2F5Z6ReNVh0wcyPLCKA	Pegada Que Desgrama	Naiara Azevedo	593752	105	23	69	7
99	5KNi9XFap48ry4puG7rvqv	Pra você acreditar - Ao vivo	Ferrugem	592715	107	8	99	8
100	06ZpMjkNdIDKVf3mK29UiC	Never Let Me Go	Alok	588552	101	56	5	1
101	5d4wIiSKzRqhJwip4co3Wa	Oh Quem Voltou	Dani Russo	587176	132	14	68	31
102	1YUWhlQjFv7MQpcbb77zTL	Poesia Acústica #3: Capricorniana	Pineapple StormTv	585389	99	28	77	-3
103	0trB3R0YBk3vGrGm5YSUTv	Fica Tudo Bem	Silva	579813	nan	1	103	new
104	1cTZMwcBJT0Ka3UJPXOeeN	Nice For What	Drake	579544	98	8	69	-6
105	2U94QDSo9N4e1iXrjo7KAB	Terra Sem CEP - Ao Vivo	Jorge & Mateus	579489	103	14	30	-2
106	1QqIcxyTz2G7I31wcrnERf	Ginga (Participação especial de Rincon Sapiência)	IZA	577395	110	5	58	4
107	0ihMkv4Usn03EEEF8Rlw22	Rapariga Não - Ao Vivo	João Neto & Frederico	571400	108	43	60	1
108	1a5Yu5L18qNxVhXx38njON	Hear Me Now	Alok	570501	106	74	1	-2
109	1m1vw2OQTYHt9AukcIPs8x	Escalada pra Jogar	Henrique & Diego	566639	133	24	39	24
110	6pSYjx66rlqRmGGTHhnjCo	Fazer Falta	Mc Livinho	565460	124	52	1	14
111	2ZuG40RDVJQwEaRWQu7Gh4	Bebida Na Ferida - Acústico	Zé Neto & Cristiano	560457	109	11	26	-2
112	25qfFpoGhk9Njgu5nl36sS	Fall In Line	Christina Aguilera	553229	54	2	54	-58
113	51MuxTQJudvUASe91tzR4C	My Life Is Going On / La Casa de Papel - Alok, JetLag Music, HOT-Q e WADD Remix	Alok	549127	113	8	76	0
114	2hgsL5UcOToRWUnNg9Jxfi	Não Deixo Não	Mano Walter	547114	139	23	114	25
115	0AyCBE9YKWjatl0ukCAhxN	Com Amor Não Se Brinca - Ao Vivo	Jonas Esticado	544740	141	30	107	26
116	1hw5UuO6s1DRAJmCn4Nc1H	Meu Mundo	WC no Beat	536669	nan	1	116	new
117	5xVJU6DJHnmHnbbKS56yCC	4 da manhã	UM44K	536167	131	52	33	14
118	2TihKW8ShdEEhKN3PSDEIq	Mais Amor e Menos Drama - Ao Vivo	Henrique & Juliano	535670	123	47	118	5
119	12lOxvml5EBvSCzQll7xVS	Contrato	Jorge & Mateus	533715	130	30	16	11
120	5Vw6ZLNB6Ko7VZM6vmNIbr	O Alvo - Ao Vivo	Diego & Victor Hugo	533443	121	19	115	1
121	67gLKHTj5FsGwbUCcGQZFm	Parece Namoro - Ao Vivo | Acústico	Marília Mendonça	533001	134	7	112	13
122	0r9tHLACmVGOXxsVRGvA3U	Não Se Apaixona	Jerry Smith	531089	186	5	92	64
123	5JZlDZzWPbrYwMHmnOQO3U	Cê Acredita - Ao Vivo	João Neto & Frederico	530005	71	42	17	-52
124	3HEb6Y5dv8PgD6JgsIQNac	Bebida Na Ferida - Ao Vivo	Zé Neto & Cristiano	529364	76	2	76	-48
125	7vgNGxchhqDQWjKjLPTPro	Abusadamente	MC Gustta	527463	140	39	16	15
126	26gceVsA1ybT8qsX3aYLEn	Thunder	Imagine Dragons	526525	127	14	70	1
127	7q4aClIlFcgyVQDACJQdmG	Cante por Nós	Vintage Culture	524110	122	12	50	-5
128	36wm1WBVArEbnIgtkT3abj	Sunshine	Cat Dealers	523214	117	4	91	-11
129	45Egmo7icyopuzJN0oMEdk	Love Lies (with Normani)	Khalid	521409	116	15	67	-13
130	5xLgaPb5QER901yGpnJb7w	Maldade - Ao Vivo | Acústico	Maiara & Maraisa	520789	136	7	95	6
131	0OuShHz7Oi531jev235a5d	A Gente Continua - Acústico	Zé Neto & Cristiano	517111	91	11	32	-40
132	2g2ZjM1GjY9Lf2Ff0L94Ul	Vidinha de Balada - Ao Vivo	Henrique & Juliano	515144	138	45	5	6
133	5Ufele27Idk8xPHYMh85Ra	Vou Pegar	Dennis DJ	510765	152	12	99	19
134	1ZYD1c1vFMdeyRdNBxJiAr	Como é Que Faz	Rob Nunes	503088	143	7	101	9
135	74RrMiuSOzAHZEqLlC0BHz	Toda La Noche	Alok	501849	nan	1	135	new
136	7KShGTrCjujjGb6rqGjd5r	Status Que Eu Não Queria - Acústico	Zé Neto & Cristiano	500952	126	11	101	-10
137	4bXwQ9ZcMjoN28b4J9bykr	Só Vem! - Ao Vivo	Thiaguinho	498106	144	14	88	7
138	7q5agbUOzZnVF4Yes3AD7I	Deixa Ela Beijar	Matheus & Kauan	496575	151	28	4	13
139	1XUAAp2Hs03Yq6E6hWxOh5	Matéria de amor (Participação especial de Matheus & Kauan)	Paula Mattos	493787	156	10	112	17
140	1gm616Plq4ScqNi7TVkZ5N	Call Out My Name	The Weeknd	482757	128	9	19	-12
141	1Wolb8MRcXR2IMMaELTRpE	Envolvimento	MC Loma e As Gêmeas Lacração	474015	168	17	2	27
142	6bgQIw80xWC3MPZX4kVYGw	Trevo (Tu)	ANAVITÓRIA	472312	142	70	25	0
143	51wrmElSLxFzc0vSQPeTxs	Where Were You In The Morning?	Shawn Mendes	471746	nan	1	143	new
144	73F87Sqh6jQWucOOvz1WFx	Genius	Sia	467929	197	4	75	53
145	2bFuWE2oCgdhW5A20V9ILC	Vale por Dez - Ao Vivo	Jorge & Mateus	467167	148	14	32	3
146	0CL59AhCHJaR8L3I7sra8g	Coração Mal Assombrado - Ao Vivo | Acústico	Marília Mendonça	465085	157	7	101	11
147	4yrAsYnGZ0d6cI9nFUIKsQ	Novela das Nove - Ao Vivo	Zé Neto & Cristiano	463741	88	2	88	-59
148	6HaTYIUKd8SzdvGOfutBRD	Poesia Acústica #2: Sobre Nós	Delacruz	463556	145	19	116	-3
149	3A1LphuJ5lQD6NjPtxtYFh	Aquela Pessoa - Ao Vivo	Henrique & Juliano	462029	149	47	86	0
150	3GCdLUSnKSMJhs4Tj6CV3s	All The Stars (with SZA)	Kendrick Lamar	461890	137	14	48	-13
151	75E2xyRjYAsmjfDeAwdW0D	Popotão Grandão	Mc Neguinho do ITR	459169	158	14	64	7
152	202ZvROo781eRsyW3Pl9UN	Armadura - Ao Vivo	Zé Neto & Cristiano	453005	78	2	78	-74
153	6zp6PbBzByRcPTQtXLQV9x	Mandella É Meu Nome	MC Kekel	448651	160	20	70	7
154	7EmGUiUaOSGDnUUQUDrOXC	Wolves	Selena Gomez	447078	159	32	14	5
155	0tgVpDi06FyKpA1z0VMD4v	Perfect	Ed Sheeran	445949	154	47	28	-1
156	5ogJPWcPBkIcWSXMUSdU4A	2050	Luan Santana	445709	155	9	52	-1
157	6WBTeFDEfAJbaSUUc1V1xQ	Lost In Japan	Shawn Mendes	443574	nan	1	157	new
158	6X9uEsfCfmKYlArji6SASW	Amor À Primeira Esquina - Ao Vivo	Zé Neto & Cristiano	441504	87	2	87	-71
159	2ARqIya5NAuvFVHSN3bL0m	The Middle	Zedd	435252	146	14	114	-13
160	4uUoH2xKewbukFqGRGfKXs	Morador de Rua - Ao Vivo	Zé Neto & Cristiano	435224	97	2	97	-63
161	2mL3B5GilTm4dUT6P8LVpd	Pode Se Soltar	Jerry Smith	434146	163	51	33	2
162	0m7saYK8Id4X5vPrm9uiCX	Deixaria Tudo - Deluxe	João Bosco & Vinicius	432764	180	6	123	18
163	4fPUiN5BT02UXJkGlphfNs	Rebeca	Mc Livinho	427752	153	13	62	-10
164	2YCTACQ3QfMr9QtlGI2tQE	Terapinga - Ao Vivo	Fernando & Sorocaba	421972	161	28	80	-3
165	3iVgWdqre5cpMhXMpzw8qi	Deixa Rolar	MC Kekel	420985	nan	1	165	new
166	5I8oEqbk2ZBmQfXCrZbUFb	Fallin' All In You	Shawn Mendes	420493	nan	1	166	new
167	2p8yzBihO2pDFXGPHS3Okh	Derreter a Aliança - Ao Vivo	Zé Neto & Cristiano	418793	102	2	102	-65
168	2qkNnJvQvhLiZ63X1L3eFz	Notificação Preferida - Ao Vivo	Zé Neto & Cristiano	418486	100	2	100	-68
169	3Cq4m5Pxoq03ojlrrhD188	Grão de Arroz - Ao Vivo	Zé Neto & Cristiano	417450	96	2	96	-73
170	6bcUvUK88KyXHdqHEwefqc	Os Opostos Se Atraem	Mc Don Juan	413982	171	4	165	1
171	2hsTAVEFj49m4EEyxKJpO3	Olhares Sinceros - Ao Vivo	Jorge & Mateus	410088	165	14	35	-6
172	79cuOz3SPQTuFrp8WgftAu	There's Nothing Holdin' Me Back	Shawn Mendes	409324	183	58	23	11
173	1XCKlzIqaehohdUTihetGN	Cobertor de Orelha - Ao Vivo	Turma do Pagode	405284	194	41	82	21
174	44mr3ypWNHa0inr3heiOb2	Medida Certa	Jorge & Mateus	405146	175	54	22	1
175	7vxMtIwEn1bUKTqPKEMzJJ	Linda	Projota	401002	167	44	26	-8
176	6P8v1a8jyfwG5kc7Si1kUp	Amante Não Tem Lar - Ao Vivo	Marília Mendonça	400681	174	56	18	-2
177	0dmw9MBJeUeeEdsFOEbIaC	Cuidado	Gaab	398167	176	13	168	-1
178	7B3gD0HJTvH8zHVajBjoWK	Irmã Gostosa	Mc Livinho	397022	181	13	117	3
179	5oFywvlhKbgRT9WSE4VZkY	Meu Abrigo	Melim	395504	nan	1	179	new
180	33IOhptvC2Qoy2UhjiHXLV	Flames	David Guetta	395298	166	7	153	-14
181	7nxAHrhpQ31kZtcbzaNMwl	Bobinha - Ao Vivo	Jorge & Mateus	394536	178	14	45	-3
182	228vRHzGfQh47EfLjuY1Yr	Rabiola	MC Kevinho	391382	164	26	6	-18
183	4hpcc2wq84pilUgDbIPkDN	Nossa música	UM44K	390172	185	2	183	2
184	1zsG4eaZmkA1dvjDDsAGLK	Échame La Culpa	Luis Fonsi	390071	177	28	18	-7
185	4YhPcVIxIAJrLhFVPGbJkE	De Quem É a Culpa? - Ao Vivo	Marília Mendonça	388175	188	72	24	3
186	4nwQ1SG9CsAl4XoKuScF0r	Poesia Acústica #4: Todo Mundo Odeia Acústico	Pineapple StormTv	382446	172	13	94	-14
187	6aIrHPvM3l16MeS7iOQRYO	Um Brinde	Dennis DJ	382235	nan	20	101	re-enter
188	74WRvctrWHL2kMeTc20VLI	Eu e a Torcida do Brasil	Aviões do Forró	382197	nan	1	188	new
189	07PHNpknqZFw6N3GzNQWB8	Ainda Sou Tão Seu - Ao Vivo	Felipe Araújo	382115	169	2	169	-20
190	4DnHUy01jEA4b5ydC3HgsT	Live It Up - Official Song 2018 FIFA World Cup Russia	Nicky Jam	381243	nan	1	190	new
191	0u2P5u6lvoDfwTYjAADbn4	lovely (with Khalid)	Billie Eilish	380001	nan	1	191	new
192	7FnHUsFRTMg8VYteFKj3xL	Machika	J Balvin	379411	nan	1	192	new
193	0WvRK6cO0KhiHDXDl1AGok	Anjo Moderno - Ao Vivo	Jorge & Mateus	378468	nan	13	38	re-enter
194	2TJXks21BnR9sXq3qtsdNJ	Caminhão De Amor - Ao Vivo	Matheus & Kauan	378223	162	3	67	-32
195	5QskYLFPX9y7pLU0VEMNbr	Like To Be You feat. Julia Michaels	Shawn Mendes	377286	nan	1	195	new
196	1zhfU6YXa2pXUAQdG1NvBZ	Vai Embrazando	Mc Zaac	376938	nan	62	2	re-enter
197	6sCfaHWF2ctJKLBsQg8a1v	Sinceramente - Ao Vivo	Solange Almeida	376772	200	10	132	3
198	1BuSbqff6EcL8gkdkjaB63	Duro Igual Concreto	1Kilo	376422	192	42	94	-6
199	6RUKPb4LETWmmr3iAEQktW	Something Just Like This	The Chainsmokers	374289	184	66	10	-15
200	5qqabIl2vWzo9ApSC317sa	Wonderwall - Remastered	Oasis	371131	190	14	183	-10
