position	song_id	song_name	artist	streams	last_week_position	weeks_on_chart	peak_position	position_status
1	1OmcAT5Y8eg5bUPv9qJT4R	rockstar	Post Malone	1927662	1	3	1	0
2	2ekn2ttSfGqwhhate0LSR0	New Rules	Dua Lipa	1245539	3	12	2	1
3	5tz69p7tJuGPeMGwNTxYuV	1-800-273-8255	Logic	1224968	2	22	1	-1
4	0CokSRCu5hZgPxcZBaEzVE	Glorious (feat. Skylar Grey)	Macklemore	1201817	4	2	4	0
5	5Z3GHaZ6ec9bsiI5BenrbY	Young Dumb & Broke	Khalid	1200027	5	15	5	0
6	0ofbQMrRDsUaVKq2mGLEAb	Havana	Camila Cabello	1119850	11	8	6	5
7	0mel2N9Ws9r4yLQn5QE21Y	Too Good At Goodbyes - Edit	Sam Smith	1100051	6	4	4	-1
8	1j4kHkkpqZRBwE0A4CN4Yv	Dusk Till Dawn - Radio Edit	ZAYN	1058947	10	4	8	2
9	3B54sVLJ402zGa6Xm4YGNe	Unforgettable	French Montana	1041973	7	13	2	-2
10	1wjzFQodRWrPcQ0AnYnvQ9	I Like Me Better	Lauv	1012285	9	18	9	-1
11	3m660poUr1chesgkkjQM7P	Sorry Not Sorry	Demi Lovato	1009101	nan	1	11	new
12	7vGuf3Y35N4wmASOKLUVVU	Silence	Marshmello	956831	13	8	12	1
13	7nZmah2llfvLDiUjm0kiyz	Friends (with BloodPop®)	Justin Bieber	940333	12	7	3	-1
14	0tKcYR2II1VCQWT79i5NrW	Thunder	Imagine Dragons	885828	15	20	7	1
15	6QgjcU0zLnzq5OrUoSZ3OK	Feel It Still	Portugal. The Man	870827	20	11	15	5
16	4mxWSdf71VFO52qFeY0fZt	What Lovers Do (feat. SZA)	Maroon 5	869073	17	5	16	1
17	6uFsE1JgZ20EXyU0JQZbUR	Look What You Made Me Do	Taylor Swift	835637	14	6	1	-3
18	7m9OqQk4RVRkw9JJdeAw96	Jocelyn Flores	XXXTENTACION	824844	16	6	13	-2
19	6WbADFqMvR8N5u0BvtsWQE	Without You (feat. Sandro Cavazza)	Avicii	781486	21	8	19	2
20	6EpRaXYhGOB3fj4V2uDkMJ	Strip That Down	Liam Payne	753865	19	20	3	-1
21	7F9vK8hNFMml4GtHsaXui6	Back to You (feat. Bebe Rexha & Digital Farm Animals)	Louis Tomlinson	733894	23	11	8	2
22	1OAh8uOEOvTDqkKFsKksCi	Wild Thoughts (feat. Rihanna & Bryson Tiller)	DJ Khaled	725210	22	16	2	0
23	5bcTCxgc7xVfSaMV3RuVke	Feels (feat. Pharrell Williams, Katy Perry & Big Sean)	Calvin Harris	724584	18	15	4	-5
24	69Naniu2KjKjaQOBUagE8U	Homemade Dynamite (Feat. Khalid, Post Malone & SZA) - REMIX	Lorde	708372	nan	1	24	new
25	0tgVpDi06FyKpA1z0VMD4v	Perfect	Ed Sheeran	698725	51	31	7	26
26	0NiXXAI876aGImAd6rTj8w	Mama	Jonas Blue	697223	25	13	7	-1
27	2Za1AlJNvksouPPWbXpR2X	Good Old Days (feat. Kesha)	Macklemore	690968	61	2	27	34
28	5CtI0qwDJkDQGwXD1H1cLb	Despacito - Remix	Luis Fonsi	690862	26	25	1	-2
29	7mldq42yDuxiUNn08nvzHO	Body Like A Back Road	Sam Hunt	642918	32	31	27	3
30	3a1lNhkSLSkpJE4MSHpDu9	Congratulations	Post Malone	641776	38	34	15	8
31	4iLqG9SeJSnt0cSPICSjxv	Attention	Charlie Puth	640013	29	24	6	-2
32	31MkGwj0SWgZaTvEt5Hgxv	What About Us	P!nk	638372	28	8	20	-4
33	79cuOz3SPQTuFrp8WgftAu	There's Nothing Holdin' Me Back	Shawn Mendes	628942	31	24	6	-2
34	4c2W3VKsOFoIg2SFaO6DY5	Your Song	Rita Ora	617797	30	19	14	-4
35	5AEtlRudpgdT5FtNiuly6Y	Let Me Go (with Alesso, Florida Georgia Line & watt)	Hailee Steinfeld	615066	52	3	35	17
36	0jdny0dhgjUwoIp5GkqEaA	Praying	Kesha	609271	33	8	13	-3
37	2rb5MvYT7ZIxbKW5hfcHx8	Mi Gente	J Balvin	602852	24	13	18	-13
38	1NDxZ7cFAo481dtYWdrUnR	Pretty Girl - Cheat Codes X CADE Remix	Maggie Lindemann	601734	35	26	12	-3
39	7MUNNBJKYo3cdokp06wEOB	Lay It On Me	Vance Joy	599354	41	12	37	2
40	7KXjTSCq5nL1LoYtL7XAwS	HUMBLE.	Kendrick Lamar	597691	34	27	1	-6
41	7qiZfU4dY1lWllzX7mPBI3	Shape of You	Ed Sheeran	596494	36	39	1	-5
42	3hRZsdTF5uyGA2uhNqEuhm	Too Much To Ask	Niall Horan	591188	40	3	40	-2
43	57p8CBvPOxrvyCbn6ttl5r	Would You Ever	Skrillex	591127	44	10	43	1
44	7GX5flRQZVHRAGd6B4TmDO	XO Tour Llif3	Lil Uzi Vert	568905	43	6	29	-1
45	3PEgB3fkiojxms35ntsTgs	More Than You Know	Axwell /\ Ingrosso	568699	42	10	29	-3
46	3A7qX2QjDlPnazUsRk5y0M	2U (feat. Justin Bieber)	David Guetta	550577	39	16	4	-7
47	6jA8HL9i4QGzsj6fjoxp8Y	There for You	Martin Garrix	540628	45	19	12	-2
48	152lZdxL1OR0ZMW6KquMif	Location	Khalid	490614	48	30	24	0
49	3kxfsdsCpFgN412fpnW85Y	Redbone	Childish Gambino	483326	47	40	16	-2
50	75ZvA4QfFiZvzhj2xkaWAh	I Fall Apart	Post Malone	470962	111	2	50	61
51	19WjVVgXjdKXfLXoaDPwTM	...Ready For It?	Taylor Swift	449796	37	4	9	-14
52	2771LMNxwf62FTAdpJMQfM	Bodak Yellow	Cardi B	422529	54	7	52	2
53	7fwXWKdDNI5IutOMc5OKYw	Mi Gente (feat. Beyoncé)	J Balvin	400870	nan	1	53	new
54	7oK9VyNzrYvRFo7nQEYkWN	Mr. Brightside	The Killers	378892	80	40	54	26
55	6SlJooJullmwjBsrnRNROA	Moments (feat. Gavin James)	Bliss n Eso	364597	57	27	25	2
56	64xJ1MMFxxK6osZxJH857T	Waves	Dean Lewis	361323	53	26	18	-3
57	167NczpNbRF7oWakJaY3Hh	Slow Hands	Niall Horan	359251	50	22	9	-7
58	2fQrGHiQOvpL9UgPvtYy6G	Bank Account	21 Savage	351673	56	2	56	-2
59	2mfUa8bLs2s5N4VaqJZ4lZ	Most Girls	Hailee Steinfeld	346221	46	23	22	-13
60	6RUKPb4LETWmmr3iAEQktW	Something Just Like This	The Chainsmokers	344139	60	33	2	0
61	3DXncPQOG4VBw3QHh3S817	I'm the One (feat. Justin Bieber, Quavo, Chance the Rapper & Lil Wayne)	DJ Khaled	344041	55	19	1	-6
62	2BTw5ZxeBygVJpdMK1Ur3c	Hotel	Kita Alexander	336207	67	17	62	5
63	7y9iMe8SOB6z3NoHE2OfXl	Bad At Love	Halsey	333708	63	7	63	0
64	2GsteFRbq6UyW0WfUWgQtX	"Fallin' - Original Song from the TV Series ""The Secret Daughter"""	Jessica Mauboy	332702	58	14	36	-6
65	5XQMr19TL7Mfksq9zihbOu	Questions	Chris Brown	332579	64	7	58	-1
66	2jYmK1cb3Uya6FFsocdpzO	Why	Sabrina Carpenter	327902	59	10	55	-7
67	0q75NwOoFiARAVp4EXU4Bs	Love Galore (feat. Travis Scott)	SZA	279314	87	11	67	20
68	1louJpMmzEicAn7lzDalPW	No Promises (feat. Demi Lovato)	Cheat Codes	278660	49	27	13	-19
69	3GVkPk8mqxz0itaAriG1L7	Everybody Dies In Their Nightmares	XXXTENTACION	276432	71	6	58	2
70	1x5sYLZiu9r5E43kMlt9f8	Symphony (feat. Zara Larsson)	Clean Bandit	275106	65	29	4	-5
71	2OALaHcDdKkjYEpAr0Qzab	Lonely Together (feat. Rita Ora)	Avicii	272652	69	8	62	-2
72	74ODGXs4byLTRdnKGM4s6E	Super Far	LANY	272169	62	13	59	-10
73	0CcQNd8CINkwQfe1RDtGV6	Believer	Imagine Dragons	262584	72	32	34	-1
74	0afhq8XCExXpqazXczTSve	Galway Girl	Ed Sheeran	257098	73	31	2	-1
75	5uCax9HTNlzGybIStD3vDh	Say You Won't Let Go	James Arthur	253723	75	40	8	0
76	1UZOjK1BwmwWU14Erba9CZ	Malibu	Miley Cyrus	251702	nan	1	76	new
77	5dNfHmqgr128gMY2tc5CeJ	Ignition - Remix	R. Kelly	249639	101	40	77	24
78	1yxgsra98r3qAtxqiGZPiX	BUTTERFLY EFFECT	Travis Scott	246775	77	19	56	-1
79	0dA2Mk56wEzDgegdC6R17g	Stay (with Alessia Cara)	Zedd	246403	68	32	3	-11
80	01uqI4H13Gsd8Lyl1EYd8H	Same Love - feat. Mary Lambert	Macklemore & Ryan Lewis	244929	nan	1	80	new
81	0lvXfUug5YmOHOyHgXufqF	Fake Magic	Peking Duk	242939	70	18	37	-11
82	6kex4EBAj0WHXDKZMEJaaF	Swalla (feat. Nicki Minaj & Ty Dolla $ign)	Jason Derulo	242439	66	32	15	-16
83	7hDc8b7IXETo14hHIHdnhd	Passionfruit	Drake	239055	74	29	2	-9
84	7i2DJ88J7jQ8K7zqFX2fW8	Now Or Never	Halsey	237624	76	15	11	-8
85	6gBFPUFcJLzWGx4lenP6h2	goosebumps	Travis Scott	233377	78	37	65	-7
86	5yuShbu70mtHXY0yLzCQLQ	Go Flex	Post Malone	232181	113	10	86	27
87	0Zbbxnx4SGGHoIow4PpISP	Stargazing	Kygo	230867	172	2	87	85
88	7BKLCZ1jbUBVqRi2FVlTVw	Closer	The Chainsmokers	229165	82	40	3	-6
89	6eT7xZZlB2mwyzJ2sUKG6w	White Iverson	Post Malone	228108	114	22	89	25
90	12REd1n8PeiHHWOh066tpr	Never Be Like You	Flume	223885	83	40	31	-7
91	2eAZfqOm4EnOF9VvN50Tyc	The Way Life Goes (feat. Oh Wonder)	Lil Uzi Vert	222706	117	3	91	26
92	6PCUP3dWmTjcTtXY02oFdT	Castle on the Hill	Ed Sheeran	221181	86	39	2	-6
93	3Ytr1SUCUi6J3L9dRFx5iH	Know No Better (feat. Travis Scott, Camila Cabello & Quavo)	Major Lazer	220699	79	18	27	-14
94	3zoYkqS4y2BsGVShPL2nTE	Reggaetón Lento (Remix)	CNCO	218962	104	6	94	10
95	6SUocL0caib4mLHe8ZrZzi	Sun Comes Up (feat. James Arthur)	Rudimental	218812	85	11	85	-10
96	0Wv5wuenRLI3BcwgT3HPIP	A Different Way (with Lauv)	DJ Snake	218377	96	2	96	0
97	6eUncuJutsFi9BGO1JaBHh	If I'm Lucky	Jason Derulo	215867	91	5	91	-6
98	3NdDpSvN911VPGivFlV5d0	"I Don’t Wanna Live Forever (Fifty Shades Darker) - From ""Fifty Shades Darker (Original Motion Picture Soundtrack)"""	ZAYN	213209	88	40	2	-10
99	3rOSwuTsUlJp0Pu0MkN8r8	Mask Off	Future	210040	81	31	9	-18
100	1sCxVKWImDZSZKvG0U9B23	Bad Liar	Selena Gomez	207241	84	19	14	-16
101	3bidbhpOYeV4knp8AIu8Xn	Can't Hold Us - feat. Ray Dalton	Macklemore & Ryan Lewis	204693	124	31	101	23
102	7iDa6hUg2VgEL1o1HjmfBn	Meant to Be (feat. Florida Georgia Line)	Bebe Rexha	203369	120	3	102	18
103	4xBjsLUSjcx2h7PcRikpQp	OMG	Camila Cabello	201939	94	9	77	-9
104	3eR23VReFzcdmS7TYCrhCe	It Ain't Me (with Selena Gomez)	Kygo	201727	89	32	5	-15
105	5SE57ljOIUJ1ybL9U6CuBH	DNA	BTS	199746	93	3	93	-12
106	1xznGGDReH1oQq0xzbwXa3	One Dance	Drake	198802	98	40	26	-8
107	5aAx2yezTd8zXrkmtKl66Z	Starboy	The Weeknd	197849	100	40	1	-7
108	7aF09WaavZAmAWuUeYxlYD	Rich Love (with Seeb)	OneRepublic	197594	99	11	72	-9
109	0KKkJNfGyhkQ5aFogxQAPU	That's What I Like	Bruno Mars	194361	97	39	6	-12
110	78rIJddV4X0HkNAInEcYde	Call On Me - Ryan Riback Extended Remix	Starley	194279	90	40	5	-20
111	5Z01UMMf7V1o0MzF86s6WJ	"Lose Yourself - From ""8 Mile"" Soundtrack"	Eminem	193084	130	40	108	19
112	3kGfazcbVvVkuZunzlLgTD	Came Here for Love	Sigala	192649	106	14	90	-6
113	0xG0SHshCStMEyNbNC5d4k	Issues	Julia Michaels	192436	103	9	71	-10
114	5qqabIl2vWzo9ApSC317sa	Wonderwall - Remastered	Oasis	191535	147	29	114	33
115	7tr2za8SQg2CI8EDgrdtNl	Slide (feat. Frank Ocean & Migos)	Calvin Harris	191430	95	28	7	-20
116	0XLOf9LhyazPX9Ld8jPiUq	Fetish (feat. Gucci Mane)	Selena Gomez	189377	105	11	32	-11
117	2RttW7RAu5nOAfq6YFvApB	Happier	Ed Sheeran	184775	112	31	8	-5
118	5XJJdNPkwmbUwE79gv0NxK	Gold Digger	Kanye West	184743	135	40	118	17
119	1Slwb6dOYkBlWal1PGtnNg	Thinking out Loud	Ed Sheeran	184220	118	40	68	-1
120	3Db8OhBMmNPLv2rHYoP7Wf	P.Y.T. (Pretty Young Thing)	John Gibbons	183199	115	7	115	-5
121	6875MeXyCW0wLyT72Eetmo	Starving	Hailee Steinfeld	183144	108	6	91	-13
122	6HZILIRieu8S0iqY8kIKhj	DNA.	Kendrick Lamar	179508	107	25	6	-15
123	2PpruBYCo4H7WOBJ7Q2EwM	Hey Ya!	OutKast	178411	144	16	123	21
124	62oCnK99vT8HOgwPsvXuiM	Chateau	Angus & Julia Stone	176169	110	3	107	-14
125	6C7RJEIUDqKkJRZVWdkfkH	Stronger	Kanye West	175704	132	40	106	7
126	7AQim7LbvFVZJE3O8TYgf2	Fuck Love (feat. Trippie Redd)	XXXTENTACION	175552	109	6	66	-17
127	6oSmp7qnvAxUXeUKhl67a6	1955	Hilltop Hoods	174502	123	40	65	-4
128	6JV2JOEocMgcZxYSZelKcc	"CAN'T STOP THE FEELING! (Original Song from DreamWorks Animation's ""TROLLS"")"	Justin Timberlake	173922	121	40	40	-7
129	7yq4Qj7cqayVTp3FF9CWbm	Riptide	Vance Joy	173877	127	40	89	-2
130	53mrVsi49rLHIaKBiSvElG	do re mi (feat. Gucci Mane)	blackbear	171090	134	9	102	4
131	6SwRhMLwNqEi6alNPVG00n	LOYALTY. FEAT. RIHANNA.	Kendrick Lamar	169682	119	25	12	-12
132	1KGi9sZVMeszgZOWivFpxs	No Scrubs	TLC	168851	182	13	128	50
133	4rex1k9pBVFaIVKBBssZzi	Chameleon	PNAU	168520	125	40	5	-8
134	5EnYT6F7wEcdege6mDHEfO	Signs	Drake	167678	122	13	30	-12
135	6DNtNfH8hXkqOX1sjqmI7p	Cold Water (feat. Justin Bieber & MØ)	Major Lazer	167306	128	40	15	-7
136	248OFOZef6ShXv6DGgbnxU	Saved	Khalid	162476	133	18	112	-3
137	6HUnnBwYZqcED1eQztxMBN	Solo Dance	Martin Jensen	160701	129	40	21	-8
138	3hB5DgAiMAQ4DzYbsMq1IT	Love Yourself	Justin Bieber	158838	141	40	75	3
139	1CKd1PnqfYx0H12V9MSaIY	Get Low (with Liam Payne)	Zedd	157130	126	13	47	-13
140	6fxVffaTuwjgEk5h9QyRjy	Photograph	Ed Sheeran	156084	148	40	62	8
141	000xQL6tZNLJzIrtIgxqSl	Still Got Time	ZAYN	155621	137	28	22	-4
142	3gfmFoJgmn9LiIj5mV8oSS	I Just Can't	R3HAB	155616	177	3	142	35
143	3cfOd4CMv2snFaKAnMdnvK	All Star	Smash Mouth	155247	183	3	143	40
144	0gbBzIqrECJOEPvQJIBFs5	Green Light	Lorde	154800	138	29	5	-6
145	6PGoSes0D9eUDeeAafB2As	LOVE. FEAT. ZACARI.	Kendrick Lamar	154693	140	25	22	-5
146	2Gl0FzuLxflY6nPifJp5Dr	First Time	Kygo	153999	131	23	26	-15
147	7floNISpH8VF4z4459Qo18	Look At Me!	XXXTENTACION	153384	nan	1	147	new
148	0hNduWmlWmEmuwEFcYvRu1	Sunset Lover	Petit Biscuit	153234	153	34	75	5
149	1rPCgtaIF0CyKRgAwhtpbF	Adore	Amy Shark	152331	145	40	7	-4
150	5knuzwU65gJK7IF5yJsuaW	Rockabye (feat. Sean Paul & Anne-Marie)	Clean Bandit	152281	151	40	2	1
151	2EEeOnHehOozLq4aS0n6SL	iSpy (feat. Lil Yachty)	KYLE	152006	143	35	20	-8
152	7Kq16WtEJzdRSNQgdXsn7Y	Love$ick (feat. A$AP Rocky)	Mura Masa	150830	149	12	86	-3
153	2fGxYYMQbVqgIdaqfz2OwA	Younger Now	Miley Cyrus	150679	nan	1	153	new
154	6p8NuHm8uCGnn2Dtbtf7zE	Slippery (feat. Gucci Mane)	Migos	150116	159	14	154	5
155	13HVjjWUZFaWilh2QUJKsP	Let It Go	James Bay	149863	156	34	122	1
156	5GXAXm5YOmYT0kL5jHvYBt	I Feel It Coming	The Weeknd	149692	152	40	6	-4
157	0SGkqnVQo9KPytSri1H6cF	Bounce Back	Big Sean	148714	142	40	39	-15
158	5TXDeTFVRVY7Cvt0Dw4vWW	Revenge	XXXTENTACION	148679	146	6	67	-12
159	72jbDTw1piOOj770jWNeaG	Paris	The Chainsmokers	148347	170	38	3	11
160	6c7D34787LOtPm8tzhsLgH	Rake It Up	Yo Gotti	147712	155	3	155	-5
161	6H0AwSQ20mo62jGlPGB8S6	It's A Vibe	2 Chainz	145769	154	13	124	-7
162	3ebXMykcMXOcLeJ9xZ17XH	Scared to Be Lonely	Martin Garrix	145598	157	36	8	-5
163	6Fha6tXHkL3r9m9nNqQG8p	Georgia	Vance Joy	145406	165	37	119	2
164	5Db9VIdDsN5yu3Eu7CT0i4	Stay With Me	Sam Smith	144247	164	7	154	0
165	1zv2P1cwzIu997ujUYVxZA	The Man	The Killers	144174	nan	1	165	new
166	1rIKgCH4H52lrvDcz50hS8	Lush Life	Zara Larsson	143997	150	38	115	-16
167	2Vf2Pflg5rTWSvSCK4qq4A	Privacy	Chris Brown	143821	158	27	100	-9
168	1SJtlNRJDeYHioymcvsqev	Crying in the Club	Camila Cabello	143724	161	20	31	-7
169	6yr8GiTHWvFfi4o6Q5ebdT	'Till I Collapse	Eminem	143431	nan	13	169	re-enter
170	1e1JKLEDKP7hEQzJfNAgPl	Magnolia	Playboi Carti	140688	160	17	93	-10
171	1ipE3bBLWeLkIvxWUaxpSu	Beautiful Trauma	P!nk	138986	nan	1	171	new
172	1vxw6aYJls2oq3gW0DujAo	Crazy	Gnarls Barkley	138681	185	39	143	13
173	7w87IxuO7BDcJ3YUqCyMTT	Pumped Up Kicks	Foster The People	138523	176	17	134	3
174	3nodtPfXcok53E8Uze8gvD	Either Way (feat. Joey Bada$$)	Snakehips	138340	162	8	142	-12
175	4pdPtRcBmOSQDlJ3Fk945m	Let Me Love You	DJ Snake	138317	187	40	10	12
176	0L87MffumRNWrY2SNUFcvs	Cocoon	Milky Chance	137622	178	40	17	2
177	02WacdrRpm4zlP8H7X6bnQ	Dancing On My Own	Calum Scott	137570	173	25	49	-4
178	2XMTqoHHSH0lvuXrvIEdco	Capsize	FRENSHIP	137150	169	40	21	-9
179	1mqlc0vEP9mU1kZgTi6LIQ	September	Earth, Wind & Fire	137074	167	3	167	-12
180	1lzr43nnXAijIGYnCT8M8H	It Wasn't Me	Shaggy	136680	nan	1	180	new
181	6cAKeFFYW2aClZSUyvqAEW	It's Gotta Be You	Isaiah	136597	179	39	41	-2
182	6MdqqkQ8sSC0WB4i8PyRuQ	No Diggity	Blackstreet	136171	nan	1	182	new
183	0QsvXIfqM0zZoerQfsI9lm	Don't Let Me Down	The Chainsmokers	135980	184	40	48	1
184	343YBumqHu19cGoGARUTsd	Fake Love	Drake	135801	171	40	20	-13
185	1u8c2t2Cy7UBoG4ArRcF5g	Blank Space	Taylor Swift	135566	168	6	131	-17
186	7H6ev70Weq6DdpZyyTmUXk	Say My Name	Destiny's Child	134938	nan	2	167	re-enter
187	4nMlau89VAjmV7agkl7OY3	Fresh Eyes	Andy Grammer	134858	174	40	15	-13
188	4pLwZjInHj3SimIyN9SnOz	Side To Side	Ariana Grande	134563	181	40	38	-7
189	1HTtUBEY3tuw2btgwwI2Ja	I Get The Bag (feat. Migos)	Gucci Mane	134231	nan	2	189	re-enter
190	5GG3knKdxKWrNboRijxeKF	Run Me Dry	Bryson Tiller	134023	116	4	116	-74
191	5NQBZ9RAdV5Q6N7ORTI3RX	The Future (feat. Antony & Cleopatra)	Motez	132544	nan	8	175	re-enter
192	7KwZNVEaqikRSBSpyhXK2j	Hypnotize - 2014 Remaster	The Notorious B.I.G.	132475	nan	1	192	new
193	3d9DChrdc6BOeFsbrZ3Is0	Under the Bridge	Red Hot Chili Peppers	132286	nan	1	193	new
194	2bjwRfXMk4uRgOD9IBYl9h	Portland	Drake	132203	166	29	40	-28
195	4rQM5oK7ljhu1DtoysUofD	Lay Down	Touch Sensitive	132197	186	2	186	-9
196	4dVpf9jZjcORqGTLUaeYj9	Plain Jane	A$AP Ferg	132141	nan	1	196	new
197	7KT7VGnPU5QVXN3q1BOeqb	Higher Ground (feat. Naomi Wild)	ODESZA	131865	199	2	197	2
198	5Ohxk2dO5COHF1krpoPigN	Sign of the Times	Harry Styles	131504	195	26	12	-3
199	4tCtwWceOPWzenK2HAIJSb	Work from Home (feat. Ty Dolla $ign)	Fifth Harmony	131317	163	40	75	-36
200	51PIvodunv6NmX5250zxAh	The Cure	Lady Gaga	131147	nan	23	24	re-enter
