position	song_id	song_name	artist	streams	last_week_position	weeks_on_chart	peak_position	position_status
1	1OmcAT5Y8eg5bUPv9qJT4R	rockstar	Post Malone	1394853	nan	1	1	new
2	5tz69p7tJuGPeMGwNTxYuV	1-800-273-8255	Logic	1380287	1	20	1	-1
3	2ekn2ttSfGqwhhate0LSR0	New Rules	Dua Lipa	1305127	3	10	3	0
4	0mel2N9Ws9r4yLQn5QE21Y	Too Good At Goodbyes - Edit	Sam Smith	1257092	7	2	4	3
5	5Z3GHaZ6ec9bsiI5BenrbY	Young Dumb & Broke	Khalid	1191948	10	13	5	5
6	3HVr6jTVwBHBa2flM0eURR	Glorious (feat. Skylar Grey)	Macklemore	1166760	4	14	1	-2
7	3B54sVLJ402zGa6Xm4YGNe	Unforgettable	French Montana	1127815	6	11	2	-1
8	25C5CowdsfXld2jJanbiex	Sorry Not Sorry	Demi Lovato	1115998	8	10	6	0
9	6uFsE1JgZ20EXyU0JQZbUR	Look What You Made Me Do	Taylor Swift	1091237	2	4	1	-7
10	7nZmah2llfvLDiUjm0kiyz	Friends (with BloodPop®)	Justin Bieber	1090370	5	5	3	-5
11	1j4kHkkpqZRBwE0A4CN4Yv	Dusk Till Dawn - Radio Edit	ZAYN	1062992	17	2	11	6
12	1wjzFQodRWrPcQ0AnYnvQ9	I Like Me Better	Lauv	1052530	11	16	11	-1
13	0ofbQMrRDsUaVKq2mGLEAb	Havana	Camila Cabello	972834	16	6	13	3
14	7m9OqQk4RVRkw9JJdeAw96	Jocelyn Flores	XXXTENTACION	948998	13	4	13	-1
15	0tKcYR2II1VCQWT79i5NrW	Thunder	Imagine Dragons	934587	14	18	7	-1
16	7vGuf3Y35N4wmASOKLUVVU	Silence	Marshmello	932519	20	6	16	4
17	5bcTCxgc7xVfSaMV3RuVke	Feels (feat. Pharrell Williams, Katy Perry & Big Sean)	Calvin Harris	905510	12	13	4	-5
18	6EpRaXYhGOB3fj4V2uDkMJ	Strip That Down	Liam Payne	850832	19	18	3	1
19	7F9vK8hNFMml4GtHsaXui6	Back to You (feat. Bebe Rexha & Digital Farm Animals)	Louis Tomlinson	838034	18	9	8	-1
20	1OAh8uOEOvTDqkKFsKksCi	Wild Thoughts (feat. Rihanna & Bryson Tiller)	DJ Khaled	828832	15	14	2	-5
21	4mxWSdf71VFO52qFeY0fZt	What Lovers Do (feat. SZA)	Maroon 5	820031	30	3	21	9
22	19WjVVgXjdKXfLXoaDPwTM	...Ready For It?	Taylor Swift	806888	9	2	9	-13
23	6WbADFqMvR8N5u0BvtsWQE	Without You (feat. Sandro Cavazza)	Avicii	801211	24	6	23	1
24	0NiXXAI876aGImAd6rTj8w	Mama	Jonas Blue	797032	21	11	7	-3
25	2rb5MvYT7ZIxbKW5hfcHx8	Mi Gente	J Balvin	792190	22	11	18	-3
26	5CtI0qwDJkDQGwXD1H1cLb	Despacito - Remix	Luis Fonsi	769682	23	23	1	-3
27	4c2W3VKsOFoIg2SFaO6DY5	Your Song	Rita Ora	766269	25	17	14	-2
28	6QgjcU0zLnzq5OrUoSZ3OK	Feel It Still	Portugal. The Man	750102	49	9	28	21
29	31MkGwj0SWgZaTvEt5Hgxv	What About Us	P!nk	733620	27	6	20	-2
30	4iLqG9SeJSnt0cSPICSjxv	Attention	Charlie Puth	729019	26	22	6	-4
31	0jdny0dhgjUwoIp5GkqEaA	Praying	Kesha	689707	28	6	13	-3
32	3A7qX2QjDlPnazUsRk5y0M	2U (feat. Justin Bieber)	David Guetta	687048	29	14	4	-3
33	7mldq42yDuxiUNn08nvzHO	Body Like A Back Road	Sam Hunt	675507	33	29	27	0
34	79cuOz3SPQTuFrp8WgftAu	There's Nothing Holdin' Me Back	Shawn Mendes	671502	35	22	6	1
35	7KXjTSCq5nL1LoYtL7XAwS	HUMBLE.	Kendrick Lamar	671019	32	25	1	-3
36	3PEgB3fkiojxms35ntsTgs	More Than You Know	Axwell /\ Ingrosso	664912	34	8	29	-2
37	1NDxZ7cFAo481dtYWdrUnR	Pretty Girl - Cheat Codes X CADE Remix	Maggie Lindemann	661410	36	24	12	-1
38	2mfUa8bLs2s5N4VaqJZ4lZ	Most Girls	Hailee Steinfeld	638315	39	21	22	1
39	7qiZfU4dY1lWllzX7mPBI3	Shape of You	Ed Sheeran	621432	40	37	1	1
40	7MUNNBJKYo3cdokp06wEOB	Lay It On Me	Vance Joy	619697	37	10	37	-3
41	7GX5flRQZVHRAGd6B4TmDO	XO Tour Llif3	Lil Uzi Vert	618234	38	4	29	-3
42	167NczpNbRF7oWakJaY3Hh	Slow Hands	Niall Horan	593229	31	20	9	-11
43	3a1lNhkSLSkpJE4MSHpDu9	Congratulations	Post Malone	591584	42	32	15	-1
44	57p8CBvPOxrvyCbn6ttl5r	Would You Ever	Skrillex	575130	54	8	44	10
45	6jA8HL9i4QGzsj6fjoxp8Y	There for You	Martin Garrix	567449	43	17	12	-2
46	1louJpMmzEicAn7lzDalPW	No Promises (feat. Demi Lovato)	Cheat Codes	550862	45	25	13	-1
47	3kxfsdsCpFgN412fpnW85Y	Redbone	Childish Gambino	532857	46	38	16	-1
48	152lZdxL1OR0ZMW6KquMif	Location	Khalid	520850	41	28	24	-7
49	3DXncPQOG4VBw3QHh3S817	I'm the One (feat. Justin Bieber, Quavo, Chance the Rapper & Lil Wayne)	DJ Khaled	511224	44	17	1	-5
50	3hRZsdTF5uyGA2uhNqEuhm	Too Much To Ask	Niall Horan	500171	nan	1	50	new
51	7rdUtXasA973gmrr2Xxh3E	Homemade Dynamite (Feat. Khalid, Post Malone & SZA) - REMIX	Lorde	480977	nan	1	51	new
52	0lvXfUug5YmOHOyHgXufqF	Fake Magic	Peking Duk	437878	47	16	37	-5
53	64xJ1MMFxxK6osZxJH857T	Waves	Dean Lewis	429876	56	24	18	3
54	6SlJooJullmwjBsrnRNROA	Moments (feat. Gavin James)	Bliss n Eso	395967	53	25	25	-1
55	5eqK0tbzUPo2SoeZsov04s	Bank Account	21 Savage	392162	55	9	55	0
56	2GsteFRbq6UyW0WfUWgQtX	"Fallin' - Original Song from the TV Series ""The Secret Daughter"""	Jessica Mauboy	390709	51	12	36	-5
57	2771LMNxwf62FTAdpJMQfM	Bodak Yellow	Cardi B	374476	64	5	57	7
58	2jYmK1cb3Uya6FFsocdpzO	Why	Sabrina Carpenter	372253	59	8	55	1
59	74ODGXs4byLTRdnKGM4s6E	Super Far	LANY	360056	63	11	59	4
60	3Ytr1SUCUi6J3L9dRFx5iH	Know No Better (feat. Travis Scott, Camila Cabello & Quavo)	Major Lazer	359557	48	16	27	-12
61	6RUKPb4LETWmmr3iAEQktW	Something Just Like This	The Chainsmokers	351674	60	31	2	-1
62	5XQMr19TL7Mfksq9zihbOu	Questions	Chris Brown	349463	61	5	58	-1
63	7y9iMe8SOB6z3NoHE2OfXl	Bad At Love	Halsey	321317	104	5	63	41
64	1x5sYLZiu9r5E43kMlt9f8	Symphony (feat. Zara Larsson)	Clean Bandit	313950	50	27	4	-14
65	0dA2Mk56wEzDgegdC6R17g	Stay (with Alessia Cara)	Zedd	308303	57	30	3	-8
66	6kex4EBAj0WHXDKZMEJaaF	Swalla (feat. Nicki Minaj & Ty Dolla $ign)	Jason Derulo	307436	66	30	15	0
67	3GVkPk8mqxz0itaAriG1L7	Everybody Dies In Their Nightmares	XXXTENTACION	304427	62	4	58	-5
68	2OALaHcDdKkjYEpAr0Qzab	Lonely Together (feat. Rita Ora)	Avicii	287725	70	6	62	2
69	7hDc8b7IXETo14hHIHdnhd	Passionfruit	Drake	286001	71	27	2	2
70	0CcQNd8CINkwQfe1RDtGV6	Believer	Imagine Dragons	285807	73	30	34	3
71	7i2DJ88J7jQ8K7zqFX2fW8	Now Or Never	Halsey	283334	52	13	11	-19
72	5AEtlRudpgdT5FtNiuly6Y	Let Me Go (with Alesso, Florida Georgia Line & watt)	Hailee Steinfeld	276181	nan	1	72	new
73	5q5gzmbBS5yQzos2BvVr1t	Nights With You	MØ	276098	69	22	53	-4
74	0afhq8XCExXpqazXczTSve	Galway Girl	Ed Sheeran	269731	74	29	2	0
75	1yxgsra98r3qAtxqiGZPiX	BUTTERFLY EFFECT	Travis Scott	269603	65	17	56	-10
76	5uCax9HTNlzGybIStD3vDh	Say You Won't Let Go	James Arthur	260478	75	38	8	-1
77	1CKd1PnqfYx0H12V9MSaIY	Get Low (with Liam Payne)	Zedd	259211	58	11	47	-19
78	1sCxVKWImDZSZKvG0U9B23	Bad Liar	Selena Gomez	249430	67	17	14	-11
79	0q75NwOoFiARAVp4EXU4Bs	Love Galore (feat. Travis Scott)	SZA	245649	81	9	78	2
80	4xBjsLUSjcx2h7PcRikpQp	OMG	Camila Cabello	244559	77	7	77	-3
81	6gBFPUFcJLzWGx4lenP6h2	goosebumps	Travis Scott	244471	79	35	65	-2
82	7AQim7LbvFVZJE3O8TYgf2	Fuck Love (feat. Trippie Redd)	XXXTENTACION	240914	68	4	66	-14
83	0tgVpDi06FyKpA1z0VMD4v	Perfect	Ed Sheeran	237277	89	29	7	6
84	3rOSwuTsUlJp0Pu0MkN8r8	Mask Off	Future	235096	83	29	9	-1
85	3NdDpSvN911VPGivFlV5d0	"I Don’t Wanna Live Forever (Fifty Shades Darker) - From ""Fifty Shades Darker (Original Motion Picture Soundtrack)"""	ZAYN	234098	78	38	2	-7
86	7BKLCZ1jbUBVqRi2FVlTVw	Closer	The Chainsmokers	234028	84	38	3	-2
87	12REd1n8PeiHHWOh066tpr	Never Be Like You	Flume	233309	92	38	31	5
88	6SUocL0caib4mLHe8ZrZzi	Sun Comes Up (feat. James Arthur)	Rudimental	231116	102	9	88	14
89	7oK9VyNzrYvRFo7nQEYkWN	Mr. Brightside	The Killers	229301	97	38	87	8
90	6PCUP3dWmTjcTtXY02oFdT	Castle on the Hill	Ed Sheeran	228858	86	37	2	-4
91	7aF09WaavZAmAWuUeYxlYD	Rich Love (with Seeb)	OneRepublic	228105	76	9	72	-15
92	6eUncuJutsFi9BGO1JaBHh	If I'm Lucky	Jason Derulo	226495	95	3	92	3
93	78rIJddV4X0HkNAInEcYde	Call On Me - Ryan Riback Extended Remix	Starley	224331	87	38	5	-6
94	2habSXqcJGExM6JJyskY7O	Malibu	Miley Cyrus	222486	80	19	5	-14
95	7tr2za8SQg2CI8EDgrdtNl	Slide (feat. Frank Ocean & Migos)	Calvin Harris	220982	85	26	7	-10
96	0XLOf9LhyazPX9Ld8jPiUq	Fetish (feat. Gucci Mane)	Selena Gomez	218403	72	9	32	-24
97	6HZILIRieu8S0iqY8kIKhj	DNA.	Kendrick Lamar	212329	88	23	6	-9
98	0KKkJNfGyhkQ5aFogxQAPU	That's What I Like	Bruno Mars	212320	94	37	6	-4
99	1xznGGDReH1oQq0xzbwXa3	One Dance	Drake	212142	98	38	26	-1
100	3eR23VReFzcdmS7TYCrhCe	It Ain't Me (with Selena Gomez)	Kygo	210287	101	30	5	1
101	5aAx2yezTd8zXrkmtKl66Z	Starboy	The Weeknd	209750	100	38	1	-1
102	0xG0SHshCStMEyNbNC5d4k	Issues	Julia Michaels	206788	93	7	71	-9
103	3zoYkqS4y2BsGVShPL2nTE	Reggaetón Lento (Remix)	CNCO	206465	131	4	103	28
104	6875MeXyCW0wLyT72Eetmo	Starving	Hailee Steinfeld	203529	91	4	91	-13
105	5EnYT6F7wEcdege6mDHEfO	Signs	Drake	201829	90	11	30	-15
106	2RttW7RAu5nOAfq6YFvApB	Happier	Ed Sheeran	201216	107	29	8	1
107	62oCnK99vT8HOgwPsvXuiM	Chateau	Angus & Julia Stone	200618	nan	1	107	new
108	5dNfHmqgr128gMY2tc5CeJ	Ignition - Remix	R. Kelly	198633	109	38	108	1
109	6SwRhMLwNqEi6alNPVG00n	LOYALTY. FEAT. RIHANNA.	Kendrick Lamar	198504	96	23	12	-13
110	3kGfazcbVvVkuZunzlLgTD	Came Here for Love	Sigala	194461	99	12	90	-11
111	5TXDeTFVRVY7Cvt0Dw4vWW	Revenge	XXXTENTACION	193108	82	4	67	-29
112	0XfOi87h82i09rQjWYG0Bm	Instruction (feat. Demi Lovato & Stefflon Don)	Jax Jones	189710	103	13	99	-9
113	5SE57ljOIUJ1ybL9U6CuBH	DNA	BTS	183915	nan	1	113	new
114	2eAZfqOm4EnOF9VvN50Tyc	The Way Life Goes (feat. Oh Wonder)	Lil Uzi Vert	182545	nan	1	114	new
115	3Db8OhBMmNPLv2rHYoP7Wf	P.Y.T. (Pretty Young Thing)	John Gibbons	182097	138	5	115	23
116	6JV2JOEocMgcZxYSZelKcc	"CAN'T STOP THE FEELING! (Original Song from DreamWorks Animation's ""TROLLS"")"	Justin Timberlake	181242	106	38	40	-10
117	2BTw5ZxeBygVJpdMK1Ur3c	Hotel	Kita Alexander	181065	134	15	106	17
118	53mrVsi49rLHIaKBiSvElG	do re mi (feat. Gucci Mane)	blackbear	181021	111	7	102	-7
119	6oSmp7qnvAxUXeUKhl67a6	1955	Hilltop Hoods	180887	121	38	65	2
120	5Z01UMMf7V1o0MzF86s6WJ	"Lose Yourself - From ""8 Mile"" Soundtrack"	Eminem	180312	115	38	108	-5
121	1Slwb6dOYkBlWal1PGtnNg	Thinking out Loud	Ed Sheeran	179820	117	38	68	-4
122	25avBnfLuGTtvibM18NX3Q	Snow	Angus & Julia Stone	179306	nan	1	122	new
123	6PGoSes0D9eUDeeAafB2As	LOVE. FEAT. ZACARI.	Kendrick Lamar	178481	114	23	22	-9
124	248OFOZef6ShXv6DGgbnxU	Saved	Khalid	178256	112	16	112	-12
125	6HUnnBwYZqcED1eQztxMBN	Solo Dance	Martin Jensen	176516	113	38	21	-12
126	000xQL6tZNLJzIrtIgxqSl	Still Got Time	ZAYN	174913	116	26	22	-10
127	0SGkqnVQo9KPytSri1H6cF	Bounce Back	Big Sean	173760	122	38	39	-5
128	7yq4Qj7cqayVTp3FF9CWbm	Riptide	Vance Joy	173676	120	38	89	-8
129	4ARPvK8DHLwt4oX65ZAFMw	Look At Me!	XXXTENTACION	173448	119	29	93	-10
130	6DNtNfH8hXkqOX1sjqmI7p	Cold Water (feat. Justin Bieber & MØ)	Major Lazer	172274	129	38	15	-1
131	3bidbhpOYeV4knp8AIu8Xn	Can't Hold Us - feat. Ray Dalton	Macklemore & Ryan Lewis	171984	135	29	131	4
132	4rex1k9pBVFaIVKBBssZzi	Chameleon	PNAU	171548	125	38	5	-7
133	6fxVffaTuwjgEk5h9QyRjy	Photograph	Ed Sheeran	170254	130	38	62	-3
134	0gbBzIqrECJOEPvQJIBFs5	Green Light	Lorde	169220	126	27	5	-8
135	7Kq16WtEJzdRSNQgdXsn7Y	Love$ick (feat. A$AP Rocky)	Mura Masa	169186	124	10	86	-11
136	1e1JKLEDKP7hEQzJfNAgPl	Magnolia	Playboi Carti	169038	128	15	93	-8
137	6C7RJEIUDqKkJRZVWdkfkH	Stronger	Kanye West	168656	137	38	106	0
138	6eT7xZZlB2mwyzJ2sUKG6w	White Iverson	Post Malone	168648	158	20	127	20
139	2EEeOnHehOozLq4aS0n6SL	iSpy (feat. Lil Yachty)	KYLE	168143	132	33	20	-7
140	5yuShbu70mtHXY0yLzCQLQ	Go Flex	Post Malone	166928	164	8	140	24
141	1rPCgtaIF0CyKRgAwhtpbF	Adore	Amy Shark	166800	118	38	7	-23
142	6H0AwSQ20mo62jGlPGB8S6	It's A Vibe	2 Chainz	166556	136	11	124	-6
143	2kVHAQKVtczchKctctzbtK	Swish Swish	Katy Perry	165602	123	16	41	-20
144	2Vf2Pflg5rTWSvSCK4qq4A	Privacy	Chris Brown	164324	148	25	100	4
145	3hB5DgAiMAQ4DzYbsMq1IT	Love Yourself	Justin Bieber	164063	141	38	75	-4
146	5XJJdNPkwmbUwE79gv0NxK	Gold Digger	Kanye West	162525	155	38	125	9
147	5GXAXm5YOmYT0kL5jHvYBt	I Feel It Coming	The Weeknd	160874	140	38	6	-7
148	1SJtlNRJDeYHioymcvsqev	Crying in the Club	Camila Cabello	159811	149	18	31	1
149	13HVjjWUZFaWilh2QUJKsP	Let It Go	James Bay	158802	144	32	122	-5
150	3nodtPfXcok53E8Uze8gvD	Either Way (feat. Joey Bada$$)	Snakehips	158189	142	6	142	-8
151	7iDa6hUg2VgEL1o1HjmfBn	Meant to Be (feat. Florida Georgia Line)	Bebe Rexha	157704	nan	1	151	new
152	343YBumqHu19cGoGARUTsd	Fake Love	Drake	157169	145	38	20	-7
153	1tp1xMJ1uaOktksskS0Fzs	Curve (feat. The Weeknd)	Gucci Mane	156674	nan	1	153	new
154	5knuzwU65gJK7IF5yJsuaW	Rockabye (feat. Sean Paul & Anne-Marie)	Clean Bandit	156612	152	38	2	-2
155	1rIKgCH4H52lrvDcz50hS8	Lush Life	Zara Larsson	156143	160	36	115	5
156	5qqabIl2vWzo9ApSC317sa	Wonderwall - Remastered	Oasis	155984	159	27	150	3
157	6Fha6tXHkL3r9m9nNqQG8p	Georgia	Vance Joy	155566	139	35	119	-18
158	2Gl0FzuLxflY6nPifJp5Dr	First Time	Kygo	155546	143	21	26	-15
159	2PpruBYCo4H7WOBJ7Q2EwM	Hey Ya!	OutKast	155134	167	14	125	8
160	5o4yGlG0PfeVUa6ClIyOxq	Boys	Charli XCX	154112	110	8	87	-50
161	2bjwRfXMk4uRgOD9IBYl9h	Portland	Drake	153850	150	27	40	-11
162	3ebXMykcMXOcLeJ9xZ17XH	Scared to Be Lonely	Martin Garrix	152744	153	34	8	-9
163	2yZax79pOrYuyIFVW2cZY2	Carry On	XXXTENTACION	152296	108	4	80	-55
164	1u8c2t2Cy7UBoG4ArRcF5g	Blank Space	Taylor Swift	152205	147	4	131	-17
165	5Db9VIdDsN5yu3Eu7CT0i4	Stay With Me	Sam Smith	151410	154	5	154	-11
166	4tCtwWceOPWzenK2HAIJSb	Work from Home (feat. Ty Dolla $ign)	Fifth Harmony	150520	157	38	75	-9
167	6c7D34787LOtPm8tzhsLgH	Rake It Up	Yo Gotti	148094	nan	1	167	new
168	2XMTqoHHSH0lvuXrvIEdco	Capsize	FRENSHIP	147966	156	38	21	-12
169	4nMlau89VAjmV7agkl7OY3	Fresh Eyes	Andy Grammer	147855	133	38	15	-36
170	3gfmFoJgmn9LiIj5mV8oSS	I Just Can't	R3HAB	146568	nan	1	170	new
171	0hNduWmlWmEmuwEFcYvRu1	Sunset Lover	Petit Biscuit	146308	176	32	75	5
172	4pLwZjInHj3SimIyN9SnOz	Side To Side	Ariana Grande	145430	146	38	38	-26
173	6p8NuHm8uCGnn2Dtbtf7zE	Slippery (feat. Gucci Mane)	Migos	144355	198	12	156	25
174	6cAKeFFYW2aClZSUyvqAEW	It's Gotta Be You	Isaiah	143953	170	37	41	-4
175	0L87MffumRNWrY2SNUFcvs	Cocoon	Milky Chance	143893	163	38	17	-12
176	0B48113ZG9UfkWWt7qD9xX	Younger Now	Miley Cyrus	143785	181	5	130	5
177	5hYTyyh2odQKphUbMqc5gN	"How Far I'll Go - From ""Moana"""	Alessia Cara	143759	165	36	15	-12
178	2Ce5IyMlVRVvN997ZJjJJA	Selfish (feat. Rihanna)	Future	143254	193	30	24	15
179	1mqlc0vEP9mU1kZgTi6LIQ	September	Earth, Wind & Fire	142177	nan	1	179	new
180	0Zx8khUcEfCFK2AEoIhC92	Don't Leave	Snakehips	142146	151	37	9	-29
181	7w87IxuO7BDcJ3YUqCyMTT	Pumped Up Kicks	Foster The People	141345	182	15	134	1
182	5GG3knKdxKWrNboRijxeKF	Run Me Dry	Bryson Tiller	141295	nan	2	152	re-enter
183	72jbDTw1piOOj770jWNeaG	Paris	The Chainsmokers	141246	172	36	3	-11
184	5Ohxk2dO5COHF1krpoPigN	Sign of the Times	Harry Styles	141154	166	24	12	-18
185	02WacdrRpm4zlP8H7X6bnQ	Dancing On My Own	Calum Scott	140933	nan	23	49	re-enter
186	5nA67Y0XX9JipZwYxX7Gl7	This Town	Niall Horan	140932	nan	9	158	re-enter
187	7noz6lydFxH30fneHwKMvp	watch	Billie Eilish	140761	180	6	158	-7
188	0prNGof3XqfTvNDxHonvdK	Scars To Your Beautiful	Alessia Cara	140117	173	38	19	-15
189	0QsvXIfqM0zZoerQfsI9lm	Don't Let Me Down	The Chainsmokers	139965	174	38	48	-15
190	1vxw6aYJls2oq3gW0DujAo	Crazy	Gnarls Barkley	139306	189	37	143	-1
191	2jyjhRf6DVbMPU5zxagN2h	Let Her Go	Passenger	139195	179	29	145	-12
192	1KGi9sZVMeszgZOWivFpxs	No Scrubs	TLC	137957	nan	11	128	re-enter
193	4pdPtRcBmOSQDlJ3Fk945m	Let Me Love You	DJ Snake	137941	183	38	10	-10
194	27SdWb2rFzO6GWiYDBTD9j	Cheap Thrills	Sia	137470	191	38	53	-3
195	62vpWI1CHwFy7tMIcSStl8	No Role Modelz	J. Cole	137406	187	38	90	-8
196	1HTtUBEY3tuw2btgwwI2Ja	I Get The Bag (feat. Migos)	Gucci Mane	137325	nan	1	196	new
197	6yr8GiTHWvFfi4o6Q5ebdT	'Till I Collapse	Eminem	136984	192	12	176	-5
198	4TZy1wLyHec06pwgFYDh1a	Mercy	Shawn Mendes	136563	178	38	35	-20
199	3cfOd4CMv2snFaKAnMdnvK	All Star	Smash Mouth	136102	nan	1	199	new
200	4Km5HrUvYTaSUfiSGPJeQR	Bad and Boujee (feat. Lil Uzi Vert)	Migos	135823	177	38	33	-23
