position	song_id	song_name	artist	streams	last_week_position	weeks_on_chart	peak_position	position_status
1	2x8TNY9KwNvD19gVGs4WOP	Ela É do Tipo	MC Kevin o Chris	3368642	1	9	1	0
2	5eMmT4Ava5BGThju0AD8vQ	Cem Mil - Ao Vivo	Gusttavo Lima	3121820	5	29	1	3
3	6sRLrSetyIwIKhW1eMlUNP	Vou Ter Que Superar - Ao Vivo	Matheus & Kauan	3054476	2	8	2	-1
4	5pRGXCDY0eT6R1QicAn7Uk	Lençol Dobrado	João Gustavo e Murilo	3039318	3	13	3	-1
5	3HVWdVOQ0ZA45FuZGSfvns	I Don't Care (with Justin Bieber)	Ed Sheeran	2574124	nan	1	5	new
6	6YjyT6MEMsMc41NNWk2dYg	Bebaça - Ao Vivo	Marília Mendonça	2391609	6	12	6	0
7	7KdcbYcVF8LkQeQcTYOixJ	Vingança - Ao Vivo	Luan Santana	2383528	4	35	4	-3
8	3RbXsVQr4jeTxvT35Hssq3	Bebi Liguei - Ao Vivo	Marília Mendonça	2343142	9	12	4	1
9	7oEr56KG6odStlQH0nvdyr	Solteiro Não Trai - Ao Vivo	Gustavo Mioto	2185911	10	23	8	1
10	0WhDotK0QXigmsrlw0DxKK	Evoluiu	MC Kevin o Chris	2110482	19	4	10	9
11	2H8ETIUEoN9YMf56X66bxd	Onda diferente (feat. Papatinho)	Anitta	2087524	7	6	4	-4
12	4eB8rsNNm5791m3uvEBNLR	Estado Decadente - Acústico	Zé Neto & Cristiano	2036503	11	18	10	-1
13	3mNmUjoDHYDYj08IaRPtg0	Posto 24h (feat. Wesley Safadão) - Ao Vivo	Lucas Lucco	1929595	13	30	12	0
14	1xyVMQx51Kab6eLVtE6twx	Cobaia	Lauana Prado	1921862	17	40	14	3
15	1OUPXna2MCgAt3VNmXJBtg	Bola Rebola	Tropkillaz	1867195	12	12	1	-3
16	0XEJ7eph2IWFYZc73Jm3n2	Infarto	Diego & Victor Hugo	1835182	16	27	9	0
17	3tA0vALUwrzkTgHcm9j6oJ	Notificação Preferida - Ao Vivo	Zé Neto & Cristiano	1759371	nan	1	17	new
18	5MMrkwK6AgNAsgHVdC7daZ	Péssimo Negócio (Ao Vivo)	Dilsinho	1758561	31	15	18	13
19	5EKHbW7mXcAR4hCyS3YXjb	Atrasadinha - Ao Vivo	Felipe Araújo	1693049	14	34	1	-5
20	26WpOBpHiIMoBuMEIwtOCH	Quando a vontade bater (Participação especial de PK Delas)	Pk	1683445	8	9	8	-12
21	2lAyctg5FocS67eksHoyIg	Quem Me Dera	Márcia Fellipe	1643195	15	23	4	-6
22	2g4W0KW5nOfD4PEllPBw8h	Golzinho Quadrado - Ao Vivo	Júnior e Cézar	1613464	39	3	22	17
23	0nkDm27DGppCSk8dnGtvPa	Não sou obrigada	POCAH	1598473	21	6	21	-2
24	4gDvg62vG96w0qJaF6wzcd	A Culpa é do Meu Grau (feat. Zé Neto & Cristiano) - Ao Vivo em Brasília	Diego & Victor Hugo	1583375	30	8	24	6
25	3L2uyIJoJPjYkSETVNSPBQ	Não Abro Mão - Ao Vivo	Maiara & Maraisa	1553791	26	15	25	1
26	7D5F5BzIon5zhzQrOU2pdN	Ciumeira - Ao Vivo	Marília Mendonça	1547467	24	12	22	-2
27	7FiIQXpIeLo3ITfGGpb8PB	Vamos pra Gaiola	MC Kevin o Chris	1540722	20	18	2	-7
28	53CJANUxooaqGOtdsBTh7O	Old Town Road	Lil Nas X	1532064	37	4	28	9
29	37Xnka0c1qea5wagV91UIl	Casal Raiz - Ao Vivo	Xand Avião	1522484	35	2	29	6
30	2VxeLyX666F8uXCJ0dZF8B	Shallow	Lady Gaga	1514096	25	32	3	-5
31	0EZuXcsnjEmGuRYdFdcctX	Sem Sal - Ao Vivo	Marília Mendonça	1506606	29	12	20	-2
32	5q0NlM6Pm8Pp3orq7zGiRn	Quarta Cadeira - Ao Vivo	Matheus & Kauan	1484379	73	8	32	41
33	1qCLx3nX25NuhfPjM5E1qV	Ouvi Dizer	Melim	1452666	28	43	13	-5
34	0IQCOAw9ZAI6WnXIrl481F	Hoje Eu Vou Parar Na Gaiola	Mc Livinho	1449870	23	27	5	-11
35	1oQppEGTHYN53xfEaTz4ua	Vai menina	Pedro Sampaio	1395701	33	9	30	-2
36	4Lxv5hGnHOUYBVeDgWgcaP	Long Neck - Acústico	Zé Neto & Cristiano	1373583	47	18	36	11
37	6u7jPi22kF8CTQ3rb9DHE7	Old Town Road (feat. Billy Ray Cyrus) - Remix	Lil Nas X	1331928	52	5	37	15
38	5yH8pYxNckOU1cxfPsMIaz	Agora é Tudo Meu	Dennis DJ	1330270	32	23	3	-6
39	0BzRlHCiks2DGlfsEKy54f	Desconstrução	Tiago Iorc	1325728	22	2	22	-17
40	7CBImG41isOs2r7lQU7CCy	Salvou meu dia (Participação especial de Gusttavo Lima)	MC Kevinho	1297272	54	2	40	14
41	1NG3zBjoV0TtKcr5znJ6n3	Traí Sim - Ao Vivo	Maiara & Maraisa	1287360	nan	1	41	new
42	2mJOngYlqgfdLMBSxPcJL3	Quem Tem o Dom	Jerry Smith	1248474	46	16	15	4
43	3bdjxhq0PqcxNwswCOX6w1	Dá preferência pra mim (Participação especial de Gusttavo Lima)	Thiago Brava	1237726	84	2	43	41
44	3tU3UAasaDA9OixXGC3O33	Fingindo Maturidade - Ao Vivo	Mano Walter	1237447	nan	1	44	new
45	3wB81eGupHVv9W4mF9IsHh	Facilita	MC Kevinho	1235385	34	8	34	-11
46	13Rf6RaZT13TW4xLQR3MQr	Poesia Acústica #6: Era uma Vez	Pineapple StormTv	1207487	43	20	18	-3
47	5rwdmpN5eMWIIwK4R96vv1	Malemolência	Dynho Alves	1175273	59	12	47	12
48	5U28PY9MekLyCBYtLHGQpe	Meu Abrigo	Melim	1153617	49	49	3	1
49	2jxfsaODfcVQhKMZPuYK2j	Quem Pegou, Pegou - Ao Vivo	Henrique & Juliano	1142067	nan	1	49	new
50	2caDAj0O4uD8OlJ8bap9nz	Favela chegou - Ao vivo	Ludmilla	1135604	41	12	12	-9
51	3NpRkAnxexTh4TklAZNjag	Bye Bye	Mc Don Juan	1126566	45	9	28	-6
52	2SgVsDXzET5EU8VngMh9dv	Senta braba	MC WM	1102054	128	2	52	76
53	2Fxmhks0bxGSBdJ92vM42m	bad guy	Billie Eilish	1100511	67	7	30	14
54	6XGhqvxCMCcBy5XiqG7SWV	Igual Ela Só Uma	Wesley Safadão	1099664	60	5	54	6
55	6ocbgoVGwYJhOv1GgI9NsF	7 rings	Ariana Grande	1085083	50	14	11	-5
56	6PqUdUGS4h5aGY7YyEGXr8	All The Lies	Alok	1078519	53	8	14	-3
57	7nJJKm0R90xM1nGlxTHTme	Cerveja, Sal E Limão - Ao Vivo	Matheus & Kauan	1040335	55	8	22	-2
58	1FIaoiLn0E5ilfE5T0P9xx	Então Vem Cá - Ao Vivo	Mano Walter	1035773	nan	1	58	new
59	4UANYptjv2kpV6IY7IjXoJ	Bem Pior Que Eu - Ao Vivo	Marília Mendonça	1030167	68	12	50	9
60	7qQV8fo97AFhrL9HPUeAsk	Zona de Risco - Ao Vivo	Fernando & Sorocaba	1021187	119	22	60	59
61	6LsAAHotRLMOHfCsSfYCsz	If I Can't Have You	Shawn Mendes	995005	48	2	48	-13
62	4Y9DWmJ0Pbz5QWODRG1YKr	A boba fui eu (Participação especial de Jão) - Ao vivo	Ludmilla	993358	74	2	62	12
63	7G2XZhDNHo7SSDWSVxC0UT	Terremoto	Anitta	953176	56	15	1	-7
64	0H8CBal2Dcu5Yc001VotZN	Dona de mim	IZA	949418	58	33	26	-6
65	2X8sssaxS5GReg6945B6RW	Só Pra Castigar	Wesley Safadão	939000	40	35	4	-25
66	6i9ToXS6CAfjpp8veBklg1	Café	Vitão	929401	64	9	64	-2
67	6NgwHmEgfQVIYQBq8QcWMi	Do Copo Eu Vim (feat. Marília Mendonça) - Ao Vivo em Brasília	Diego & Victor Hugo	928251	76	10	51	9
68	4SBQSroThFQ98U29IwnJ2g	Coisa Boa	Gloria Groove	923065	63	18	33	-5
69	1ekX8JX7LF3AyxI0nyOzvB	Santo Forte (Ao Vivo) (feat. Luan Santana)	Dilsinho	921892	72	15	52	3
70	5cN5ZOVcYBl4Lnq50Zeqsx	Mágica - Ao Vivo	Matheus & Kauan	915330	89	8	52	19
71	3KkXRkHbMCARz0aVfEt68P	Sunflower - Spider-Man: Into the Spider-Verse	Post Malone	910669	70	19	56	-1
72	2dpaYNEQHiRxtZbfNsse99	Happier	Marshmello	899977	78	39	43	6
73	11DkUDkBt9kaha1QRnuCMU	Regras - Ao Vivo	Diego & Arnaldo	883425	83	9	67	10
74	6pgoGpBkKUvXrrU95j0khl	Cidade Vizinha - Ao Vivo	Henrique & Juliano	875143	87	32	6	13
75	5lYKob6hewwt3dcy5kWMfF	Praia do Rosa - Acústico	Oriente	864547	77	24	61	2
76	3fLqmaO4vvZpFZSZy52VMp	Deixa (feat. Ana Gabriela)	Lagum	862193	88	49	28	12
77	4Sib57MmYGJzSvkW84jTwh	ME! (feat. Brendon Urie of Panic! At The Disco)	Taylor Swift	859491	61	3	20	-16
78	0vT797IpZpF5o1XLCnWCUL	É natural (Participação especial de Bruno Cardoso) - Ao vivo	Ferrugem	855915	85	40	36	7
79	6d9GEfxIyQiEtuG1EVBF5m	Garupa, Pt. 2	Dj Henrique de Ferraz	853743	97	3	79	18
80	4mtHXZBOBMrZSI6jp3X9WJ	Espelho Meu - Ao Vivo	Henrique & Diego	851032	95	15	46	15
81	3Hb9kUdm4yf839Fle4RIdT	Parado no Bailão	MC L da Vinte	850481	69	33	1	-12
82	7E5cJjrgYLHo13pI0hpmWw	Não Atende Não	Wesley Safadão	848421	103	22	40	21
83	2dEkETSUpO8oZoCOcKT1yN	Tonelada de Solidão (feat. Ferrugem) - Ao Vivo	Marcos & Belutti	843119	42	14	38	-41
84	6HtVFR6WAeJRgYtleNcEE8	Só Depois do Carnaval	Lexa	828952	79	15	28	-5
85	4lEw9Id7kLDSJ6KRdaenM9	Espaçosa Demais - Ao Vivo	Felipe Araújo	828082	99	32	39	14
86	7uU04pPMnKELpv8mIJ3yLa	Zé da Recaída - Ao Vivo	Gusttavo Lima	820629	96	29	23	10
87	4UUtExOTBaL40eKOaA1Mz6	Chavinho - Ao Vivo	Raffa Torres	801065	71	2	71	-16
88	6l1PdE7lQbodewVQh16GCM	Sei Lá	Projota	800284	149	3	88	61
89	2mo6GXEG5IwAA8CfBViGAf	500 metros (Participação especial de Lucas Lucco)	Paula Mattos	800008	172	2	89	83
90	5Vw6ZLNB6Ko7VZM6vmNIbr	O Alvo - Ao Vivo	Diego & Victor Hugo	799789	98	69	12	8
91	1xg3EbmhAr1cfNOA55pvKH	Pesquisa no Google (feat. Henrique & Diego) - Ao Vivo	Turma do Pagode	792397	100	8	66	9
92	5M8qHiAV6b0jo3phlyhxcR	Aperte O Play - Ao Vivo	Simone & Simaria	788113	108	5	92	16
93	4pUCKHjJ4Ijewc37rRrvHn	Kill This Love	BLACKPINK	785221	86	6	29	-7
94	64Z7zO9eYMqznZAw1vXj2i	Hoje Lembrei Do Teu Amor	Tiago Iorc	778659	27	2	27	-67
95	7MPQNyAX02uIEQCRsC4sgc	Banco	Matuê	774622	102	17	80	7
96	28SWsF1IQxfc9bP5yua35K	Provocar	Lexa	769104	92	25	34	-4
97	49pu85144Xir6PgWjeyJhG	Flor Que Se Cheira - Ao Vivo	Guilherme & Benuto	765641	nan	1	97	new
98	7rLegaz7zKB6EtDNzcslKE	Medley da Gaiola - Dennis DJ Remix	MC Kevin o Chris	744205	94	37	4	-4
99	42m5tS6xy70XiWSi7yTIdZ	Pinguço - Ao Vivo	Jefferson Moraes	737754	134	4	99	35
100	7LPR6AdkOQR9WpEixCGNCk	Sapequinha	Lexa	736867	101	37	12	1
101	3Vc8vnid3noqupe9PvUKxP	Dizeres	Lourena	729725	106	16	65	5
102	7Cpd4UGXnTrloIgZpSs46e	Passa Mal - Ao Vivo	Marília Mendonça	728837	117	12	64	15
103	5JZufG8AcnMvCOeFoMFExv	Pro Nosso Bem - Ao Vivo	Gustavo Mioto	726634	112	8	66	9
104	5rNNZ6fVYxkhwqUfImVhU1	Brisa	IZA	721939	111	4	104	7
105	3IdXfXbXcbEe3LP9ClIZw8	Pronta pra Trair	Yasmin Santos	720271	113	12	42	8
106	64ePZsgVWO1zRVpHxY2VYC	Maturidade (feat. Matheus & Kauan)	Avine Vinny	712114	116	3	96	10
107	74n5d5M21JnC4WJ6gdkggK	Propaganda - Ao Vivo	Jorge & Mateus	708747	114	64	2	7
108	3M6QJpWhM9NPcBwxTRKLlH	Compartilhando Mágoa	George Henrique & Rodrigo	699191	115	14	43	7
109	4HTrlT5mmxPaZZKs4JSPeI	To Gostando Tanto de Você	Mc Don Juan	689224	107	24	33	-2
110	055TcJ0BdCrW7qE8Yq5KRM	Bye Bye - Ao Vivo	Marília Mendonça	687982	124	12	78	14
111	4ABwmZSNZPHqH2cXPhKgfH	Enchendo e Derramando	Zé Neto & Cristiano	686849	nan	1	111	new
112	33g4LmRrWddOvMLnynSktj	Bagunça Minha Vida - Ao Vivo Em Goiânia / 2019	George Henrique & Rodrigo	682891	139	3	103	27
113	2Xr33epIjw1fbwOhrng4Pd	Sofro Onde Eu Quiser	Yasmin Santos	681220	nan	1	113	new
114	5KawlOMHjWeUjQtnuRs22c	Boy With Luv (feat. Halsey)	BTS	672346	109	5	25	-5
115	371Up3WP7OqJNFPf0BiyUe	Largado Às Traças - Ao Vivo	Zé Neto & Cristiano	670100	nan	1	115	new
116	7sjoxUWNUlpPuMcr31nv1y	Tudo Que Eu Queria	Maycon e Vinicius	666711	nan	1	116	new
117	2t80PJ9OW8JyZUCM9vFTh3	Deitada Nessa Cama	Tiago Iorc	663253	38	2	38	-79
118	2JVbZEpewmqNlSzmXJTx2E	Favela	Alok	663235	121	39	4	3
119	43tDjfz9Inw7Soy0jzxowN	Status Que Eu Não Queria - Ao Vivo	Zé Neto & Cristiano	661535	nan	1	119	new
120	3HdvjjrWBBwsEEcWjs3p1m	Teste da Mãozinha - Ao Vivo	Hugo & Guilherme	659597	125	8	93	5
121	0ituhG5DzBFsBdp6ECz030	Qualidade De Vida - Ao Vivo	Simone & Simaria	658188	120	7	38	-1
122	4a5GPCo8oX4vvaRkciKlih	Obrigado por Estragar Tudo - Ao Vivo	Marília Mendonça	653622	132	6	112	10
123	50YbE5MrvSu8Fz6A2dgTZ8	Bebida Na Ferida - Ao Vivo	Zé Neto & Cristiano	636116	nan	1	123	new
124	36UiRg8wGUOFC3E0gdyvFA	Morena	Vitor Kley	632522	82	31	46	-42
125	7qiZfU4dY1lWllzX7mPBI3	Shape of You	Ed Sheeran	632249	142	123	1	17
126	4y3OI86AEP6PQoDE6olYhO	Sucker	Jonas Brothers	625621	136	11	46	10
127	09YadcHsZw8nEmJhB7SDrw	Fuzuê	Tiago Iorc	625006	44	2	44	-83
128	0GSHXM7PZ75f6ZwpekBq83	Bebo Litro - Ao Vivo	Maiara & Maraisa	623397	nan	1	128	new
129	6FWMkcaZyKS8I60zR6ro7h	Dentro do Carro	MC Kevin o Chris	621177	130	31	46	1
130	4lvGHfDuzfv9uDTHMrRMiH	O Sol	Vitor Kley	618529	126	31	38	-4
131	3e9HZxeyfWwjeyPAMmWSSQ	thank u, next	Ariana Grande	618284	127	14	26	-4
132	6Qs4SXO9dwPj5GKvVOv8Ki	Dancing With A Stranger (with Normani)	Sam Smith	617709	155	18	60	23
133	0pqnGHJpmpxLKifKRmU6WP	Believer	Imagine Dragons	614304	143	43	71	10
134	5p7ujcrUXASCNwRaWNHR1C	Without Me	Halsey	613447	129	32	93	-5
135	0aUGXSCmdJz9I9kdY9e9kk	Love À Queima Roupa - Ao Vivo	Marília Mendonça	609999	198	9	127	63
136	4aC48Yffpsw01b7sBJxase	Rabetão no Chão	Mc Th	607310	161	18	125	25
137	2srL4DYBekshpbprS6H0mO	Deixe Me Ir - Acústico	1Kilo	602324	146	104	1	9
138	6zdrUt0j8guhZfcSF6X2Sb	Quer mais?	POCAH	600482	131	27	34	-7
139	5mFn4teAi2HMi7kRHliyFL	Surto De Amor - Ao Vivo Em Uberlândia / 2018	Bruno & Marrone	599579	137	9	23	-2
140	0E9ZjEAyAwOXZ7wJC0PD33	In My Mind	Dynoro	596909	140	41	36	0
141	2PADJK4rhdklqFLQFa5oMX	Cerveja De Garrafa (Fumaça Que Eu Faço) - Ao Vivo	Atitude 67	596554	141	52	23	0
142	7fa9MBXhVfQ8P8Df9OEbD8	Girls Like You (feat. Cardi B)	Maroon 5	591931	145	48	36	3
143	2odzriVVZBwYOiYJEj30tm	Pouca Pausa	Clau	591497	138	48	8	-5
144	5cEZdqWwTQbQ5mfiZJpzps	LEAL	Djonga	585488	93	6	92	-51
145	4u7EnebtmKWzUH433cf5Qv	Bohemian Rhapsody - 2011 Mix	Queen	581484	153	8	95	8
146	1F46LaY3gYpvL2r534FeWs	Respeita o Nosso Fim - Ao Vivo	Gusttavo Lima	576850	154	29	112	8
147	1qDZnViQgUItsMpWLVwfGb	Fica - Bonus Track	ANAVITÓRIA	575802	147	81	24	0
148	2dmGj5Nf01FcR6N4HPzAbL	Saudade Nível Hard	Yasmin Santos	573250	90	40	7	-58
149	6MWtB6iiXyIwun0YzU6DFP	Wow.	Post Malone	568042	144	20	76	-5
150	0e7ipj03S05BNilyu5bRzt	rockstar (feat. 21 Savage)	Post Malone	566671	148	55	38	-2
151	4iANxSIDT3kGekiquMSAgT	Embrasa	Vitão	566270	150	9	146	-1
152	4uD7ypL7pDmOiMiVX6TCCa	3 Dias Virado	Mc IG	564641	152	65	35	0
153	5zweis4XXFug8uxTRnqH1W	Casa da Mãe Joana - Ao Vivo	Marília Mendonça	558514	165	12	103	12
154	37erXXnh4mlWE7mdO6EYOp	Ausência - Ao Vivo | Acústico	Marília Mendonça	556591	162	43	44	8
155	6nDKrPlXdpomGBgAlO7UdP	SOS	Avicii	543069	nan	2	155	re-enter
156	09Q3su74ehVmR87tA3msB9	Eu Não Iria - Ao Vivo	Gusttavo Lima	536138	171	15	141	15
157	4xc6RrWzEOdprPqYn9Cyen	Só Você	Dennis DJ	528842	151	42	2	-6
158	704li4NOyKCQY6qNdoEW5n	Melhor Saída - Ao Vivo	Lauana Prado	528429	187	2	158	29
159	2PMLdLt5QeOuOgxfAvx1in	Sofazinho - Ao Vivo	Luan Santana	528172	159	35	6	0
160	1EQ8sBQ7Abv9DvNBzhXAcv	Pra Você Guardei O Amor	Nando Reis	528070	163	38	121	3
161	1YUWhlQjFv7MQpcbb77zTL	Poesia Acústica #3: Capricorniana	Pineapple StormTv	526635	166	78	77	5
162	6nn9utEXmkfR5iBxerXtB5	Amigo Emprestado - Ao Vivo	Marília Mendonça	526531	176	12	109	14
163	2Ab1wPTEqulaCGoBak1gUo	Ao Vivo E A Cores	Matheus & Kauan	524707	164	53	1	1
164	7dt6x5M1jzdTEt8oCbisTK	Better Now	Post Malone	521692	160	28	45	-4
165	0PaAB17axL9hn88mHiw8g0	Não Fala Não pra Mim	Humberto & Ronaldo	521234	158	45	5	-7
166	2aRdz1goHRuJ2FkDw3vpVX	Anos Luz	Matuê	518233	170	23	67	4
167	6fxVffaTuwjgEk5h9QyRjy	Photograph	Ed Sheeran	517388	190	94	65	23
168	2vRBYKWOyHtFMtiK60qRz7	Trevo (Tu)	ANAVITÓRIA	517357	168	46	99	0
169	0EyxB6uQOUC4ex2tbJuu6m	Deixa Eu Te Chamar de Meu Amor	Breno & Caio Cesar	514664	177	15	95	8
170	69KvEkL28yjwoOtApmB6CL	É rave que fala né	MC Hollywood	513716	157	9	119	-13
171	6nc3d5wRTTzkZo29kZRr5r	Balão	Orochi	509171	181	5	164	10
172	3bR8wBqLky6b61ROJlaBEF	Ai, Amor	ANAVITÓRIA	508932	167	41	32	-5
173	6HaTYIUKd8SzdvGOfutBRD	Poesia Acústica #2: Sobre Nós	Delacruz	506865	174	69	91	1
174	7wMAgaPiKzTNxpDWu2BPfk	Jenifer	Gabriel Diniz	506676	156	15	6	-18
175	2BF6mQdYAkLmeRQmX7YyPy	Me Desculpa Jay Z	Baco Exu do Blues	506576	169	25	27	-6
176	2cbMXc0P5s271VwZOUk1Gb	Mulher Maravilha - Ao Vivo	Zé Neto & Cristiano	503876	178	44	31	2
177	6VgqKm7c4chTnDmyInAxPS	Andar Sozinho (feat. Jão)	Lagum	499228	nan	1	177	new
178	5KNi9XFap48ry4puG7rvqv	Pra você acreditar - Ao vivo	Ferrugem	495410	175	58	56	-3
179	2AuQcbltEHog9kOv9Ms3W3	Sujeito - Ao Vivo	Gusttavo Lima	493375	183	28	133	4
180	4ZLzoOkj0MPWrTLvooIuaa	Get You The Moon (feat. Snøw)	Kina	491246	173	2	173	-7
181	5e0CF6LhfPARWyiu4eFohr	Você Não Ama Ninguém	Pineapple StormTv	491047	195	3	167	14
182	6YNCE5qtrTa7YcnAOAEsDQ	Apenas Mais uma de Amor	Lulu Santos	490055	182	57	111	0
183	4xwPOyN9VgaTPehdsLiYul	Dois Corações	Melim	484813	186	5	170	3
184	0uwACgfVjhpqvVFcmZFV6p	Sobe Balão Desce Princesa	MC Kevin o Chris	482498	189	9	168	5
185	2lm3Ric7MeBk8hLfsiVokr	Pouco a Pouco (Ao Vivo) (feat. Sorriso Maroto)	Dilsinho	481730	197	15	140	12
186	4nraNqonMyfc0U3o8VeXVu	Ocean	Alok	479960	179	55	7	-7
187	6WkJ2OK163XXS2oARUC9JM	Dancin (feat. Luvli) - Krono Remix	Aaron Smith	476370	192	39	56	5
188	46bW6erFBPbpGUTzxu5269	Controle Remoto (Ao Vivo)	Dilsinho	475256	nan	4	159	re-enter
189	39cmB3ZoTOLwOTq7tMNqKa	Hear Me Now	Alok	474986	191	25	146	2
190	5kuUOpHZlZjL8b7HXkxRsm	Luxúria	Xamã	472239	193	22	169	3
191	3MJHSt27qd1umxmtt4IVmu	Nossa música	UM44K	469129	194	17	82	3
192	4fMjqKYYsvtT6Fvca8lGFl	Sua Mãe Vai Me Amar	Turma do Pagode	469084	188	44	42	-4
193	4oH03lpFiysmcWex1AyddD	Me Negaram Amor	Cynthia Luz	468441	185	38	83	-8
194	126x7SdXVva2Dqh2is2CEe	Carrinho Na Areia - Ao Vivo	Gusttavo Lima	468179	196	29	63	2
195	1zB4vmk8tFRmM9UULNzbLB	Thunder	Imagine Dragons	465424	200	43	94	5
196	7JdZZfozlODQ08ATf8xIZ6	Anti-Amor - Ao Vivo	Gustavo Mioto	462810	nan	70	7	re-enter
197	1G60NjxeOS7veR1EXuKPaW	Fake News - Ao Vivo	Gustavo Mioto	458654	nan	1	197	new
198	5qjMyKkmosPBws5cImS9Zz	Trincadinho - Ao Vivo	Jorge & Mateus	453117	nan	60	7	re-enter
199	2rbDhOo9Fh61Bbu23T2qCk	Always Remember Us This Way	Lady Gaga	452888	nan	18	64	re-enter
200	2jqPr0ukhRippoNrW9Nrj3	Tangerina	Tiago Iorc	443417	66	2	66	-134
