position	song_id	song_name	artist	streams	last_week_position	weeks_on_chart	peak_position	position_status
1	4E6RdcCWMiHTu7zy1VTNDo	Todo Mundo Vai Sofrer - Ao Vivo	Marília Mendonça	3747085	1	9	1	0
2	5pRGXCDY0eT6R1QicAn7Uk	Lençol Dobrado	João Gustavo e Murilo	3468178	2	22	2	0
3	6QwFUcPc5nhsqZuhXUYtV7	Tijolão - Ao Vivo	Jorge & Mateus	3298039	4	8	3	1
4	0WhDotK0QXigmsrlw0DxKK	Evoluiu	MC Kevin o Chris	3291698	3	13	2	-1
5	6sRLrSetyIwIKhW1eMlUNP	Vou Ter Que Superar - Ao Vivo	Matheus & Kauan	2908799	5	17	2	0
6	1xyVMQx51Kab6eLVtE6twx	Cobaia	Lauana Prado	2655906	6	49	6	0
7	0TK2YIli7K1leLovkQiNik	Señorita	Shawn Mendes	2516804	7	4	2	0
8	2bbFhnxYjeb9jYEX2MDKLQ	Uma nora pra cada dia	MC Kevinho	2516753	32	3	8	24
9	26WpOBpHiIMoBuMEIwtOCH	Quando a vontade bater (Participação especial de PK Delas)	Pk	2407537	8	18	8	-1
10	1nqaSoiLuqevDes4S18sO7	Milu	Gusttavo Lima	2323855	13	3	10	3
11	1nVIlX3h3Ds9bH6JMQopIU	quando a bad bater - ao vivo	Luan Santana	2316922	11	3	11	0
12	2x8TNY9KwNvD19gVGs4WOP	Ela É do Tipo	MC Kevin o Chris	2200504	9	18	1	-3
13	4lEw9Id7kLDSJ6KRdaenM9	Espaçosa Demais - Ao Vivo	Felipe Araújo	2161537	21	41	13	8
14	3RbXsVQr4jeTxvT35Hssq3	Bebi Liguei - Ao Vivo	Marília Mendonça	2146959	10	21	4	-4
15	4eB8rsNNm5791m3uvEBNLR	Estado Decadente - Acústico	Zé Neto & Cristiano	2103155	14	27	10	-1
16	7oEr56KG6odStlQH0nvdyr	Solteiro Não Trai - Ao Vivo	Gustavo Mioto	2045608	15	32	8	-1
17	6u7jPi22kF8CTQ3rb9DHE7	Old Town Road (feat. Billy Ray Cyrus) - Remix	Lil Nas X	2031844	12	14	11	-5
18	4gDvg62vG96w0qJaF6wzcd	A Culpa é do Meu Grau (feat. Zé Neto & Cristiano) - Ao Vivo em Brasília	Diego & Victor Hugo	2029262	20	17	18	2
19	5q0NlM6Pm8Pp3orq7zGiRn	Quarta Cadeira - Ao Vivo	Matheus & Kauan	2023970	16	17	16	-3
20	6V43u5SCjkfMpxMAXRPifr	Sentou e Gostou	MC JottaPê	2018550	79	2	20	59
21	3tU3UAasaDA9OixXGC3O33	Fingindo Maturidade - Ao Vivo	Mano Walter	1913918	22	10	21	1
22	6YjyT6MEMsMc41NNWk2dYg	Bebaça - Ao Vivo	Marília Mendonça	1913590	18	21	6	-4
23	3L2uyIJoJPjYkSETVNSPBQ	Não Abro Mão - Ao Vivo	Maiara & Maraisa	1815592	19	24	13	-4
24	5eMmT4Ava5BGThju0AD8vQ	Cem Mil - Ao Vivo	Gusttavo Lima	1758596	17	38	1	-7
25	3CgZi8DMUftJHK6WL2gKc1	Um Pedido	Hungria Hip Hop	1653403	33	6	25	8
26	3tA0vALUwrzkTgHcm9j6oJ	Notificação Preferida - Ao Vivo	Zé Neto & Cristiano	1629874	24	10	17	-2
27	2H8ETIUEoN9YMf56X66bxd	Onda diferente (feat. Papatinho)	Anitta	1629611	23	15	4	-4
28	2FGhB10Gon36GgFcOTMQEW	Poesia Acústica #7: Céu Azul	Pineapple StormTv	1620669	43	2	28	15
29	0hVXuCcriWRGvwMV1r5Yn9	I Don't Care (with Justin Bieber)	Ed Sheeran	1608919	nan	1	29	new
30	2SgVsDXzET5EU8VngMh9dv	Senta braba	MC WM	1557364	27	11	23	-3
31	0XEJ7eph2IWFYZc73Jm3n2	Infarto	Diego & Victor Hugo	1549664	29	36	9	-2
32	4jGzR5Vri06Y5T9SxM7m5P	Algo Mais (Amante) - Ao Vivo	Xand Avião	1532403	35	9	32	3
33	2KyXyTrp3kp1Fsg7B1osYD	Para, Pensa e Volta - Ao Vivo	Yasmin Santos	1525002	62	3	33	29
34	5MMrkwK6AgNAsgHVdC7daZ	Péssimo Negócio (Ao Vivo)	Dilsinho	1509863	28	24	18	-6
35	33g4LmRrWddOvMLnynSktj	Bagunça Minha Vida - Ao Vivo Em Goiânia / 2019	George Henrique & Rodrigo	1500737	58	12	35	23
36	0nkDm27DGppCSk8dnGtvPa	Não sou obrigada	POCAH	1482391	30	15	16	-6
37	6l1PdE7lQbodewVQh16GCM	Sei Lá	Projota	1462329	41	12	36	4
38	0EZuXcsnjEmGuRYdFdcctX	Sem Sal - Ao Vivo	Marília Mendonça	1437426	34	21	20	-4
39	1HEr5uCRyuuLlVCOB1RiTE	Garupa	Luísa Sonza	1423500	25	5	5	-14
40	5EKHbW7mXcAR4hCyS3YXjb	Atrasadinha - Ao Vivo	Felipe Araújo	1399221	36	43	1	-4
41	3mNmUjoDHYDYj08IaRPtg0	Posto 24h (feat. Wesley Safadão) - Ao Vivo	Lucas Lucco	1292542	26	39	12	-15
42	1oQppEGTHYN53xfEaTz4ua	Vai menina	Pedro Sampaio	1283597	39	18	30	-3
43	1qCLx3nX25NuhfPjM5E1qV	Ouvi Dizer	Melim	1278435	42	52	13	-1
44	7sl95MXCpM8WWsaH1BqvR3	Do Copo Eu Vim (feat. Marília Mendonça) - Ao Vivo em Brasília	Diego & Victor Hugo	1260876	nan	1	44	new
45	5cN5ZOVcYBl4Lnq50Zeqsx	Mágica - Ao Vivo	Matheus & Kauan	1234343	72	17	45	27
46	13Rf6RaZT13TW4xLQR3MQr	Poesia Acústica #6: Era uma Vez	Pineapple StormTv	1227965	38	29	18	-8
47	5rwdmpN5eMWIIwK4R96vv1	Malemolência	Dynho Alves	1211353	47	21	45	0
48	2SC14LGDbRWRlyLg9Wupa0	Faz Gostoso (feat. Anitta)	Madonna	1178385	40	5	8	-8
49	0IQCOAw9ZAI6WnXIrl481F	Hoje Eu Vou Parar Na Gaiola	Mc Livinho	1174130	45	36	5	-4
50	2Fxmhks0bxGSBdJ92vM42m	bad guy	Billie Eilish	1147534	37	16	30	-13
51	7FiIQXpIeLo3ITfGGpb8PB	Vamos pra Gaiola	MC Kevin o Chris	1137343	48	27	2	-3
52	5fY9bVl1Wj4PIM3wnduWop	Serenata - Ao Vivo	Marília Mendonça	1123448	46	9	36	-6
53	70eFcWOvlMObDhURTqT4Fv	Beautiful People (feat. Khalid)	Ed Sheeran	1119784	nan	1	53	new
54	7D5F5BzIon5zhzQrOU2pdN	Ciumeira - Ao Vivo	Marília Mendonça	1092721	49	21	22	-5
55	6i9ToXS6CAfjpp8veBklg1	Café	Vitão	1058383	67	18	55	12
56	72N0CRIAqjETbhghrkCUW2	Dois Enganados	Murilo Huff	1053862	52	7	52	-4
57	53CJANUxooaqGOtdsBTh7O	Old Town Road	Lil Nas X	1052504	44	13	11	-13
58	5U28PY9MekLyCBYtLHGQpe	Meu Abrigo	Melim	1051426	60	58	3	2
59	6vBdBCoOhKHiYDDOcorfNo	Goodbyes (Feat. Young Thug)	Post Malone	1041859	51	2	51	-8
60	2VxeLyX666F8uXCJ0dZF8B	Shallow	Lady Gaga	1039941	54	41	3	-6
61	49pu85144Xir6PgWjeyJhG	Flor Que Se Cheira - Ao Vivo	Guilherme & Benuto	1038399	63	10	61	2
62	03Ih0yoTF85crrHUtLUoHF	Conselho - Ao Vivo	Israel & Rodolffo	1015363	nan	1	62	new
63	1a1KuK97CSE29fFqufkheK	Juras de Amor (Vai Chorar) - Ao Vivo	Wesley Safadão	997714	115	4	63	52
64	1OUPXna2MCgAt3VNmXJBtg	Bola Rebola	Tropkillaz	994714	57	21	1	-7
65	4Lxv5hGnHOUYBVeDgWgcaP	Long Neck - Acústico	Zé Neto & Cristiano	985622	61	27	36	-4
66	6ocbgoVGwYJhOv1GgI9NsF	7 rings	Ariana Grande	981385	68	23	11	2
67	704li4NOyKCQY6qNdoEW5n	Melhor Saída - Ao Vivo	Lauana Prado	970814	59	11	53	-8
68	4mtHXZBOBMrZSI6jp3X9WJ	Espelho Meu - Ao Vivo	Henrique & Diego	960645	65	24	46	-3
69	0rUL7vUZmCKxB0gS83W3aM	Apaixonadinha - Ao Vivo	Marília Mendonça	949752	73	9	54	4
70	4UANYptjv2kpV6IY7IjXoJ	Bem Pior Que Eu - Ao Vivo	Marília Mendonça	937002	64	21	50	-6
71	3yNZ5r3LKfdmjoS3gkhUCT	bad guy (with Justin Bieber)	Billie Eilish	930843	nan	1	71	new
72	3wB81eGupHVv9W4mF9IsHh	Facilita	MC Kevinho	929470	66	17	34	-6
73	3X4vxzjSiCtmZY2QRumOKW	Favela chegou - Ao vivo	Ludmilla	928008	69	7	45	-4
74	01wavOnjFBNgdMWBFYIAP4	50 Vezes - Ao Vivo	Sorriso Maroto	923652	75	8	74	1
75	7E5cJjrgYLHo13pI0hpmWw	Não Atende Não	Wesley Safadão	921186	81	31	40	6
76	1idjI8gtxgHjy8KyZamY6o	Então Vou Avisar - Ao Vivo	Yasmin Santos	920064	53	8	43	-23
77	5rNNZ6fVYxkhwqUfImVhU1	Brisa	IZA	919110	77	13	72	0
78	1FIaoiLn0E5ilfE5T0P9xx	Então Vem Cá - Ao Vivo	Mano Walter	917862	70	10	48	-8
79	1DFD5Fotzgn6yYXkYsKiGs	Piece Of Your Heart	MEDUZA	892021	71	8	71	-8
80	5iwz1NiezX7WWjnCgY5TH4	Calma - Remix	Pedro Capó	886666	98	13	80	18
81	4vUmTMuQqjdnvlZmAH61Qk	South of the Border (feat. Camila Cabello & Cardi B)	Ed Sheeran	885061	nan	1	81	new
82	3fLqmaO4vvZpFZSZy52VMp	Deixa (feat. Ana Gabriela)	Lagum	879047	82	58	28	0
83	6PrHpASrdyqydEKc8JFmEX	Tiro Certo - Ao Vivo	Zé Felipe	876377	76	5	76	-7
84	5lYKob6hewwt3dcy5kWMfF	Praia do Rosa - Acústico	Oriente	870458	83	33	61	-1
85	3NnW2EqJxvHYrRy3upaznl	Resenha lá em casa	MC Kevin o Chris	861372	92	2	85	7
86	6pgoGpBkKUvXrrU95j0khl	Cidade Vizinha - Ao Vivo	Henrique & Juliano	860030	85	41	6	-1
87	3bdjxhq0PqcxNwswCOX6w1	Dá preferência pra mim (Participação especial de Gusttavo Lima)	Thiago Brava	859781	167	9	10	80
88	7Gk5OrMYaMRtT2JmgJVAfk	Pupila	ANAVITÓRIA	856667	56	2	56	-32
89	6PqUdUGS4h5aGY7YyEGXr8	All The Lies	Alok	854556	95	17	14	6
90	161tk6AjNHvS8LC7Y4MHur	YoYo	Gloria Groove	846004	74	5	29	-16
91	5M8qHiAV6b0jo3phlyhxcR	Aperte O Play - Ao Vivo	Simone & Simaria	840605	80	14	80	-11
92	6d9GEfxIyQiEtuG1EVBF5m	Garupa, Pt. 2	Dj Henrique de Ferraz	836020	84	12	63	-8
93	1ekX8JX7LF3AyxI0nyOzvB	Santo Forte (Ao Vivo) (feat. Luan Santana)	Dilsinho	832377	90	24	52	-3
94	3NpRkAnxexTh4TklAZNjag	Bye Bye	Mc Don Juan	830913	89	18	28	-5
95	64ePZsgVWO1zRVpHxY2VYC	Maturidade (feat. Matheus & Kauan)	Avine Vinny	828981	99	12	91	4
96	4aC48Yffpsw01b7sBJxase	Rabetão no Chão	Mc Th	822652	88	27	62	-8
97	2dpaYNEQHiRxtZbfNsse99	Happier	Marshmello	821685	91	48	43	-6
98	1NG3zBjoV0TtKcr5znJ6n3	Traí Sim - Ao Vivo	Maiara & Maraisa	820316	86	10	39	-12
99	4a5GPCo8oX4vvaRkciKlih	Obrigado por Estragar Tudo - Ao Vivo	Marília Mendonça	810186	87	15	59	-12
100	3tu0GkIZwwkmILoD4HemBq	Bebe e Vem Me Procurar	Raí Saia Rodada	790728	103	5	100	3
101	3KkXRkHbMCARz0aVfEt68P	Sunflower - Spider-Man: Into the Spider-Verse	Post Malone	788659	94	28	56	-7
102	6nc3d5wRTTzkZo29kZRr5r	Balão	Orochi	783278	96	14	85	-6
103	5JZufG8AcnMvCOeFoMFExv	Pro Nosso Bem - Ao Vivo	Gustavo Mioto	780860	101	17	66	-2
104	0wryAFpQqHTvhteQx7ZNp2	Edredom	Vitão	766011	105	3	89	1
105	7uU04pPMnKELpv8mIJ3yLa	Zé da Recaída - Ao Vivo	Gusttavo Lima	760588	102	38	23	-3
106	5uVgsAzjO6eJR06VPrqUga	Muito Calor	Ozuna	736722	nan	1	106	new
107	3bR8wBqLky6b61ROJlaBEF	Ai, Amor	ANAVITÓRIA	730717	104	50	32	-3
108	1DhRbox3xkceP64k3JeYfW	Antisocial (with Travis Scott)	Ed Sheeran	720447	nan	1	108	new
109	2Xr33epIjw1fbwOhrng4Pd	Sofro Onde Eu Quiser	Yasmin Santos	717369	109	10	92	0
110	1xg3EbmhAr1cfNOA55pvKH	Pesquisa no Google (feat. Henrique & Diego) - Ao Vivo	Turma do Pagode	715256	106	17	66	-4
111	1lTsRXDMWFbsFjQGkbL5TX	Outro Dia	A Banca Records	711446	122	2	111	11
112	2dEkETSUpO8oZoCOcKT1yN	Tonelada de Solidão (feat. Ferrugem) - Ao Vivo	Marcos & Belutti	708372	108	23	38	-4
113	2lAyctg5FocS67eksHoyIg	Quem Me Dera	Márcia Fellipe	703443	114	32	4	1
114	7KdcbYcVF8LkQeQcTYOixJ	Vingança - Ao Vivo	Luan Santana	699286	107	44	4	-7
115	3lEfEePgxGH2WwsB5fHC1K	Louquinho	Jão	696610	nan	1	115	new
116	4xwPOyN9VgaTPehdsLiYul	Dois Corações	Melim	695591	119	14	107	3
117	6XGhqvxCMCcBy5XiqG7SWV	Igual Ela Só Uma	Wesley Safadão	693411	117	14	3	0
118	7Cpd4UGXnTrloIgZpSs46e	Passa Mal - Ao Vivo	Marília Mendonça	693078	110	21	64	-8
119	36UiRg8wGUOFC3E0gdyvFA	Morena	Vitor Kley	688109	132	40	46	13
120	5UozeQwsAUQ2D0o3dchDeS	O Pai Tá Livre	Jerry Smith	679347	nan	1	120	new
121	0aUGXSCmdJz9I9kdY9e9kk	Love À Queima Roupa - Ao Vivo	Marília Mendonça	676137	113	18	81	-8
122	0H8CBal2Dcu5Yc001VotZN	Dona de mim	IZA	673304	125	42	26	3
123	4iANxSIDT3kGekiquMSAgT	Embrasa	Vitão	672573	126	18	123	3
124	0pqnGHJpmpxLKifKRmU6WP	Believer	Imagine Dragons	661945	121	52	71	-3
125	11DkUDkBt9kaha1QRnuCMU	Regras - Ao Vivo	Diego & Arnaldo	661042	120	18	67	-5
126	6iW38RGqdDGOofmz2HeXLW	Piece Of Your Heart - Alok Remix	MEDUZA	652339	142	4	126	16
127	7LPR6AdkOQR9WpEixCGNCk	Sapequinha	Lexa	644484	127	46	12	0
128	4ABwmZSNZPHqH2cXPhKgfH	Enchendo e Derramando	Zé Neto & Cristiano	641304	112	10	101	-16
129	3Hb9kUdm4yf839Fle4RIdT	Parado no Bailão	MC L da Vinte	635470	123	42	1	-6
130	5yH8pYxNckOU1cxfPsMIaz	Agora é Tudo Meu	Dennis DJ	632803	134	32	3	4
131	31yFXM26dazFnWI2eoOM5R	Ela Vem	MC G15	629375	130	4	107	-1
132	055TcJ0BdCrW7qE8Yq5KRM	Bye Bye - Ao Vivo	Marília Mendonça	625792	116	21	78	-16
133	2X8sssaxS5GReg6945B6RW	Só Pra Castigar	Wesley Safadão	620671	135	44	4	2
134	0wshnPflQAjMVaCDIraSWk	Teste da Mãozinha - Ao Vivo	Hugo & Guilherme	614952	nan	1	134	new
135	1G60NjxeOS7veR1EXuKPaW	Fake News - Ao Vivo	Gustavo Mioto	614684	131	10	126	-4
136	4lvGHfDuzfv9uDTHMrRMiH	O Sol	Vitor Kley	605448	138	40	38	2
137	7qiZfU4dY1lWllzX7mPBI3	Shape of You	Ed Sheeran	602538	139	132	1	2
138	37Xnka0c1qea5wagV91UIl	Casal Raiz - Ao Vivo	Xand Avião	601474	128	11	29	-10
139	0EyxB6uQOUC4ex2tbJuu6m	Deixa Eu Te Chamar de Meu Amor	Breno & Caio Cesar	597298	153	24	95	14
140	5e0CF6LhfPARWyiu4eFohr	Você Não Ama Ninguém	Pineapple StormTv	595537	97	12	97	-43
141	0Fb8EGunEFldoQBZWJX2mk	Quase Amor	Maria Cecília & Rodolfo	587707	nan	1	141	new
142	2jxfsaODfcVQhKMZPuYK2j	Quem Pegou, Pegou - Ao Vivo	Henrique & Juliano	586833	133	10	49	-9
143	29fRTIKsJhLUJoldM89GZS	You Need To Calm Down	Taylor Swift	586106	111	5	37	-32
144	2JVbZEpewmqNlSzmXJTx2E	Favela	Alok	577420	159	48	4	15
145	5mFn4teAi2HMi7kRHliyFL	Surto De Amor - Ao Vivo Em Uberlândia / 2018	Bruno & Marrone	575261	147	18	23	2
146	0GSHXM7PZ75f6ZwpekBq83	Bebo Litro - Ao Vivo	Maiara & Maraisa	573542	144	10	119	-2
147	2srL4DYBekshpbprS6H0mO	Deixe Me Ir - Acústico	1Kilo	572635	145	113	1	-2
148	2odzriVVZBwYOiYJEj30tm	Pouca Pausa	Clau	571812	152	57	8	4
149	74n5d5M21JnC4WJ6gdkggK	Propaganda - Ao Vivo	Jorge & Mateus	571725	140	73	2	-9
150	7rLegaz7zKB6EtDNzcslKE	Medley da Gaiola - Dennis DJ Remix	MC Kevin o Chris	565881	146	46	4	-4
151	3Vc8vnid3noqupe9PvUKxP	Dizeres	Lourena	564307	155	25	65	4
152	1qDZnViQgUItsMpWLVwfGb	Fica - Bonus Track	ANAVITÓRIA	562914	149	90	24	-3
153	1EQ8sBQ7Abv9DvNBzhXAcv	Pra Você Guardei O Amor	Nando Reis	553925	164	47	121	11
154	7G2XZhDNHo7SSDWSVxC0UT	Terremoto	Anitta	553456	165	24	1	11
155	6LsAAHotRLMOHfCsSfYCsz	If I Can't Have You	Shawn Mendes	551580	137	11	48	-18
156	1F46LaY3gYpvL2r534FeWs	Respeita o Nosso Fim - Ao Vivo	Gusttavo Lima	550029	151	38	112	-5
157	09Q3su74ehVmR87tA3msB9	Eu Não Iria - Ao Vivo	Gusttavo Lima	548622	150	24	141	-7
158	43tDjfz9Inw7Soy0jzxowN	Status Que Eu Não Queria - Ao Vivo	Zé Neto & Cristiano	548564	157	10	119	-1
159	6HaTYIUKd8SzdvGOfutBRD	Poesia Acústica #2: Sobre Nós	Delacruz	546454	148	78	91	-11
160	2PqPSf3gtTED79rWGwVtYg	Áudio - Ao Vivo em Brasília	Diego & Victor Hugo	546195	nan	1	160	new
161	4u7EnebtmKWzUH433cf5Qv	Bohemian Rhapsody - 2011 Mix	Queen	544245	178	17	95	17
162	7fa9MBXhVfQ8P8Df9OEbD8	Girls Like You (feat. Cardi B)	Maroon 5	542641	163	57	36	1
163	1YUWhlQjFv7MQpcbb77zTL	Poesia Acústica #3: Capricorniana	Pineapple StormTv	540994	143	87	77	-20
164	371Up3WP7OqJNFPf0BiyUe	Largado Às Traças - Ao Vivo	Zé Neto & Cristiano	537443	154	10	115	-10
165	4oRI9c4EmcKo9kbgVM8zWP	Nem Tchum - Ao Vivo	Maiara & Maraisa	534019	nan	1	165	new
166	4HTrlT5mmxPaZZKs4JSPeI	To Gostando Tanto de Você	Mc Don Juan	533790	162	33	33	-4
167	37erXXnh4mlWE7mdO6EYOp	Ausência - Ao Vivo | Acústico	Marília Mendonça	530061	161	52	44	-6
168	2lm3Ric7MeBk8hLfsiVokr	Pouco a Pouco (Ao Vivo) (feat. Sorriso Maroto)	Dilsinho	528415	183	24	138	15
169	2dmGj5Nf01FcR6N4HPzAbL	Saudade Nível Hard	Yasmin Santos	526778	172	49	7	3
170	0e7ipj03S05BNilyu5bRzt	rockstar (feat. 21 Savage)	Post Malone	526273	160	64	38	-10
171	3h3fui1QXImL2zRcs9v2Lc	A Casa É Sua	Casa Worship	526217	185	4	171	14
172	0R4dwzW253KTxchGryT1H6	Mandona - Acústico	Oriente	524095	190	9	153	18
173	1BeAxDuc9FbQNWvXWlO66W	AmarElo (Sample: Sujeito de Sorte - Belchior)	Emicida	523787	118	3	109	-55
174	3e9HZxeyfWwjeyPAMmWSSQ	thank u, next	Ariana Grande	521593	171	23	26	-3
175	6YNCE5qtrTa7YcnAOAEsDQ	Apenas Mais uma de Amor	Lulu Santos	520457	187	66	111	12
176	4nraNqonMyfc0U3o8VeXVu	Ocean	Alok	519403	nan	57	7	re-enter
177	0E9ZjEAyAwOXZ7wJC0PD33	In My Mind	Dynoro	514393	175	50	36	-2
178	7FXjPI4dE1Eian6Exy6VEa	Cida	Agnes Nunes	514094	168	5	122	-10
179	6Qs4SXO9dwPj5GKvVOv8Ki	Dancing With A Stranger (with Normani)	Sam Smith	509646	170	27	60	-9
180	5p7ujcrUXASCNwRaWNHR1C	Without Me	Halsey	509140	166	41	93	-14
181	2vRBYKWOyHtFMtiK60qRz7	Trevo (Tu)	ANAVITÓRIA	505910	179	55	99	-2
182	7nJJKm0R90xM1nGlxTHTme	Cerveja, Sal E Limão - Ao Vivo	Matheus & Kauan	504053	93	17	22	-89
183	1JSTJqkT5qHq8MDJnJbRE1	Every Breath You Take	The Police	503849	197	2	183	14
184	2kOmW169C7UV4SZDN9u0YO	Vidrado Em Você	Dj Guuga	500670	nan	2	184	re-enter
185	6nn9utEXmkfR5iBxerXtB5	Amigo Emprestado - Ao Vivo	Marília Mendonça	499413	174	21	109	-11
186	4wuCQX7JvAZLlrcmH4AeZF	Cross Me (feat. Chance the Rapper & PnB Rock)	Ed Sheeran	496791	nan	1	186	new
187	22vgEDb5hykfaTwLuskFGD	Sucker	Jonas Brothers	496688	173	6	122	-14
188	0h9xMQP3ctuibd4Ce2037O	Supera - Ao Vivo	Péricles	496011	193	4	171	5
189	6fxVffaTuwjgEk5h9QyRjy	Photograph	Ed Sheeran	491054	188	103	65	-1
190	5zweis4XXFug8uxTRnqH1W	Casa da Mãe Joana - Ao Vivo	Marília Mendonça	490391	180	21	103	-10
191	1zB4vmk8tFRmM9UULNzbLB	Thunder	Imagine Dragons	490070	191	52	94	0
192	5PYQUBXc7NYeI1obMKSJK0	Never Really Over	Katy Perry	488934	136	7	30	-56
193	2pkiYFWrja3oTlTwDaTypd	Rockstar	Jovem Dex	487097	189	4	164	-4
194	4NLfKIsRhP1cve1kcrYg40	Online	Gusttavo Lima	486632	177	3	135	-17
195	4fMjqKYYsvtT6Fvca8lGFl	Sua Mãe Vai Me Amar	Turma do Pagode	485929	nan	47	42	re-enter
196	2BF6mQdYAkLmeRQmX7YyPy	Me Desculpa Jay Z	Baco Exu do Blues	483626	186	34	27	-10
197	2WyRfGeHo97VC5mP1BBSzr	Mother's Daughter	Miley Cyrus	478817	169	6	58	-28
198	4uD7ypL7pDmOiMiVX6TCCa	3 Dias Virado	Mc IG	473871	194	74	35	-4
199	6J8UJNZrIwvcpsWHvSkwXn	Anos Luz	Matuê	473519	184	4	174	-15
200	7MPQNyAX02uIEQCRsC4sgc	Banco	Matuê	473234	176	26	80	-24
