position	song_id	song_name	artist	streams	last_week_position	weeks_on_chart	peak_position	position_status
1	3B54sVLJ402zGa6Xm4YGNe	Unforgettable	French Montana	2312869	7	2	1	6
2	4q8PHoRsPUB52LFylX8Ulz	More Than You Know	Axwell /\ Ingrosso	2295058	5	8	2	3
3	1OAh8uOEOvTDqkKFsKksCi	Wild Thoughts (feat. Rihanna & Bryson Tiller)	DJ Khaled	2232374	3	5	2	0
4	0NiXXAI876aGImAd6rTj8w	Mama	Jonas Blue	2193473	8	2	4	4
5	0tKcYR2II1VCQWT79i5NrW	Thunder	Imagine Dragons	2190145	1	9	1	-4
6	7McVnXcGdaVAzjKpN1BWPb	Bon Voyage	Miami Yacine	2185901	nan	1	6	new
7	3aDYo34VzVf2i8aJyJk0ca	Mit den Jungz	187 Strassenbande	2150266	nan	1	7	new
8	5CtI0qwDJkDQGwXD1H1cLb	Despacito - Remix	Luis Fonsi	2130102	2	14	1	-6
9	3bWAqKDWg6u1davspr5IkS	OK	Robin Schulz	2122617	4	9	2	-5
10	6mw02h3qbWmuq2bJCRjRAe	Millionär	187 Strassenbande	2039620	nan	1	10	new
11	3RXkboS74UYzN14xTqzPyY			1994428	nan	1	11	new
12	7fUWZUNj5qbEuoL6K9947g	Heute mit mir	Nimo	1946915	10	6	8	-2
13	6EpRaXYhGOB3fj4V2uDkMJ	Strip That Down	Liam Payne	1916694	9	9	9	-4
14	4iLqG9SeJSnt0cSPICSjxv	Attention	Charlie Puth	1643181	11	13	9	-3
15	1sBhJGPUKrdRycgKxve70v	Hot2Touch	Felix Jaehn	1516963	15	10	13	0
16	79cuOz3SPQTuFrp8WgftAu	There's Nothing Holdin' Me Back	Shawn Mendes	1500127	12	13	4	-4
17	5caMCe2gq8y72GVUEQEonQ	Unendlichkeit	Cro	1491593	14	7	14	-3
18	607TgBgbTvP8CTgIHN0R6q	Nice Girl 2.0	Ufo361	1481911	16	5	15	-2
19	3DXncPQOG4VBw3QHh3S817	I'm the One (feat. Justin Bieber, Quavo, Chance the Rapper & Lil Wayne)	DJ Khaled	1475731	13	8	2	-6
20	4c2W3VKsOFoIg2SFaO6DY5	Your Song	Rita Ora	1453620	19	8	19	-1
21	2rb5MvYT7ZIxbKW5hfcHx8	Mi Gente	J Balvin	1438409	33	3	21	12
22	3h4HDzL7ha4eYalx9Eknyj	Wohin willst du	Gestört aber GeiL	1426225	23	7	22	1
23	6HxFJbQahRd5rWQ752D710	Lambo Diablo GT (feat. Nimo)	Capo	1423438	18	3	18	-5
24	1NDxZ7cFAo481dtYWdrUnR	Pretty Girl - Cheat Codes X CADE Remix	Maggie Lindemann	1409550	17	15	11	-7
25	7qiZfU4dY1lWllzX7mPBI3	Shape of You	Ed Sheeran	1350821	20	28	1	-5
26	6jA8HL9i4QGzsj6fjoxp8Y	There for You	Martin Garrix	1297938	21	8	21	-5
27	3caMfJGFp53NAH2TuigdNj	Hunter	Galantis	1285819	22	11	22	-5
28	5bcTCxgc7xVfSaMV3RuVke	Feels (feat. Pharrell Williams, Katy Perry & Big Sean)	Calvin Harris	1252237	27	4	27	-1
29	7nKBxz47S9SD79N086fuhn	SUBEME LA RADIO	Enrique Iglesias	1240278	25	20	18	-4
30	1R8eM53yWnjsfiWktgObe7	Burden Down	Micar	1194489	35	10	30	5
31	4aWmUDTfIPGksMNLV2rQP2	Despacito (Featuring Daddy Yankee)	Luis Fonsi	1182297	26	26	5	-5
32	3Ytr1SUCUi6J3L9dRFx5iH	Know No Better (feat. Travis Scott, Camila Cabello & Quavo)	Major Lazer	1177410	31	7	31	-1
33	6kex4EBAj0WHXDKZMEJaaF	Swalla (feat. Nicki Minaj & Ty Dolla $ign)	Jason Derulo	1169616	24	21	2	-9
34	0Vy7fWzknPBpNTwJkGc7Sm	High Life	187 Strassenbande	1097331	nan	1	34	new
35	2KklXplRtxMsBYo474Es0w	Be Mine	Ofenbach	1097098	32	11	29	-3
36	1f3flfdU4VDM2OBDD2FMia	Little Hollywood	Alle Farben	1083710	29	15	13	-7
37	1wjzFQodRWrPcQ0AnYnvQ9	I Like Me Better	Lauv	1078543	47	5	37	10
38	39qlqpwVzRkQP6WsILfIB5	Murcielago	KC Rebell	1069045	30	8	19	-8
39	7vnEuDZTbPRu5ThYoMv7G0	Louis Louis	Kay One	1045894	28	9	8	-11
40	1SJtlNRJDeYHioymcvsqev	Crying in the Club	Camila Cabello	1036074	37	9	35	-3
41	07TAUihsoCBnLWWXuZYUyw	Sowieso - Radio Version	Mark Forster	1017591	34	10	32	-7
42	4JAyIDXOqNM6qHuZML01uX			1013026	nan	1	42	new
43	63JtyRFsZqi6Rf61T48YRJ	Nur noch Gucci	Capital Bra	972085	36	3	36	-7
44	6RUKPb4LETWmmr3iAEQktW	Something Just Like This	The Chainsmokers	956381	40	21	4	-4
45	1louJpMmzEicAn7lzDalPW	No Promises (feat. Demi Lovato)	Cheat Codes	919746	41	16	31	-4
46	6XOYVSmNDjKUNMXooU4s4z	No Vacancy	OneRepublic	904033	43	12	43	-3
47	42HI1CnQ4meVfZCTSwZK0n	Sitzheizung	187 Strassenbande	898326	nan	1	47	new
48	0afhq8XCExXpqazXczTSve	Galway Girl	Ed Sheeran	881505	39	20	3	-9
49	7hCJgEQQqOlQrWQ9iOZ495	100er Batzen	187 Strassenbande	866955	nan	1	49	new
50	0CcQNd8CINkwQfe1RDtGV6	Believer	Imagine Dragons	860682	42	21	16	-8
51	3H25ywsvlV0ZT2XSpSU7wk	Kontrollieren	RAF Camora	855891	45	13	12	-6
52	1x5sYLZiu9r5E43kMlt9f8	Symphony (feat. Zara Larsson)	Clean Bandit	804668	46	18	7	-6
53	5fpujciVjGBhnR2XFx06E7	Ya Salam	Kurdo	795269	49	17	24	-4
54	7abpmGpF7PGep2rDU68GBR	Tuesday	Burak Yeter	794719	44	23	4	-10
55	2PcREcTtGiNTUCM4g2Qg4Z	Bros	RIN	726259	56	11	35	1
56	5fzDpw2ecK1KghidsBVM4q	30er Zone	187 Strassenbande	714349	nan	1	56	new
57	4iPjyH29Cw0PFQ7bR81fHf	Zeit ist Geld	187 Strassenbande	711153	nan	1	57	new
58	2TUcc3b5gFgq7oaRJfrVZd	24/7	187 Strassenbande	702026	nan	1	58	new
59	05Mp2UJulSttxQ4E6hQPH3	Ohne mein Team	Bonez MC	697313	53	29	11	-6
60	3sgGmPQD2J6aQduN36RDBO	Nummer 1	Zuna	668661	59	19	7	-1
61	3kGfazcbVvVkuZunzlLgTD	Came Here for Love	Sigala	668331	61	6	61	0
62	35GSwxl4LYtOATVIXqmAPA	Lächeln	187 Strassenbande	667659	nan	1	62	new
63	3b5Li4QKDVBx1x7fQuu54a	Tired	Alan Walker	659188	55	9	55	-8
64	2eMwDehkIC1j68U6FA3Eiq	XO TOUR Llif3	Lil Uzi Vert	649107	60	15	60	-4
65	5EnYT6F7wEcdege6mDHEfO	Signs	Drake	636704	50	2	50	-15
66	1v4OhNexUiv3Mq6s7tcKbw	Meine Message	187 Strassenbande	633854	nan	1	66	new
67	4bPWDXpN6MlTZBedxega3X	No Roots	Alice Merton	628873	51	25	8	-16
68	3HVr6jTVwBHBa2flM0eURR	Glorious (feat. Skylar Grey)	Macklemore	623842	80	5	68	12
69	210azEodQSJ48zZrgxHsu8	Was ist passiert?!	187 Strassenbande	618718	nan	1	69	new
70	3rOSwuTsUlJp0Pu0MkN8r8	Mask Off	Future	616029	52	22	8	-18
71	3NwZZSfJMceF6voaxIWEoV	Ajajaj	Mert	609623	57	5	53	-14
72	2Gl0FzuLxflY6nPifJp5Dr	First Time	Kygo	608792	48	12	23	-24
73	7bT5tDmeOqa3e7EegiXfQr	Intro	187 Strassenbande	601873	nan	1	73	new
74	3bVbQvGVIe4n24AzyXovXh			597618	nan	1	74	new
75	6De0lHrwBfPfrhorm9q1Xl	Me Rehúso	Danny Ocean	597294	71	10	71	-4
76	6ZyLo7sln0QFP7YXqgXCU8	Wie Falco	Nimo	592060	65	5	59	-11
77	3eFJqPe8VUYrABbFjSauuj			585894	nan	1	77	new
78	3ruUVcomUKxPlX8srBfMua	10 Dinger	187 Strassenbande	584107	nan	1	78	new
79	167NczpNbRF7oWakJaY3Hh	Slow Hands	Niall Horan	581352	74	11	64	-5
80	7M16mAuWuFA5rC9HvkXaGx	You Don't Know Me	Jax Jones	573782	nan	5	36	re-enter
81	4w5lLpNddC9X05bBxddqFT	Ballermann	187 Strassenbande	573104	nan	1	81	new
82	7G7xvFVMNFpCo3c3CF6km8	Alles auf Rot	Capo	558544	58	2	58	-24
83	7KXjTSCq5nL1LoYtL7XAwS	HUMBLE.	Kendrick Lamar	548975	73	16	11	-10
84	25qiaiBRyMFOktyaeQSMon	LFR	Nimo	534387	70	11	25	-14
85	0dA2Mk56wEzDgegdC6R17g	Stay (with Alessia Cara)	Zedd	534213	63	21	8	-22
86	0RCSckg7PFBBfwG73ydbOG	Nicht jetzt	KC Rebell	533974	64	11	24	-22
87	11DDWc2hxWltUcKbYLG3CP	International	187 Strassenbande	527413	nan	1	87	new
88	1HxvdVlvQH5NUPi1wsq5L1	Legendary	Welshly Arms	523940	69	16	36	-19
89	1BRdeyNaPcblzeqaBum5TS	Sie will	PA Sports	515922	75	4	68	-14
90	25C5CowdsfXld2jJanbiex	Sorry Not Sorry	Demi Lovato	502106	nan	1	90	new
91	2habSXqcJGExM6JJyskY7O	Malibu	Miley Cyrus	490217	67	10	24	-24
92	3a1lNhkSLSkpJE4MSHpDu9	Congratulations	Post Malone	487598	79	22	54	-13
93	1vYLKyzU47iF8UWTU5C1CQ	Voll mein Ding (feat. Adel Tawil)	KC Rebell	484683	68	5	36	-25
94	63SGQVGRElERHTuljbqCsD	Mit Absicht	187 Strassenbande	481405	nan	1	94	new
95	6HUnnBwYZqcED1eQztxMBN	Solo Dance	Martin Jensen	477312	81	29	4	-14
96	3wSsfgSBG9IupP2rZTGkJY	Luzifer	Ufo361	475988	nan	1	96	new
97	3GPI7hYiqD6enLRobhkBm8	Summer Air	ItaloBrothers	470927	114	3	97	17
98	3EB28IRRCjgvEpeOkdixlA	Papa	Bushido	457753	76	6	11	-22
99	6wHRm1KR8pzVDPdmR6Qovj	Palmen aus Plastik	Bonez MC	446527	82	29	32	-17
100	7tr2za8SQg2CI8EDgrdtNl	Slide (feat. Frank Ocean & Migos)	Calvin Harris	440681	77	17	19	-23
101	78rIJddV4X0HkNAInEcYde	Call On Me - Ryan Riback Extended Remix	Starley	435886	83	29	6	-18
102	5J9P2JiLn9VR5C8c2YAEPi	Royal Bunker	Savas	422098	103	2	102	1
103	1iTKkkgXj8kJkGdjGGBFqL	Two Princes - Radio Mix	Fake Pictures	410469	91	24	29	-12
104	5amWhhuMPipfRYq3eLJNyF	Blau	Amanda	407148	88	8	88	-16
105	3cIcZ9nBKNdDjyWVDoU1I6	Keine Angst	Casper	405299	nan	1	105	new
106	05aYPqscr6UPjgU3ha3vzD	Ovaload	Gentleman	397200	96	6	96	-10
107	1yxgsra98r3qAtxqiGZPiX	BUTTERFLY EFFECT	Travis Scott	391082	142	4	107	35
108	5WNyFshX1L7f9PDvtBLl78	Mainhattan City Gang	Capo	390803	78	3	78	-30
109	3E2Zh20GDCR9B1EYjfXWyv	Weak	AJR	390043	93	27	14	-16
110	1iPTSLcoezNpFMaXK29EsG	Der Pate	Ufo361	385760	85	12	36	-25
111	6fTsxhIosAU6zXTAhSaemI	Chasing Highs	ALMA	385290	84	17	18	-27
112	0HlGKH64XBzPBMI9jeuzZM	Should Have Been There	Regi	384904	72	14	43	-40
113	3ebXMykcMXOcLeJ9xZ17XH	Scared to Be Lonely	Martin Garrix	383800	89	25	4	-24
114	34eBseo3rsXhiIWEUcw4ys	Jim Beam & Voddi	AK Ausserkontrolle	378384	92	11	81	-22
115	2mfUa8bLs2s5N4VaqJZ4lZ	Most Girls	Hailee Steinfeld	370032	95	11	95	-20
116	3EfugazgSddQvzZpkof5I4	Ciao Adios	Anne-Marie	369094	90	20	23	-26
117	62jhFviTBtnm1Bzigve3dj	Herzbeben	Helene Fischer	367619	94	10	56	-23
118	2KHbPYI22yWIOgWUsApYIS	Kokaina	Miami Yacine	362773	116	29	30	-2
119	4lharVQjYNhByFR8dSHkMA	Don't Want You Back	Bakermat	360055	99	5	99	-20
120	6hjck7ERXicpsW51UkdHCA	Safari	Maxwell	359530	98	29	44	-22
121	1CKd1PnqfYx0H12V9MSaIY	Get Low (with Liam Payne)	Zedd	347120	86	2	86	-35
122	6yf3MxEOScNBTYCHOAIiNQ	Instruction (feat. Demi Lovato & Stefflon Don)	Jax Jones	340159	nan	1	122	new
123	1QzmdyU1N47jAj0ao5IvlW	Ist da jemand	Adel Tawil	333789	100	16	42	-23
124	72jbDTw1piOOj770jWNeaG	Paris	The Chainsmokers	323254	105	27	2	-19
125	3QWjljChcOMkRDYSzF33Qr	Whippin (feat. Felix Snow)	Kiiara	323034	126	12	99	1
126	4Omo1tlmDVINPwiliqjzZb	Von den fernen Bergen (feat. SXTN)	Ali As	321407	106	3	106	-20
127	4h6UIDvGWTYZvu4BLf2GpO	Von Party zu Party	SXTN	320324	111	8	88	-16
128	0lMbuWUpfTWhEmOKxppEau	Rollin (feat. Future & Khalid)	Calvin Harris	314579	102	6	87	-26
129	3up1uPuvL5vkfJ6aOeSRtD	Loin (feat. Dany Synthé & soFLY & Nius) - Pilule violette	Maître Gims	314543	108	27	9	-21
130	1CnPYaKxTVb4LWOtiGOm0m	All Time Low	Jon Bellion	314489	109	29	11	-21
131	5tz69p7tJuGPeMGwNTxYuV	1-800-273-8255	Logic	313958	97	11	59	-34
132	5Ohxk2dO5COHF1krpoPigN	Sign of the Times	Harry Styles	313101	112	15	39	-20
133	5knuzwU65gJK7IF5yJsuaW	Rockabye (feat. Sean Paul & Anne-Marie)	Clean Bandit	312190	117	29	1	-16
134	0ugwgq04vVhkJDIOGr2X6R	Das Geld muss weg	Marteria	311559	110	11	35	-24
135	4BtGQ89Xgmf9NmnFD9RBRc	Komm wir chillen (feat. Yonii & Bausa)	Capo	310572	87	2	87	-48
136	7mdlZsVJD6HcPuwS3k7e68	Wieso?	Zuna	308458	125	25	31	-11
137	7cufww06qM0dH2rpkch4fi	Sex ohne Grund (feat. Shindy)	Ali Bumaye	308011	128	29	80	-9
138	6PCUP3dWmTjcTtXY02oFdT	Castle on the Hill	Ed Sheeran	307321	121	28	2	-17
139	6hyQOWD7kUVEJTjIHtJXdM	Mehr als ein Job	Kontra K	303298	120	18	35	-19
140	7istTRCq9OK5cEC8sPAc50	An ihnen vorbei	Bonez MC	303142	127	29	19	-13
141	11Fo4dAH31K7UZHGqCkCmE	I Love You	Axwell /\ Ingrosso	300506	113	19	94	-28
142	46A4bx39GWGQj50pnybabM	Heb ab	Azzi Memo	300081	122	9	115	-20
143	7aF09WaavZAmAWuUeYxlYD	Rich Love (with Seeb)	OneRepublic	300078	nan	1	143	new
144	26haJjtanhamtf25RXH0MO	All Stars	Martin Solveig	296295	nan	1	144	new
145	1Eck97uRMlprKOOJN9oO1E	Good Life (with G-Eazy & Kehlani)	G-Eazy	296104	119	16	16	-26
146	21u9cFskfSRdv6tBFZEtuK	Outta Control (feat. Hamza)	KC Rebell	291771	104	6	56	-42
147	0KKkJNfGyhkQ5aFogxQAPU	That's What I Like	Bruno Mars	289885	129	22	34	-18
148	0qYTZCo5Bwh1nsUFGZP3zn	Felices los 4	Maluma	289585	146	11	108	-2
149	3W3vuTYWb5k8yNgrnYWJuf	Baby	Zuna	289092	133	14	54	-16
150	4CGkQ2Vl5pW7SGWaan6R2p	Jäger	Luciano	288230	135	17	57	-15
151	7i2DJ88J7jQ8K7zqFX2fW8	Now Or Never	Halsey	284414	115	4	62	-36
152	1xznGGDReH1oQq0xzbwXa3	One Dance	Drake	274846	144	29	22	-8
153	1cG0umU5TKStygKsPFZ9pY	Shed a Light	Robin Schulz	274841	154	29	6	1
154	5X5yoMWOcb7H0QZQfVZWqT	In meiner Wolke	RAF Camora	273191	nan	1	154	new
155	2nYpbaLykC2cjU8Yt5KF1v	Chöre	Mark Forster	271043	143	29	3	-12
156	3NdDpSvN911VPGivFlV5d0	"I Don’t Wanna Live Forever (Fifty Shades Darker) - From ""Fifty Shades Darker (Original Motion Picture Soundtrack)"""	ZAYN	268212	145	29	2	-11
157	6v6xHeuMLbCuddN0ETrGhs	Mörder	Bonez MC	268046	147	29	65	-10
158	79NlESqzFSW0hdBWgls4FX	Praying	Kesha	267387	118	2	118	-40
159	0t4v7Q4yzb9SOQohayL33W	Palmen aus Gold	Bonez MC	266018	149	29	25	-10
160	1sXUWdKx03aP9Gmzft58rt	Issues	Julia Michaels	265059	140	26	18	-20
161	61WbtB6ujkpNAsAf5LjF4b	Bon appétit	Katy Perry	264798	134	10	61	-27
162	7neLRiDEffSr5kl0wYU7Xw	El Presidente	Marteria	264155	156	8	72	-6
163	152lZdxL1OR0ZMW6KquMif	Location	Khalid	263149	150	16	132	-13
164	1vVNlXi8gf8tZ7OhnEs4VE	A Lie	French Montana	262560	nan	1	164	new
165	2ZblF7TnUfCVRPWWgBeEhe	Goodbye To Love	Nico Santos	258477	153	8	137	-12
166	3KbCjPkewCmJt09FYtyVK5	10 Jahre	Gzuz	258100	159	28	40	-7
167	5TKIutymE7YA4mTcLa9eAQ	Für die Gang	Ufo361	257902	152	16	31	-15
168	4gqMQftUs22F8pOGVn5Acr	Reminding Me	Shawn Hook	257806	161	5	144	-7
169	7BKLCZ1jbUBVqRi2FVlTVw	Closer	The Chainsmokers	255809	157	29	7	-12
170	6HZILIRieu8S0iqY8kIKhj	DNA.	Kendrick Lamar	254920	132	14	27	-38
171	104buTcnP2AsxqB7U1FIZ4	Heavy (feat. Kiiara)	Linkin Park	253564	nan	21	53	re-enter
172	3kxfsdsCpFgN412fpnW85Y	Redbone	Childish Gambino	253010	148	6	138	-24
173	0QsvXIfqM0zZoerQfsI9lm	Don't Let Me Down	The Chainsmokers	252398	160	29	36	-13
174	6gBFPUFcJLzWGx4lenP6h2	goosebumps	Travis Scott	246523	170	3	170	-4
175	0FuTx2s3YH1ppmtiM6l0zI	September Song	JP Cooper	245319	158	25	25	-17
176	7rfiXyFb5M9BqdkvKvVEiB	My Love (feat. Major Lazer, WizKid, Dua Lipa)	Wale	243848	165	6	157	-11
177	60a0Rd6pjrkxjPbaKzXjfq	In the End	Linkin Park	243478	nan	1	177	new
178	5GPfIFxXgGtX0GenuJhYOZ	Echte Berliner	Bushido	241842	139	6	36	-39
179	19j4zJpumhQ2v0FottwCdD	Sodom und Gomorrha	Bushido	241723	138	7	28	-41
180	4tX7Nt68zEeb0Lt32ngQR0	Show You Love	Kato	240788	186	13	98	6
181	7hDc8b7IXETo14hHIHdnhd	Passionfruit	Drake	239866	131	18	10	-50
182	5t0Tfp92pupUt06UO0YH0S	Rapflows, Cashflows	Kollegah	239224	nan	1	182	new
183	76gwG061wqdatYhicO2hG4	Bad Ideas	Alle Farben	237507	178	29	9	-5
184	4ZqYgipWXTGXBXF6FvOhwC	Moonwalk	Bushido	236248	141	6	32	-43
185	51PIvodunv6NmX5250zxAh	The Cure	Lady Gaga	235871	162	13	55	-23
186	3OSjGvo7Cv04JTfZaXnZaL	Fotzen im Club	SXTN	235592	171	4	160	-15
187	5toMpskhrnl8ByNg0zlB5F	Feuerwerk	Wincent Weiss	235491	172	26	57	-15
188	5Z01UMMf7V1o0MzF86s6WJ	"Lose Yourself - From ""8 Mile"" Soundtrack"	Eminem	235298	183	27	126	-5
189	68iAusaBHPveuApLPDxamN	Real Madrid	Zuna	234588	nan	12	76	re-enter
190	4IWAyPf1KMq7JCyGeCjTeH	Whatever It Takes	Imagine Dragons	233284	151	6	71	-39
191	3gppA9cIA46C4nomcRq1NF	Mister Dardy	Dardan	232967	167	5	161	-24
192	6mICuAdrwEjh6Y6lroV2Kg	Chantaje (feat. Maluma)	Shakira	232279	168	29	16	-24
193	2CPqh63wRVscbceKcPxwvv	The Ocean (feat. Shy Martin)	Mike Perry	232068	176	29	63	-17
194	4b4KcovePX8Ke2cLIQTLM0	All Night	The Vamps	231542	nan	1	194	new
195	29yq92zXs0dDb9gelBCSjc	Wie alles begann	Capital Bra	231467	174	2	174	-21
196	4Hf7WnR761jpxPr5D46Bcd	Treat You Better	Shawn Mendes	231396	184	28	43	-12
197	0UD507pTePjxhtnpTOWmKX	Plem Plem (feat. Raf Camora & Bonez MC)	Kontra K	230271	173	15	47	-24
198	0RE7AgMKdpcvRkK7EhNoBs	Diamanten	Kontra K	228488	175	22	30	-23
199	1bA2ZK7CFxEMnyn1dWP2jp	Baby	Bakermat	227666	nan	3	161	re-enter
200	6yr8GiTHWvFfi4o6Q5ebdT	'Till I Collapse	Eminem	225875	196	22	140	-4
