position	song_id	song_name	artist	streams	last_week_position	weeks_on_chart	peak_position	position_status
1	5CtI0qwDJkDQGwXD1H1cLb	Despacito - Remix	Luis Fonsi	3301188	1	7	1	0
2	72Q0FQQo32KJloivv5xge2	I'm the One	DJ Khaled	2355083	nan	1	2	new
3	3bWAqKDWg6u1davspr5IkS	OK	Robin Schulz	2302057	46	2	3	43
4	6kex4EBAj0WHXDKZMEJaaF	Swalla (feat. Nicki Minaj & Ty Dolla $ign)	Jason Derulo	2026689	3	14	2	-1
5	79cuOz3SPQTuFrp8WgftAu	There's Nothing Holdin' Me Back	Shawn Mendes	2014348	4	6	4	-1
6	4aWmUDTfIPGksMNLV2rQP2	Despacito (Featuring Daddy Yankee)	Luis Fonsi	1914715	6	19	5	0
7	56lBX2WHqfGuoeZxZvUnVj	Thunder	Imagine Dragons	1912682	nan	1	7	new
8	7qiZfU4dY1lWllzX7mPBI3	Shape of You	Ed Sheeran	1803837	5	21	1	-3
9	1F2HXIJrE2Xn81OzT2zZvW	Unforgettable	French Montana	1782166	9	8	9	0
10	7vnEuDZTbPRu5ThYoMv7G0	Louis Louis	Kay One	1777283	31	2	10	21
11	1NDxZ7cFAo481dtYWdrUnR	Pretty Girl - Cheat Codes X CADE Remix	Maggie Lindemann	1753376	13	8	11	2
12	4bPWDXpN6MlTZBedxega3X	No Roots	Alice Merton	1600633	8	18	8	-4
13	1f3flfdU4VDM2OBDD2FMia	Little Hollywood	Alle Farben	1588549	20	8	13	7
14	0afhq8XCExXpqazXczTSve	Galway Girl	Ed Sheeran	1560350	11	13	3	-3
15	1x5sYLZiu9r5E43kMlt9f8	Symphony (feat. Zara Larsson)	Clean Bandit	1507135	10	11	7	-5
16	4iLqG9SeJSnt0cSPICSjxv	Attention	Charlie Puth	1507024	22	6	16	6
17	5c4tB0saSkNHX5CyDosuF7	Tuesday	Burak Yeter	1467152	nan	1	17	new
18	7nKBxz47S9SD79N086fuhn	SUBEME LA RADIO	Enrique Iglesias	1462028	23	13	18	5
19	3eR23VReFzcdmS7TYCrhCe	It Ain't Me (with Selena Gomez)	Kygo	1395380	14	15	2	-5
20	3H25ywsvlV0ZT2XSpSU7wk	Kontrollieren	RAF Camora	1317458	15	6	12	-5
21	6RUKPb4LETWmmr3iAEQktW	Something Just Like This	The Chainsmokers	1299782	17	14	4	-4
22	0dA2Mk56wEzDgegdC6R17g	Stay (with Alessia Cara)	Zedd	1249282	18	14	8	-4
23	2Gl0FzuLxflY6nPifJp5Dr	First Time	Kygo	1229178	26	5	23	3
24	0p6ZRPPmXONaxaqWVdBZmD	Murcielago	KC Rebell	1222654	nan	1	24	new
25	3rOSwuTsUlJp0Pu0MkN8r8	Mask Off	Future	1199195	16	15	8	-9
26	1Eck97uRMlprKOOJN9oO1E	Good Life (with G-Eazy & Kehlani)	G-Eazy	1184028	21	9	16	-5
27	3my1RfvOhuSan7Ml1ZIVze	Papa	Bushido	1174948	nan	1	27	new
28	2habSXqcJGExM6JJyskY7O	Malibu	Miley Cyrus	1132517	24	3	24	-4
29	6EpRaXYhGOB3fj4V2uDkMJ	Strip That Down	Liam Payne	1116244	60	2	29	31
30	1sCxVKWImDZSZKvG0U9B23	Bad Liar	Selena Gomez	1079397	28	2	28	-2
31	4WrS6vezaPwOafKJmHqMEU	You Don't Know Me - Radio Edit	Jax Jones	1079109	nan	1	31	new
32	3sgGmPQD2J6aQduN36RDBO	Nummer 1	Zuna	1071803	27	12	7	-5
33	4xlrALxuaCf9yZBHJeTSG6	Mama	Jonas Blue	1054904	70	4	33	37
34	1louJpMmzEicAn7lzDalPW	No Promises (feat. Demi Lovato)	Cheat Codes	1054472	34	9	34	0
35	0ugwgq04vVhkJDIOGr2X6R	Das Geld muss weg	Marteria	1048977	63	4	35	28
36	1sBhJGPUKrdRycgKxve70v	Hot2Touch	Felix Jaehn	1043648	54	3	36	18
37	7KXjTSCq5nL1LoYtL7XAwS	HUMBLE.	Kendrick Lamar	1028091	29	9	11	-8
38	5fpujciVjGBhnR2XFx06E7	Ya Salam	Kurdo	990981	33	10	24	-5
39	3EfugazgSddQvzZpkof5I4	Ciao Adios	Anne-Marie	960433	32	13	23	-7
40	6fTsxhIosAU6zXTAhSaemI	Chasing Highs	ALMA	928304	38	10	18	-2
41	1HxvdVlvQH5NUPi1wsq5L1	Legendary	Welshly Arms	927787	36	9	36	-5
42	05Mp2UJulSttxQ4E6hQPH3	Ohne mein Team	Bonez MC	906205	37	22	11	-5
43	0HlGKH64XBzPBMI9jeuzZM	Should Have Been There	Regi	898097	50	7	43	7
44	6jA8HL9i4QGzsj6fjoxp8Y	There for You	Martin Garrix	884860	nan	1	44	new
45	5Ohxk2dO5COHF1krpoPigN	Sign of the Times	Harry Styles	849841	39	8	39	-6
46	3ebXMykcMXOcLeJ9xZ17XH	Scared to Be Lonely	Martin Garrix	823924	40	18	4	-6
47	2PcREcTtGiNTUCM4g2Qg4Z	Bros	RIN	823869	44	4	35	-3
48	6VRghJeP6I0w1KxkdWFfIh	Believer	Imagine Dragons	821920	nan	1	48	new
49	2KklXplRtxMsBYo474Es0w	Be Mine	Ofenbach	818514	52	4	49	3
50	1sXUWdKx03aP9Gmzft58rt	Issues	Julia Michaels	808910	41	19	18	-9
51	6HUnnBwYZqcED1eQztxMBN	Solo Dance	Martin Jensen	776731	47	22	4	-4
52	6hB5hpMGCIriSNCH0d2zHY	Nicht jetzt	KC Rebell	732352	nan	1	52	new
53	1QzmdyU1N47jAj0ao5IvlW	Ist da jemand	Adel Tawil	724653	42	9	42	-11
54	72jbDTw1piOOj770jWNeaG	Paris	The Chainsmokers	711086	48	20	2	-6
55	1HgK7BQsq5397JH2xzH3dn	Sodom und Gomorrha	Bushido	708572	nan	1	55	new
56	62jhFviTBtnm1Bzigve3dj	Herzbeben	Helene Fischer	674435	95	3	56	39
57	715uqcez2DeFYNecXSoXDm	Lambo Diablo GT (feat. Nimo)	Capo	669716	nan	1	57	new
58	2gFYrhAsBGU9DUzOiCy16l	LFR	Nimo	651757	nan	1	58	new
59	5tz69p7tJuGPeMGwNTxYuV	1-800-273-8255	Logic	639809	68	4	59	9
60	6XOYVSmNDjKUNMXooU4s4z	No Vacancy	OneRepublic	633830	83	5	60	23
61	1mDGDb2fUmUMdqV3tb8VKQ	Now Or Never	Halsey	613769	nan	1	61	new
62	1iTKkkgXj8kJkGdjGGBFqL	Two Princes - Radio Mix	Fake Pictures	612124	53	17	29	-9
63	07KbI05QnjX8IbDBDRySxR	Aliens	Marteria	603599	181	11	58	118
64	167NczpNbRF7oWakJaY3Hh	Slow Hands	Niall Horan	597939	72	4	64	8
65	51PIvodunv6NmX5250zxAh	The Cure	Lady Gaga	588939	58	6	55	-7
66	0FuTx2s3YH1ppmtiM6l0zI	September Song	JP Cooper	569477	51	18	25	-15
67	1SJtlNRJDeYHioymcvsqev	Crying in the Club	Camila Cabello	567926	108	2	67	41
68	6OuV4vfyb8v3vGGGksqyKf	Weak	AJR	566137	nan	1	68	new
69	78rIJddV4X0HkNAInEcYde	Call On Me - Ryan Riback Extended Remix	Starley	563561	56	22	6	-13
70	6gpcs5eMhJwax4mIfKDYQk	Slide (feat. Frank Ocean & Migos)	Calvin Harris	549310	nan	1	70	new
71	6zuUWT2b1cFs9NMVHuDLdY	Scotty beam mich hoch	Marteria	544896	nan	1	71	new
72	7neLRiDEffSr5kl0wYU7Xw	El Presidente	Marteria	544111	nan	1	72	new
73	2eMwDehkIC1j68U6FA3Eiq	XO TOUR Llif3	Lil Uzi Vert	534946	77	8	72	4
74	07TAUihsoCBnLWWXuZYUyw	Sowieso - Radio Version	Mark Forster	525983	104	3	74	30
75	7hDc8b7IXETo14hHIHdnhd	Passionfruit	Drake	523704	55	11	10	-20
76	14oOKFGuXu8DqvOe1W8vao	Bon Appétit	Katy Perry	521144	nan	1	76	new
77	3up1uPuvL5vkfJ6aOeSRtD	Loin (feat. Dany Synthé & soFLY & Nius) - Pilule violette	Maître Gims	512281	57	20	9	-20
78	5MuiT0D2jhWwWJyx3W9gsk	Yellow Bar Mitzvah	SpongeBOZZ	509788	nan	1	78	new
79	0KKkJNfGyhkQ5aFogxQAPU	That's What I Like	Bruno Mars	494105	69	15	34	-10
80	3a1lNhkSLSkpJE4MSHpDu9	Congratulations	Post Malone	491310	81	15	54	1
81	104buTcnP2AsxqB7U1FIZ4	Heavy (feat. Kiiara)	Linkin Park	491207	59	15	53	-22
82	5knuzwU65gJK7IF5yJsuaW	Rockabye (feat. Sean Paul & Anne-Marie)	Clean Bandit	483817	71	22	1	-11
83	1CnPYaKxTVb4LWOtiGOm0m	All Time Low	Jon Bellion	475020	66	22	11	-17
84	4v6P25AxtnhbDuybZpzRG8	Tauchstation	Marteria	469730	nan	1	84	new
85	3W3vuTYWb5k8yNgrnYWJuf	Baby	Zuna	464850	64	7	54	-21
86	6wHRm1KR8pzVDPdmR6Qovj	Palmen aus Plastik	Bonez MC	463049	74	22	32	-12
87	0HBdrRjDE1t56e2sTquhxl	Roswell	Marteria	455754	nan	1	87	new
88	3caMfJGFp53NAH2TuigdNj	Hunter	Galantis	455061	115	4	88	27
89	1iPTSLcoezNpFMaXK29EsG	Der Pate	Ufo361	453836	67	5	36	-22
90	3PAI7PCFpBfTOPnGRisqWq	Blue Marlin	Marteria	449106	nan	1	90	new
91	7mdlZsVJD6HcPuwS3k7e68	Wieso?	Zuna	443872	73	18	31	-18
92	3b5Li4QKDVBx1x7fQuu54a	Tired	Alan Walker	443653	82	2	82	-10
93	59TZtCXoVMHe9JZKfS5uY5	A.C.A.B. II	SpongeBOZZ	435131	nan	1	93	new
94	3mSKpnCdwjdf3a9T7O5jyJ	Cadillac	Marteria	431524	nan	1	94	new
95	6y2Kaz9QI01XBKJ8mTb7Pf	Skin	Rag'n'Bone Man	418302	75	18	24	-20
96	3NdDpSvN911VPGivFlV5d0	"I Don’t Wanna Live Forever (Fifty Shades Darker) - From ""Fifty Shades Darker (Original Motion Picture Soundtrack)"""	ZAYN	417135	76	22	2	-20
97	11Fo4dAH31K7UZHGqCkCmE	I Love You	Axwell /\ Ingrosso	411445	97	12	97	0
98	4c2W3VKsOFoIg2SFaO6DY5	Your Song	Rita Ora	402655	nan	1	98	new
99	3QWjljChcOMkRDYSzF33Qr	Whippin (feat. Felix Snow)	Kiiara	401245	100	5	99	1
100	6HZILIRieu8S0iqY8kIKhj	DNA.	Kendrick Lamar	400231	80	7	27	-20
101	0WCEaydwN65cvwaW8aqptF	History	Olivia Holt	393236	88	19	48	-13
102	6hyQOWD7kUVEJTjIHtJXdM	Mehr als ein Job	Kontra K	381381	86	11	35	-16
103	0GR2HhZteEmmcLf02bLXid	Links	Marteria	377078	nan	1	103	new
104	5toMpskhrnl8ByNg0zlB5F	Feuerwerk	Wincent Weiss	374789	78	19	57	-26
105	6PCUP3dWmTjcTtXY02oFdT	Castle on the Hill	Ed Sheeran	374573	87	21	2	-18
106	4tX7Nt68zEeb0Lt32ngQR0	Show You Love	Kato	371950	105	9	98	-1
107	1IcvGWkPGfNmArtSrpkSoz	Mainhattan City Gang	Capo	368163	93	3	74	-14
108	03JMjrsnUgeZNJ5yUJgWbL	Grande	Nash	368068	85	3	61	-23
109	6hjck7ERXicpsW51UkdHCA	Safari	Maxwell	366992	94	22	44	-15
110	3FDrI0FLKzrYQiWxPhqV2W	Rollin (feat. Future & Khalid)	Calvin Harris	365029	nan	1	110	new
111	0fg8CqpjdojMyXLNzM2PaJ	Run Up (feat. PARTYNEXTDOOR & Nicki Minaj)	Major Lazer	363491	79	18	12	-32
112	3TRFq09DUgYj1mug6RRqJW	Lot to Learn	Luke Christopher	362175	96	22	18	-16
113	2mfUa8bLs2s5N4VaqJZ4lZ	Most Girls	Hailee Steinfeld	358327	98	4	98	-15
114	1j0WhqRdlsxnHzzvZkuw8b	Skyline mit zwei Türmen	Marteria	356129	nan	1	114	new
115	5TKIutymE7YA4mTcLa9eAQ	Für die Gang	Ufo361	351680	89	9	31	-26
116	3VRk65lHSwqd90TAkQqhvB	Swish Swish	Katy Perry	347708	nan	1	116	new
117	5JSp2VRn86bVldslj2iAxC	Elfenbein	Marteria	343258	nan	1	117	new
118	7istTRCq9OK5cEC8sPAc50	An ihnen vorbei	Bonez MC	340100	102	22	19	-16
119	7tmIQWlTP3lqZbJkOJ1T0f	Große Brüder	Marteria	338724	nan	1	119	new
120	2KHbPYI22yWIOgWUsApYIS	Kokaina	Miami Yacine	338622	99	22	30	-21
121	46A4bx39GWGQj50pnybabM	Heb ab	Azzi Memo	336270	135	2	121	14
122	5y2qTBdWUFNgSPOygSWOMe	Bis hier und noch weiter	Adel Tawil	329604	90	11	31	-32
123	1xznGGDReH1oQq0xzbwXa3	One Dance	Drake	327648	107	22	22	-16
124	0CGFNKxoTUE4VIRHvqOQ11	Michelangelo	Nimo	324148	nan	1	124	new
125	6mICuAdrwEjh6Y6lroV2Kg	Chantaje (feat. Maluma)	Shakira	323235	109	22	16	-16
126	2EEeOnHehOozLq4aS0n6SL	iSpy (feat. Lil Yachty)	KYLE	322078	111	16	72	-15
127	34eBseo3rsXhiIWEUcw4ys	Jim Beam & Voddi	AK Ausserkontrolle	321344	101	4	81	-26
128	7BKLCZ1jbUBVqRi2FVlTVw	Closer	The Chainsmokers	317345	113	22	7	-15
129	1cG0umU5TKStygKsPFZ9pY	Shed a Light	Robin Schulz	316797	142	22	6	13
130	0qYTZCo5Bwh1nsUFGZP3zn	Felices los 4	Maluma	315615	145	4	130	15
131	4CGkQ2Vl5pW7SGWaan6R2p	Jäger	Luciano	311468	112	10	57	-19
132	1DFIyhRxaDAbZxTMN0BSBu	Blau	Amanda	308821	nan	1	132	new
133	2nYpbaLykC2cjU8Yt5KF1v	Chöre	Mark Forster	308587	120	22	3	-13
134	0UD507pTePjxhtnpTOWmKX	Plem Plem (feat. Raf Camora & Bonez MC)	Kontra K	305823	106	8	47	-28
135	6mORGLOz79w6VsCRLWYYuK	The Night We Met	Lord Huron	300131	114	6	108	-21
136	0y1QJc3SJVPKJ1OvFmFqe6	Way Down We Go	KALEO	298482	110	19	25	-26
137	7cufww06qM0dH2rpkch4fi	Sex ohne Grund (feat. Shindy)	Ali Bumaye	297617	123	22	80	-14
138	152lZdxL1OR0ZMW6KquMif	Location	Khalid	296917	143	9	132	5
139	3cFsmM51N5zMAuu1nNY4Tw	No Lie	Sean Paul	291330	125	22	11	-14
140	3nbtUeypf5UJvxBNA9KCJD	Gift (feat. BTNG & AK Ausser Kontrolle)	Kontra K	290237	103	6	62	-37
141	1yNyoWWWikbLhwIGWjZuDW	All Night	The Vamps	290119	155	22	26	14
142	76gwG061wqdatYhicO2hG4	Bad Ideas	Alle Farben	289067	139	22	9	-3
143	0RE7AgMKdpcvRkK7EhNoBs	Diamanten	Kontra K	286949	116	15	30	-27
144	1WC5UN1U79gJlxGLYDGIO7	Green Light	Lorde	285449	nan	1	144	new
145	6v6xHeuMLbCuddN0ETrGhs	Mörder	Bonez MC	284160	126	22	65	-19
146	2z7IrWdtG3Rx3xA3Zq2yFK	Kartell (feat. Azet & Nash)	Zuna	283945	128	22	92	-18
147	0JiVRyTJcJnmlwCZ854K4p	Alone	Alan Walker	283273	127	22	2	-20
148	6Zosz8w6CmdGMZM6p4JlbQ	Me Rehúso	Danny Ocean	281722	nan	1	148	new
149	5ndfVSDyPq90jaIUhNPeby	Chained To The Rhythm	Katy Perry	280139	nan	1	149	new
150	3zgZC7oLVaBA9OkHpqxKY7	Boxerschnitt	Mert	279700	118	6	78	-32
151	7DQXiMeLqiQsy1uqHSk0xc	Reminding Me	Shawn Hook	279365	nan	1	151	new
152	5NNlUMcOEOdoOIwwaWXv0k	Cold	Maroon 5	278625	91	15	33	-61
153	0QsvXIfqM0zZoerQfsI9lm	Don't Let Me Down	The Chainsmokers	278329	131	22	36	-22
154	5nm2zzI4IUPdyVhTZ5QvmR	Original	Zuna	275678	121	7	53	-33
155	3R1jfrFsFvXRkXc10cea6l	Gehen wir rein (feat. M.O.030)	Bushido	275310	nan	1	155	new
156	0t4v7Q4yzb9SOQohayL33W	Palmen aus Gold	Bonez MC	274079	134	22	25	-22
157	1R8eM53yWnjsfiWktgObe7	Burden Down	Micar	273803	178	3	157	21
158	5aAx2yezTd8zXrkmtKl66Z	Starboy	The Weeknd	272162	133	22	5	-25
159	2ZblF7TnUfCVRPWWgBeEhe	Goodbye To Love	Nico Santos	272098	nan	1	159	new
160	3vcHPShfJAFP3TtAAsTHsV	Hey Mamma - Radio Edit	Sunstroke Project	271908	nan	2	93	re-enter
161	68iAusaBHPveuApLPDxamN	Real Madrid	Zuna	267618	130	7	76	-31
162	2Vdub5mY4lad7w64bFPUez	Hey Ma (with Pitbull & J Balvin feat. Camila Cabello) - Spanish Version	Pitbull	267431	152	7	116	-10
163	6rwCkGBh7CV6pcdxZKbcsG	iPhone 17 (feat. Moé)	KC Rebell	262186	140	22	17	-23
164	261JjqZxHunllvuzHlVzvS	Lost In You	Lena	258992	188	5	118	24
165	0w6O1J8NjXRgD2uWOIBBqT	Cazal	Zuna	258678	138	15	21	-27
166	0PnctHaHNXS61dCBN04Ljb	Von Party zu Party	SXTN	258413	nan	1	166	new
167	2CPqh63wRVscbceKcPxwvv	The Ocean (feat. Shy Martin)	Mike Perry	254882	156	22	63	-11
168	6t2ubAB4iSYOuIpRAOGd4t	Cake - Challenge Version	Flo Rida	252957	160	22	84	-8
169	5q5gzmbBS5yQzos2BvVr1t	Nights With You	MØ	252686	174	3	169	5
170	43jBqV3j3Xi1g6wO0bhIMd	Now and Later	Sage The Gemini	249847	146	22	6	-24
171	2Ce5IyMlVRVvN997ZJjJJA	Selfish (feat. Rihanna)	Future	249324	132	13	66	-39
172	542Xd5qDeLBvgXZXhfW7LE	Obsession (feat. Jon Bellion)	Vice	248630	nan	1	172	new
173	4Q5yMlwAfAoitqg4r9oZHN	Quit (feat. Ariana Grande)	Cashmere Cat	247708	137	3	137	-36
174	5CXjevTAQIYO1Z0yyiOOno	Ahnma	Beginner	246230	157	22	64	-17
175	5uCax9HTNlzGybIStD3vDh	Say You Won't Let Go	James Arthur	244527	149	22	10	-26
176	7rfiXyFb5M9BqdkvKvVEiB	My Love (feat. Major Lazer, WizKid, Dua Lipa)	Wale	242647	nan	1	176	new
177	3EmmCZoqpWOTY1g2GBwJoR	Just Hold On	Steve Aoki	241209	164	22	14	-13
178	2MHCiOohBZEQuLgDTPvSzF	Love on Me	Galantis	240743	150	22	65	-28
179	3KbCjPkewCmJt09FYtyVK5	10 Jahre	Gzuz	240366	151	22	40	-28
180	5hz9DEkahyWoTs3rxJOTtw	Bonfire	Felix Jaehn	239879	nan	17	37	re-enter
181	6uNFvdRGAtUuVIP6IOMlRs	Words	Naaz	239834	nan	1	181	new
182	4i9ZRPZbz683dAMVSU4zlm	Atramis	Bonez MC	237505	168	22	71	-14
183	5Ua3GXyHwiSfpNTMjq6m2z	Touch	Little Mix	237279	154	19	101	-29
184	5hNbpjMYatgqiDa7nonhsl	Tabasco	KC Rebell	237216	nan	1	184	new
185	4q8PHoRsPUB52LFylX8Ulz	More Than You Know	Axwell /\ Ingrosso	237030	nan	1	185	new
186	27lm3yIbCVK72Sxzg2bC2q	HSHC	PA Sports	236008	nan	1	186	new
187	5GXAXm5YOmYT0kL5jHvYBt	I Feel It Coming	The Weeknd	235222	124	22	43	-63
188	0t2myRMEMCi2SRyg5TEFLp	Love$ick	Mura Masa	234599	nan	1	188	new
189	3umS4y3uQDkqekNjVpiRUs	El Amante	Nicky Jam	233755	165	13	119	-24
190	369SOcTvxnm9DWYIzoNzal	Skandale	Bonez MC	233614	166	22	67	-24
191	4Hf7WnR761jpxPr5D46Bcd	Treat You Better	Shawn Mendes	232683	159	22	43	-32
192	5cchJci8fb4K0b0i66s5pA	Mufasa	Azzi Memo	230424	nan	1	192	new
193	4pdPtRcBmOSQDlJ3Fk945m	Let Me Love You	DJ Snake	230388	167	22	13	-26
194	1qOLh0tI7trd1zdDKxYZTe	Starving	Hailee Steinfeld	230246	153	22	48	-41
195	6yVKwbw0piZ5lj2l5GT548	AMG	Azzi Memo	223518	nan	4	163	re-enter
196	58zsLZPvfflaiIbNWoA22O	Human	Rag'n'Bone Man	222391	172	22	31	-24
197	5Z01UMMf7V1o0MzF86s6WJ	"Lose Yourself - From ""8 Mile"" Soundtrack"	Eminem	221206	175	22	126	-22
198	4Km5HrUvYTaSUfiSGPJeQR	Bad and Boujee (feat. Lil Uzi Vert)	Migos	220472	177	22	53	-21
199	0L7loeTIg6akW84aEQZpCT	Light It Up (feat. Nyla & Fuse ODG) - Remix	Major Lazer	219782	180	20	66	-19
200	3Db8OhBMmNPLv2rHYoP7Wf	P.Y.T. (Pretty Young Thing)	John Gibbons	219146	nan	1	200	new
