position	song_id	song_name	artist	streams	last_week_position	weeks_on_chart	peak_position	position_status
1	7qiZfU4dY1lWllzX7mPBI3	Shape of You	Ed Sheeran	4346473	1	9	1	0
2	3eR23VReFzcdmS7TYCrhCe	It Ain't Me (with Selena Gomez)	Kygo	2406275	2	3	2	0
3	0afhq8XCExXpqazXczTSve	Galway Girl	Ed Sheeran	1981036	nan	1	3	new
4	6RUKPb4LETWmmr3iAEQktW	Something Just Like This	The Chainsmokers	1976860	6	2	4	2
5	6PCUP3dWmTjcTtXY02oFdT	Castle on the Hill	Ed Sheeran	1947650	14	9	2	9
6	3NdDpSvN911VPGivFlV5d0	"I Don’t Wanna Live Forever (Fifty Shades Darker) - From ""Fifty Shades Darker (Original Motion Picture Soundtrack)"""	ZAYN	1808414	3	10	2	-3
7	72jbDTw1piOOj770jWNeaG	Paris	The Chainsmokers	1727886	4	8	2	-3
8	7abpmGpF7PGep2rDU68GBR	Tuesday	Burak Yeter	1674250	13	6	8	5
9	3ebXMykcMXOcLeJ9xZ17XH	Scared to Be Lonely	Martin Garrix	1568858	5	6	4	-4
10	6HUnnBwYZqcED1eQztxMBN	Solo Dance	Martin Jensen	1451649	7	10	4	-3
11	00lNx0OcTJrS3MKHcB80HY	You Don't Know Me - Radio Edit	Jax Jones	1447395	21	5	11	10
12	3up1uPuvL5vkfJ6aOeSRtD	Loin (feat. Dany Synthé & soFLY & Nius) - Pilule violette	Maître Gims	1418986	9	8	9	-3
13	2RttW7RAu5nOAfq6YFvApB	Happier	Ed Sheeran	1414982	nan	1	13	new
14	6520aj0B4FSKGVuKNsOCOi	Chained To The Rhythm	Katy Perry	1386706	10	4	10	-4
15	0tgVpDi06FyKpA1z0VMD4v	Perfect	Ed Sheeran	1384480	nan	1	15	new
16	1CnPYaKxTVb4LWOtiGOm0m	All Time Low	Jon Bellion	1284445	11	10	11	-5
17	0dA2Mk56wEzDgegdC6R17g	Stay (with Alessia Cara)	Zedd	1282995	42	2	17	25
18	0CcQNd8CINkwQfe1RDtGV6	Believer	Imagine Dragons	1280484	17	5	17	-1
19	78rIJddV4X0HkNAInEcYde	Call On Me - Ryan Riback Extended Remix	Starley	1244541	8	10	6	-11
20	7oolFzHipTMg2nL7shhdz2	Eraser	Ed Sheeran	1216851	nan	1	20	new
21	5HDPtsnyb3maFmPL8LLUTG	New Man	Ed Sheeran	1213452	nan	1	21	new
22	1sXUWdKx03aP9Gmzft58rt	Issues	Julia Michaels	1203147	19	7	18	-3
23	51ChrwmUPDJvedPQnIU8Ls	Dive	Ed Sheeran	1152815	nan	1	23	new
24	0fg8CqpjdojMyXLNzM2PaJ	Run Up (feat. PARTYNEXTDOOR & Nicki Minaj)	Major Lazer	1145133	16	6	12	-8
25	2pJZ1v8HezrAoZ0Fhzby92	What Do I Know?	Ed Sheeran	1080141	nan	1	25	new
26	3E2Zh20GDCR9B1EYjfXWyv	Weak	AJR	1075071	18	10	14	-8
27	40UroIGvsMPLPBYwH8rMNA	Steady 1234 (feat. Jasmine Thompson & Skizzy Mars)	Vice	1062488	15	10	9	-12
28	05Mp2UJulSttxQ4E6hQPH3	Ohne mein Team	Bonez MC	1059282	20	10	11	-8
29	6y2Kaz9QI01XBKJ8mTb7Pf	Skin	Rag'n'Bone Man	1041150	24	6	24	-5
30	4VuS959DSpr82t3qBqCrWG	Supermarket Flowers	Ed Sheeran	1013784	nan	1	30	new
31	5knuzwU65gJK7IF5yJsuaW	Rockabye (feat. Sean Paul & Anne-Marie)	Clean Bandit	999200	12	10	1	-19
32	6PJ8FF6UR8FZXfEvpHkIVN	How Would You Feel (Paean)	Ed Sheeran	991408	130	3	32	98
33	7tr2za8SQg2CI8EDgrdtNl	Slide (feat. Frank Ocean & Migos)	Calvin Harris	944665	56	2	33	23
34	0y1QJc3SJVPKJ1OvFmFqe6	Way Down We Go	KALEO	944585	27	7	25	-7
35	3Lfiu5sZ4M4B6JaKMBc0FU	Barcelona	Ed Sheeran	928880	nan	1	35	new
36	2dfHh7ECGxfNqZTQno09Vk	Hearts Don't Break Around Here	Ed Sheeran	920865	nan	1	36	new
37	43jBqV3j3Xi1g6wO0bhIMd	Now and Later	Sage The Gemini	913862	22	10	6	-15
38	35QZaWQRkmnAVqBF1TLCxQ	Nancy Mulligan	Ed Sheeran	909431	nan	1	38	new
39	0UeYCHOETPfai02uskjJ3x	Shooting Stars	Bag Raiders	908578	41	3	39	2
40	1cG0umU5TKStygKsPFZ9pY	Shed a Light	Robin Schulz	877433	23	10	6	-17
41	5NNlUMcOEOdoOIwwaWXv0k	Cold	Maroon 5	872443	46	3	41	5
42	0RE7AgMKdpcvRkK7EhNoBs	Diamanten	Kontra K	868179	30	3	30	-12
43	1yNyoWWWikbLhwIGWjZuDW	All Night	The Vamps	857211	29	10	26	-14
44	3TRFq09DUgYj1mug6RRqJW	Lot to Learn	Luke Christopher	855480	35	10	18	-9
45	3cFsmM51N5zMAuu1nNY4Tw	No Lie	Sean Paul	849194	28	10	11	-17
46	3EmmCZoqpWOTY1g2GBwJoR	Just Hold On	Steve Aoki	842398	26	10	14	-20
47	6O85MfGECKBqAK2MgSbCaj	Places	Martin Solveig	807213	31	10	31	-16
48	0JiVRyTJcJnmlwCZ854K4p	Alone	Alan Walker	806823	25	10	2	-23
49	6SznMYPQJHzr3IwsAHLId2	Bibia Be Ye Ye	Ed Sheeran	787550	nan	1	49	new
50	76gwG061wqdatYhicO2hG4	Bad Ideas	Alle Farben	776012	33	10	9	-17
51	6mICuAdrwEjh6Y6lroV2Kg	Chantaje (feat. Maluma)	Shakira	730822	34	10	16	-17
52	4aWmUDTfIPGksMNLV2rQP2	Despacito (Featuring Daddy Yankee)	Luis Fonsi	719191	32	7	24	-20
53	5hYTyyh2odQKphUbMqc5gN	"How Far I'll Go - From ""Moana"""	Alessia Cara	705365	36	10	25	-17
54	6TIU9Ehmi6dMzZK73Ym4yj	Save Myself	Ed Sheeran	695870	nan	1	54	new
55	3oUZXcz9WLNO71yHAumFbH	Hey Baby (feat. Deb's Daughter)	Dimitri Vegas & Like Mike	676984	40	10	32	-15
56	0gbBzIqrECJOEPvQJIBFs5	Green Light	Lorde	670600	nan	1	56	new
57	7mdlZsVJD6HcPuwS3k7e68	Wieso?	Zuna	660907	53	6	51	-4
58	0hNduWmlWmEmuwEFcYvRu1	Sunset Lover	Petit Biscuit	650922	48	10	40	-10
59	1ssmjAYSU5PbmsjLq5yrNH	Never Give Up	Sia	644770	45	10	22	-14
60	7BKLCZ1jbUBVqRi2FVlTVw	Closer	The Chainsmokers	634662	38	10	7	-22
61	2dqLk7ezV15LEJEwUmEbXB	Down	Marian Hill	631626	67	4	61	6
62	5uCax9HTNlzGybIStD3vDh	Say You Won't Let Go	James Arthur	630289	44	10	10	-18
63	6rwCkGBh7CV6pcdxZKbcsG	iPhone 17 (feat. Moé)	KC Rebell	626055	47	10	17	-16
64	6wHRm1KR8pzVDPdmR6Qovj	Palmen aus Plastik	Bonez MC	623934	49	10	32	-15
65	5aAx2yezTd8zXrkmtKl66Z	Starboy	The Weeknd	620695	43	10	5	-22
66	1a5Yu5L18qNxVhXx38njON	Hear Me Now	Alok	605475	37	10	26	-29
67	0w6O1J8NjXRgD2uWOIBBqT	Cazal	Zuna	594276	39	3	21	-28
68	2KHbPYI22yWIOgWUsApYIS	Kokaina	Miami Yacine	565036	51	10	30	-17
69	7istTRCq9OK5cEC8sPAc50	An ihnen vorbei	Bonez MC	539037	55	10	19	-14
70	0Zx8khUcEfCFK2AEoIhC92	Don't Leave	Snakehips	523988	54	9	51	-16
71	5GXAXm5YOmYT0kL5jHvYBt	I Feel It Coming	The Weeknd	523038	60	10	43	-11
72	0prNGof3XqfTvNDxHonvdK	Scars To Your Beautiful	Alessia Cara	511675	52	10	23	-20
73	6hjck7ERXicpsW51UkdHCA	Safari	Maxwell	509645	63	10	44	-10
74	3rOSwuTsUlJp0Pu0MkN8r8	Mask Off	Future	497705	103	3	74	29
75	0L87MffumRNWrY2SNUFcvs	Cocoon	Milky Chance	491531	59	10	27	-16
76	2nYpbaLykC2cjU8Yt5KF1v	Chöre	Mark Forster	490739	50	10	3	-26
77	6kex4EBAj0WHXDKZMEJaaF	Swalla (feat. Nicki Minaj & Ty Dolla $ign)	Jason Derulo	487012	85	2	77	8
78	4Km5HrUvYTaSUfiSGPJeQR	Bad and Boujee (feat. Lil Uzi Vert)	Migos	485327	58	10	53	-20
79	0FuTx2s3YH1ppmtiM6l0zI	September Song	JP Cooper	484143	89	6	79	10
80	1FUViuNSldssMIawrOXF2i	I Got You	Bebe Rexha	465965	61	10	52	-19
81	0t4v7Q4yzb9SOQohayL33W	Palmen aus Gold	Bonez MC	450703	65	10	25	-16
82	4pdPtRcBmOSQDlJ3Fk945m	Let Me Love You	DJ Snake	445335	62	10	13	-20
83	3KbCjPkewCmJt09FYtyVK5	10 Jahre	Gzuz	415039	68	10	40	-15
84	1xznGGDReH1oQq0xzbwXa3	One Dance	Drake	406071	64	10	22	-20
85	4Q4jmPHwu0wrJvqrld0FQ6	I Would Like	Zara Larsson	387366	66	10	44	-19
86	0KKkJNfGyhkQ5aFogxQAPU	That's What I Like	Bruno Mars	387179	95	3	86	9
87	2EEeOnHehOozLq4aS0n6SL	iSpy (feat. Lil Yachty)	KYLE	384053	78	4	78	-9
88	1dAazGFelwADy9weYTniuB	100k	Maxwell	382293	81	3	81	-7
89	4i9ZRPZbz683dAMVSU4zlm	Atramis	Bonez MC	380559	76	10	71	-13
90	1PSBzsahR2AKwLJgx8ehBj	Bad Things (with Camila Cabello)	Machine Gun Kelly	379423	57	10	34	-33
91	6v6xHeuMLbCuddN0ETrGhs	Mörder	Bonez MC	366574	74	10	65	-17
92	6t2ubAB4iSYOuIpRAOGd4t	Cake - Challenge Version	Flo Rida	366085	84	10	84	-8
93	70NqBF3w8WSv05KAD2Vz0F	Diese Beiden	Maxwell	358385	nan	1	93	new
94	2aksifNn5ph8igDOkPBA02	Love On The Brain	Rihanna	349003	104	10	92	10
95	58zsLZPvfflaiIbNWoA22O	Human	Rag'n'Bone Man	347726	70	10	31	-25
96	6fujklziTHa8uoM5OQSfIo	Black Beatles	Rae Sremmurd	345738	75	10	15	-21
97	6i0V12jOa3mr6uu4WYhUBr	Heathens	Twenty One Pilots	329313	83	10	44	-14
98	7cufww06qM0dH2rpkch4fi	Sex ohne Grund (feat. Shindy)	Ali Bumaye	325192	101	10	80	3
99	343YBumqHu19cGoGARUTsd	Fake Love	Drake	324719	69	10	52	-30
100	4PdJSsESm34djLfBde9Pr2	Would I Lie to You - Radio Edit	David Guetta	323955	71	10	17	-29
101	369SOcTvxnm9DWYIzoNzal	Skandale	Bonez MC	320075	100	10	67	-1
102	0SGkqnVQo9KPytSri1H6cF	Bounce Back	Big Sean	316148	90	9	75	-12
103	3a1lNhkSLSkpJE4MSHpDu9	Congratulations	Post Malone	315695	97	3	97	-6
104	5CXjevTAQIYO1Z0yyiOOno	Ahnma	Beginner	315612	102	10	64	-2
105	4TZy1wLyHec06pwgFYDh1a	Mercy	Shawn Mendes	315214	87	10	24	-18
106	67Igkn3LegGXD5Xe0yjJVM	Es geht ums Geschäft	Capital Bra	314984	96	8	60	-10
107	7aV2mflaASUmGhCErm7kBO	The Mack	Nevada	314531	106	10	30	-1
108	1qOLh0tI7trd1zdDKxYZTe	Starving	Hailee Steinfeld	313213	92	10	48	-16
109	0QsvXIfqM0zZoerQfsI9lm	Don't Let Me Down	The Chainsmokers	311308	91	10	36	-18
110	2z7IrWdtG3Rx3xA3Zq2yFK	Kartell (feat. Azet & Nash)	Zuna	311161	105	10	99	-5
111	04DwTuZ2VBdJCCC5TROn7L	In the Name of Love	Martin Garrix	303382	73	10	35	-38
112	6DNtNfH8hXkqOX1sjqmI7p	Cold Water (feat. Justin Bieber & MØ)	Major Lazer	297232	79	10	39	-33
113	5v9N8Rx3QsFvr50cxyQcA3	Love$ick	Mura Masa	296204	118	10	112	5
114	5NafFxaLg9Ep21oTHBw7Zq	Dye My Hair	ALMA	293690	72	10	27	-42
115	4bPWDXpN6MlTZBedxega3X	No Roots	Alice Merton	291158	111	6	110	-4
116	1w7VLLyAq8ZTMHU0niW5mU	Meine Posse	Beginner	290404	120	4	112	4
117	3SGWp9fJCzgK0WcpcKSQdy	Romantic - NOTD Remix	Stanaj	290290	88	7	78	-29
118	1vvNmPOiUuyCbgWmtc6yfm	My Way	Calvin Harris	288315	82	10	19	-36
119	6nxQdXa1uAL0rY72wPZu89	Love Me Now	John Legend	285738	99	10	20	-20
120	2MHCiOohBZEQuLgDTPvSzF	Love on Me	Galantis	285285	125	10	65	5
121	7j56HrjR9cGzvekvZY3Faz	HandClap	Fitz and The Tantrums	284302	94	6	94	-27
122	6fxVffaTuwjgEk5h9QyRjy	Photograph	Ed Sheeran	283324	137	9	75	15
123	4Hf7WnR761jpxPr5D46Bcd	Treat You Better	Shawn Mendes	282601	108	10	43	-15
124	6I8R2dillIEsMrBm6IZqxv	So schön kaputt	SDP	280936	112	8	76	-12
125	5toMpskhrnl8ByNg0zlB5F	Feuerwerk	Wincent Weiss	277408	129	7	116	4
126	7gHs73wELdeycvS48JfIos	Faded	Alan Walker	276651	114	10	62	-12
127	1D3ODoXHBLpdxolZRHWV1j	By Your Side	Jonas Blue	274979	123	10	28	-4
128	7Is0OPWVcN8DdZpcNuClcy	Feel (feat. Sena Sener) - Radio Edit	Mahmut Orhan	274079	136	10	89	8
129	2CPqh63wRVscbceKcPxwvv	The Ocean (feat. Shy Martin)	Mike Perry	273604	122	10	63	-7
130	6A8dnC0xkiuWN4BshmTB2I	Oceans Away	A R I Z O N A	272834	107	9	105	-23
131	5OOkp4U9P9oL23maHFHL1h	Panda	Desiigner	270016	115	10	82	-16
132	1iTKkkgXj8kJkGdjGGBFqL	Two Princes - Radio Mix	Fake Pictures	269220	109	5	105	-23
133	4dASQiO1Eoo3RJvt74FtXB	Sucker For Pain (with Wiz Khalifa, Imagine Dragons, Logic & Ty Dolla $ign feat. X Ambassadors)	Lil Wayne	268891	117	10	67	-16
134	14OLkF8PnpsE7z9zt7FMu1	Spielplatz	Maxwell	267654	127	10	89	-7
135	3D3Tkk0d9UmECpH5Fprmuv	Whispering Still (feat. Charity Children) - Little Rose Remix	SRTW	266446	121	10	115	-14
136	0WCEaydwN65cvwaW8aqptF	History	Olivia Holt	265313	146	7	131	10
137	24QLjRdXiJdhuzzaXg9mqK	Patte fließt	Azet	264309	124	10	81	-13
138	5DunkTHxwszBIlEdBeyU6q	Break My Habits	Topic	261601	126	8	84	-12
139	3umS4y3uQDkqekNjVpiRUs	El Amante	Nicky Jam	261176	179	3	139	40
140	6b8Be6ljOzmkOmFslEb23P	24K Magic	Bruno Mars	256534	93	10	53	-47
141	5hz9DEkahyWoTs3rxJOTtw	Bonfire	Felix Jaehn	250924	128	10	37	-13
142	4pLwZjInHj3SimIyN9SnOz	Side To Side	Ariana Grande	249887	98	10	55	-44
143	104buTcnP2AsxqB7U1FIZ4	Heavy (feat. Kiiara)	Linkin Park	249674	110	3	72	-33
144	5Ua3GXyHwiSfpNTMjq6m2z	Touch	Little Mix	249595	131	7	112	-13
145	5MFzQMkrl1FOOng9tq6R9r	Don't Wanna Know	Maroon 5	246576	86	10	21	-59
146	2mgEaXikIdfbdonkQ6AY6D	Chill mal dein Leben	Kianush	245808	143	3	143	-3
147	0eZBeB2xFIS65jQHerispi	The Sound of Silence	Disturbed	245717	133	10	86	-14
148	2oW8pBaoHKnG2zf7auryUH	Fast Life	Azet	242821	145	10	131	-3
149	5fc6rQgAKiLutfUYWQ6QnJ	"Helium - From ""Fifty Shades Darker (Original Motion Picture Soundtrack)"""	Sia	242712	113	4	92	-36
150	5Z01UMMf7V1o0MzF86s6WJ	"Lose Yourself - From ""8 Mile"" Soundtrack"	Eminem	242585	135	10	126	-15
151	4nxvRweTK5ZZhbH3G7PuEn	Your Soul (Holding On)	RHODES	242212	116	10	79	-35
152	1Slwb6dOYkBlWal1PGtnNg	Thinking out Loud	Ed Sheeran	241740	182	9	137	30
153	27SdWb2rFzO6GWiYDBTD9j	Cheap Thrills	Sia	240502	134	10	46	-19
154	0tICYNayWWhH9GPeFrfjfD	This Girl (Kungs Vs. Cookin' On 3 Burners)	Kungs	240366	141	10	99	-13
155	3B7udSGy2PfgoCniMSb523	"I See Fire - From ""The Hobbit - The Desolation Of Smaug"""	Ed Sheeran	237578	170	9	131	15
156	6yr8GiTHWvFfi4o6Q5ebdT	'Till I Collapse	Eminem	235360	144	10	140	-12
157	5DA77EqppDmCTWGovd4oTP	Sex	Cheat Codes	235296	139	10	68	-18
158	6LUOMjoORvAkdhBYvESO46	Move Your Body - Alan Walker Remix	Sia	233944	171	4	158	13
159	3CRDbSIZ4r5MsZ0YwxuEkn	Stressed Out	Twenty One Pilots	230756	138	10	69	-21
160	0L7loeTIg6akW84aEQZpCT	Light It Up (feat. Nyla & Fuse ODG) - Remix	Major Lazer	227814	152	10	66	-8
161	0n2bvWvMwr0gbjcuTm92eW	Love	Lana Del Rey	226166	80	2	80	-81
162	2Ae5awwKvQpTBKQHr1TYCg	Dynamite (feat. Pretty Sister)	Nause	225326	142	10	114	-20
163	1Syhm4vkn6n2DYuFnyI60s	Scheiß auf eure Party	Ufo361	222436	151	6	151	-12
164	6cAKeFFYW2aClZSUyvqAEW	It's Gotta Be You	Isaiah	220459	153	8	145	-11
165	4nDfc6F2uVcc6wdG7kBzWO	"Bom Bidi Bom - From ""Fifty Shades Darker (Original Motion Picture Soundtrack)"""	Nick Jonas	220023	147	4	111	-18
166	0aIhlYp18RtshhAwIHwxKw	Silberner Ferrari (feat. Farid Bang)	Majoe	218559	158	4	79	-8
167	2Ce5IyMlVRVvN997ZJjJJA	Selfish (feat. Rihanna)	Future	217852	nan	1	167	new
168	6JV2JOEocMgcZxYSZelKcc	"CAN'T STOP THE FEELING! (Original Song from DreamWorks Animation's ""TROLLS"")"	Justin Timberlake	217546	157	10	56	-11
169	3EfugazgSddQvzZpkof5I4	Ciao Adios	Anne-Marie	216016	nan	1	169	new
170	5wRPVa6hCNtRm3Qay2K7RW	Jagen die Mio	Luciano	214336	181	3	170	11
171	0QjewL57d6QobAvn1JoQd9	Bleib in der Schule	Trailerpark	214320	155	10	128	-16
172	00vk0sEfb6mr2ehwSw0Uhn	Don't Be So Shy - Filatov & Karas Remix	Imany	214202	148	10	70	-24
173	1Rl40PsX4mh9xVOeGHq86B	Savage (feat. Flux Pavilion & MAX)	Whethan	213707	173	6	173	0
174	0Z4AOIqWrH3pNwHGScZFuJ	Einer von Millionen (feat. Motrip)	Kollegah	211070	162	7	96	-12
175	0xCXcq4y44uHJtJ7zZDF3d	Bungalow	Bilderbuch	210292	164	4	139	-11
176	0OwX5aROoW1Iip8FV51Efg	Alarm	Anne-Marie	209952	154	10	80	-22
177	4vb4mFvYsr2h6enhjJsq9Y	Water Under the Bridge	Adele	208913	149	10	68	-28
178	463oFGElXVcP8ueC72zvMj	Stoff und Schnaps	Lil Kleine	208667	132	10	60	-46
179	1kFJTEnAvJ70S5mXplUAFR	Love Me	Jane XØ	206686	172	10	109	-7
180	5Qht2aUJcCjRuhrlHvvKt2	Johnny Däpp	Lorenz Büffel	206030	77	3	77	-103
181	5FnRT97hnqXEK8rTA6FJzy	247	Laruzo	204617	180	5	180	-1
182	02WacdrRpm4zlP8H7X6bnQ	Dancing On My Own	Calum Scott	204106	161	10	102	-21
183	5yKfZwcuSoEkOemLJX6hEm	Wenn sie tanzt	Max Giesinger	203223	163	10	58	-20
184	4tCtwWceOPWzenK2HAIJSb	Work from Home (feat. Ty Dolla $ign)	Fifth Harmony	202654	156	10	75	-28
185	2XMTqoHHSH0lvuXrvIEdco	Capsize	FRENSHIP	202560	159	10	85	-26
186	4F7A0DXBrmUAkp32uenhZt	Party Monster	The Weeknd	202300	186	10	126	0
187	4D5Ew9tEw8AAahXfC47v35	Hütte im Wald	Kianush	202165	165	4	149	-22
188	17Fd6Yb7mSbinKG8LoWfFl	I Took A Pill In Ibiza - Seeb Remix	Mike Posner	198701	168	10	50	-20
189	6iTVIAqZpHmCK9jrpDyDVo	I Feel So Bad	Kungs	198592	nan	1	189	new
190	7eINNUMHd6YAPldsUlCz9q	Holz	257ers	197615	140	10	61	-50
191	1KiA2qmRxsedA1mKPceIov	Großes Kaliber	Bonez MC	196432	177	10	90	-14
192	1f0KCTo151gsceJeGMv3vK	Gaspedal	Maxwell	195242	150	4	95	-42
193	7zja6rwquGA6vzLolzKrda	Hulapalu	Andreas Gabalier	193308	119	10	119	-74
194	0NyOeqzqjVM9j7IuWp2oJ6	Feel Good (feat. Daya)	Gryffin	192797	nan	1	194	new
195	4qqArAiTPueDxIp7cf87h7	Final Song	MØ	192039	178	10	74	-17
196	28CWzJEydS0er9hU3TEYyJ	Wide Awake - Red Mix	Eric Saade	191205	nan	7	163	re-enter
197	4ZVopOP1QK5OqfW3UE7wft	Ala'ba'ba	Capital Bra	190010	166	8	81	-31
198	2Z8WuEywRWYTKe1NybPQEW	Ride	Twenty One Pilots	189392	175	10	78	-23
199	1lntL1cI2UIWlxjL5QiN8g	The Other	Lauv	188965	187	7	122	-12
200	7lQ8MOhq6IN2w8EYcFNSUk	Without Me	Eminem	188151	188	8	182	-12
