position	song_id	song_name	artist	streams	last_week_position	weeks_on_chart	peak_position	position_status
1	1a5Yu5L18qNxVhXx38njON	Hear Me Now	Alok	2192860	1	5	1	0
2	7qiZfU4dY1lWllzX7mPBI3	Shape of You	Ed Sheeran	2172550	3	4	2	1
3	6m2LNopVJKsvBB9l7Z1rwn	Olha a Explosão	MC Kevinho	1932175	4	5	3	1
4	0EPxmvsG1BY5td4aTOkWBF	Deu Onda	MC G15	1931738	2	5	1	-2
5	257tme6AhneIKAqVF1HTH4	Loka	Simone & Simaria	1660243	5	4	4	0
6	2d3TbSkAscvT3QRQalq6uT	Te Assumi Pro Brasil - Ao Vivo	Matheus & Kauan	1336561	7	5	6	1
7	45wqPwIH4A5cr2IyyD4WKf	Eu Sei de Cor - Ao Vivo | Acústico	Marília Mendonça	1281658	8	5	4	1
8	5aAx2yezTd8zXrkmtKl66Z	Starboy	The Weeknd	1202641	6	5	6	-2
9	2CW04trIoYMbroZWDzPAjs	Medo Bobo - Ao Vivo	Maiara & Maraisa	1148017	10	5	5	1
10	7BKLCZ1jbUBVqRi2FVlTVw	Closer	The Chainsmokers	1131467	9	5	3	-1
11	0u8aj0c4IxeVSLTUuuq9V5	Você Partiu Meu Coração	Nego do Borel	1114486	37	3	11	26
12	3NdDpSvN911VPGivFlV5d0	"I Don’t Wanna Live Forever (Fifty Shades Darker) - From ""Fifty Shades Darker (Original Motion Picture Soundtrack)"""	ZAYN	1087759	28	5	12	16
13	6zCqeUUqLb2CapBmVwAHll	Meu Coração Deu PT - Ao Vivo	Wesley Safadão	1052240	11	5	7	-2
14	4FxumkF81ICxITeqxx4nK9	Sim ou não (participação especial Maluma)	Anitta	1036295	12	5	10	-2
15	5SnQDj5REQVvAdSlhqkEcE	Malbec (Part. Dennis Dj) - Ao Vivo	Henrique & Diego	1021875	21	5	15	6
16	2wFnRPjuqwNySFiK0Qfg8L	10% - Ao Vivo	Maiara & Maraisa	1019386	15	5	6	-1
17	4pdPtRcBmOSQDlJ3Fk945m	Let Me Love You	DJ Snake	1008469	13	5	11	-4
18	6mICuAdrwEjh6Y6lroV2Kg	Chantaje (feat. Maluma)	Shakira	1005565	18	5	18	0
19	72jbDTw1piOOj770jWNeaG	Paris	The Chainsmokers	1004692	17	3	17	-2
20	0jIitZeIQRTaZgFQf2WpGK	Decide Aí - Na Praia / Ao Vivo	Matheus & Kauan	997176	19	5	13	-1
21	5MFzQMkrl1FOOng9tq6R9r	Don't Wanna Know	Maroon 5	982091	16	5	16	-5
22	6DNtNfH8hXkqOX1sjqmI7p	Cold Water (feat. Justin Bieber & MØ)	Major Lazer	964506	14	5	12	-8
23	6vve9WKW5I7fQzkU8dNsUE	E Essa Boca Aí? - Ao Vivo	Bruninho & Davi	920072	27	5	21	4
24	6b8Be6ljOzmkOmFslEb23P	24K Magic	Bruno Mars	904037	30	5	24	6
25	5knuzwU65gJK7IF5yJsuaW	Rockabye (feat. Sean Paul & Anne-Marie)	Clean Bandit	886244	26	5	25	1
26	4pLwZjInHj3SimIyN9SnOz	Side To Side	Ariana Grande	880026	20	5	20	-6
27	000xYdQfIZ4pDmBGzQalKU	Eu, Você, O Mar e Ela	Luan Santana	871162	22	5	15	-5
28	2GfxgssRHvY1azHtaRqKoK	Paredes - Ao Vivo	Jorge & Mateus	859525	29	5	19	1
29	4aAq1afusFG6jRiOSHQZvN	Tumbalatum	MC Kevinho	855351	31	5	26	2
30	1xznGGDReH1oQq0xzbwXa3	One Dance	Drake	855103	24	5	17	-6
31	38MpAndIjGAyVdcC6npX95	Infiel - Ao Vivo	Marília Mendonça	849551	25	5	14	-6
32	1vvNmPOiUuyCbgWmtc6yfm	My Way	Calvin Harris	838953	23	5	23	-9
33	2Gvn46nwyQhUnQiFhlP7WX	Como Faz Com Ela - Ao Vivo	Marília Mendonça	811766	32	5	22	-1
34	12wiyBZqQ3mOU7AfygXJCw	Homem de Família - Ao Vivo	Gusttavo Lima	788880	33	5	28	-1
35	2DAGCHu5aoo2FOjmtU9ojo	50 Reais	Naiara Azevedo	746391	36	5	16	1
36	6SwI4OplF8m5NH8wHKIps8	O Nosso Santo Bateu - Na Praia / Ao Vivo	Matheus & Kauan	745594	38	5	23	2
37	4YhPcVIxIAJrLhFVPGbJkE	De Quem É a Culpa? - Ao Vivo	Marília Mendonça	744738	50	3	37	13
38	3EmmCZoqpWOTY1g2GBwJoR	Just Hold On	Steve Aoki	743653	35	5	35	-3
39	41mt7YrfLrIc4EQJZFCJtw	Como É Que a Gente Fica - Ao Vivo	Henrique & Juliano	731417	34	5	25	-5
40	4TZy1wLyHec06pwgFYDh1a	Mercy	Shawn Mendes	709814	39	5	39	-1
41	6PCUP3dWmTjcTtXY02oFdT	Castle on the Hill	Ed Sheeran	694075	42	4	15	1
42	04DwTuZ2VBdJCCC5TROn7L	In the Name of Love	Martin Garrix	681801	41	5	41	-1
43	2InJDvDcA4RXEeA9njdibl	Louca de Saudade - Ao Vivo	Jorge & Mateus	679705	44	5	36	1
44	3dRBzTOu9polrH9U6Vh2zw	Ou Some Ou Soma - Ao Vivo	Jorge & Mateus	667311	46	5	31	2
45	4jswhbcaGqFe8v5uSHlqyb	O Verão Está Chegando	Mc Davi	644769	53	5	45	8
46	5GXAXm5YOmYT0kL5jHvYBt	I Feel It Coming	The Weeknd	643720	49	5	46	3
47	4Hf7WnR761jpxPr5D46Bcd	Treat You Better	Shawn Mendes	639900	40	5	38	-7
48	0Zu7NVn4IvfYuEIrD11UVr	Na Hora da Raiva - Ao Vivo	Henrique & Juliano	639309	48	5	35	0
49	1LTxGBL6yKtfmW3K8EvbSY	Partiu	MC Kekel	634746	54	5	49	5
50	3mTUqLbtWm2DAEwvQTyu4d	Ela Só Quer Paz	Projota	619594	43	5	37	-7
51	2yGnStdGP0V45lPXAJpmDb	Agora Eu Quero Ir	ANAVITÓRIA	581659	70	5	51	19
52	3eGK0WFi6ISJ9UZA6Za4HX	Singular	ANAVITÓRIA	563786	76	5	52	24
53	7hA7pMp2Vr1OCC4sWYwaMG	Our Way	FTampa	556162	52	5	52	-1
54	2KGv51jgAz8OTjNPyRryfq	Pra Sempre Com Você - Ao Vivo	Jorge & Mateus	549054	56	5	42	2
55	3ebXMykcMXOcLeJ9xZ17XH	Scared to Be Lonely	Martin Garrix	539196	nan	1	55	new
56	6UZJOc2HBrTp9DYfir9N8n	Regime Fechado - Ao Vivo	Simone & Simaria	537506	57	5	56	1
57	69bp2EbF7Q2rqc5N3ylezZ	Sorry	Justin Bieber	534091	47	5	38	-10
58	0QsvXIfqM0zZoerQfsI9lm	Don't Let Me Down	The Chainsmokers	532493	45	5	44	-13
59	5OZqnhkGUxuSuW2P7CzH7y	Estaca Zero	Luan Santana	530030	59	5	54	0
60	1xFgXCY8Zvo76gHg4RgUaU	Sosseguei - Ao Vivo	Jorge & Mateus	527125	51	5	33	-9
61	0phVJ23NJlruwtt1XCm94N	Flor e o Beija-Flor - Ao Vivo	Henrique & Juliano	522470	61	5	46	0
62	4sFVdIwmVj2y87qqOWwSU3	Se o Amor Tiver Lugar	Jorge & Mateus	510348	nan	1	62	new
63	1Tn0msQvQMbD6woO9VnEG3	Sou eu	Ludmilla	503102	60	5	60	-3
64	1PSBzsahR2AKwLJgx8ehBj	Bad Things (with Camila Cabello)	Machine Gun Kelly	488119	62	5	62	-2
65	1WCn5QBp0Kl9uHrR0J02GS	Vou Voando - Ao Vivo	Jorge & Mateus	487871	69	5	43	4
66	0GR7ZABhVF9GbxghIx2RRv	Nada Nada - Ao Vivo	Henrique & Juliano	483330	65	5	44	-1
67	0fg8CqpjdojMyXLNzM2PaJ	Run Up (feat. PARTYNEXTDOOR & Nicki Minaj)	Major Lazer	474775	nan	1	67	new
68	4GQVVsUnMbZeKIx9vguKlg	A Rosa E O Beija-Flor - Na Praia / Ao Vivo	Matheus & Kauan	472172	64	5	39	-4
69	6JV2JOEocMgcZxYSZelKcc	"CAN'T STOP THE FEELING! (Original Song from DreamWorks Animation's ""TROLLS"")"	Justin Timberlake	470775	55	5	55	-14
70	1cG0umU5TKStygKsPFZ9pY	Shed a Light	Robin Schulz	469428	72	5	70	2
71	3pM81OKNrV6d2zJb76nQ6M	Turutum	MC Kevinho	468582	80	5	71	9
72	1ypcU9264wnBwPvmrIy4fx	Você Merece Cachê - Ao Vivo	Israel Novaes	468342	77	5	48	5
73	7CmuLM2vfzA78iHeqastoP	Seu Polícia - Ao Vivo	Zé Neto & Cristiano	468250	73	5	49	0
74	4tCtwWceOPWzenK2HAIJSb	Work from Home (feat. Ty Dolla $ign)	Fifth Harmony	461430	68	5	61	-6
75	1t0EUDKUR1F5911t7eh3Wi	Amante Não Tem Lar - Ao Vivo	Marília Mendonça	459609	85	3	75	10
76	7DRP2VOMpy1rrk3iYFLCW9	Malandramente	Dennis DJ	458858	63	5	32	-13
77	0tICYNayWWhH9GPeFrfjfD	This Girl (Kungs Vs. Cookin' On 3 Burners)	Kungs	454736	66	5	63	-11
78	4owo0j5bw45IqiHxsTzcd6	Amei Te Ver	Tiago Iorc	453210	74	5	67	-4
79	3iDY4SzUHPkC3WTXpfxXJG	Todo Dia	Pabllo Vittar	446428	123	2	79	44
80	27SdWb2rFzO6GWiYDBTD9j	Cheap Thrills	Sia	445360	58	5	41	-22
81	5s2ydrmJOiPeZGx4S4X8Aw	Impasse - Ao Vivo	Marília Mendonça	442681	79	5	59	-2
82	6BPt2sVRvE41rUixcCAHY6	A Mala É Falsa - Ao Vivo	Felipe Araújo	441877	99	5	82	17
83	6gquljDBW7rE6mCBzmTRxo	Raspão - Ao Vivo	Henrique & Diego	441179	95	5	83	12
84	68EMU2RD1ECNeOeJ5qAXCV	We Don't Talk Anymore	Charlie Puth	437336	67	5	66	-17
85	4lbPwb1Beo7JU2VwuJRTeR	Suíte 14 - Ao Vivo	Henrique & Diego	434743	88	5	62	3
86	43F1e4glaVnVe3DXOU3Xum	Oitava Dose - Na Praia 2 / Ao Vivo	Matheus & Kauan	434158	90	5	86	4
87	4rWCLK8mfQ6JpArmgIT8aK	Que Sorte A Nossa - Live	Matheus & Kauan	433909	87	5	63	0
88	0azC730Exh71aQlOt9Zj3y	This Is What You Came For	Calvin Harris	430453	75	5	56	-13
89	3XSefjiSHsD34F7clH84xa	O Que Falta Em Você Sou Eu - Ao Vivo	Marília Mendonça	429289	86	5	70	-3
90	5uCax9HTNlzGybIStD3vDh	Say You Won't Let Go	James Arthur	420234	93	5	90	3
91	3CRDbSIZ4r5MsZ0YwxuEkn	Stressed Out	Twenty One Pilots	417654	83	5	82	-8
92	6i0V12jOa3mr6uu4WYhUBr	Heathens	Twenty One Pilots	414778	81	5	76	-11
93	17Fd6Yb7mSbinKG8LoWfFl	I Took A Pill In Ibiza - Seeb Remix	Mike Posner	401825	82	5	51	-11
94	4gvePWCd0GfkC40QshflUy	Cheia de Marra	Mc Livinho	400056	105	5	94	11
95	1OtZIaJBXo3Pe6nfaMsjKT	Na Ponta Ela Fica	Delano	399545	106	5	68	11
96	6fxVffaTuwjgEk5h9QyRjy	Photograph	Ed Sheeran	399382	97	5	65	1
97	6V3J5pbU5yBvB5zxPSyP5v	Pé Direito	Mc Davi	399284	108	5	97	11
98	4SCH5CuivFcShLpTg8lYOf	Bumbum Granada	Mc's Zaac & Jerry Smith	397794	94	5	52	-4
99	3E9s5Feisg3xmzzAHdq4aa	Remexe mexe	Delano	397509	103	5	99	4
100	5Nw3HvX6k8cB7NjEkqJkij	Fantasma	Luan Santana	396567	101	5	86	1
101	3cS6YsU197mrdPTyR7nbp7	Parece Piada - Ao Vivo	Henrique & Juliano	396032	104	5	74	3
102	1OAiWI2oPmglaOiv9fdioU	Hymn for the Weekend - Seeb Remix	Coldplay	395832	98	5	87	-4
103	25SL3ZSbEGtu4oU14xllMQ	Bom	Ludmilla	394813	92	5	58	-11
104	1FUViuNSldssMIawrOXF2i	I Got You	Bebe Rexha	394806	109	4	104	5
105	4xHkRNzzHtj3O3Z1pjYWRC	Me Espera	Sandy	394582	107	5	105	2
106	343YBumqHu19cGoGARUTsd	Fake Love	Drake	391146	71	5	63	-35
107	0prNGof3XqfTvNDxHonvdK	Scars To Your Beautiful	Alessia Cara	390767	89	5	89	-18
108	6fujklziTHa8uoM5OQSfIo	Black Beatles	Rae Sremmurd	389420	84	5	71	-24
109	5j0tH4MzB4QyJLX8Ys9ofG	Elas Gostam	MC Kevinho	388036	110	5	109	1
110	1FTsXXwai3jVXhBTLd4e4L	Incerteza - Na Praia / Ao Vivo	Matheus & Kauan	385020	112	5	80	2
111	4PNi30UilK0CZi2z9wegMQ	Deixa a Gente Quieto - Ao Vivo	João Bosco & Vinicius	382248	115	5	111	4
112	6HUnnBwYZqcED1eQztxMBN	Solo Dance	Martin Jensen	378390	113	4	112	1
113	2WTCoQLkQ9FPdvThkf8nN1	Me & You (feat. IRO)	Alok	377926	151	5	108	38
114	78rIJddV4X0HkNAInEcYde	Call On Me - Ryan Riback Extended Remix	Starley	377800	119	5	103	5
115	3E2Zh20GDCR9B1EYjfXWyv	Weak	AJR	376901	nan	1	115	new
116	62LiYpeFoJaixqkaNRGg47	Aquele 1% - Ao Vivo	Marcos & Belutti	375423	96	5	55	-20
117	0Or4rCFurYpUxYh0bbpxRY	Solteiro de Novo - Ao Vivo	Wesley Safadão	371816	118	5	113	1
118	5YdC74tZejyq3vurDOLFYz	Sentimento Louco - Ao Vivo	Marília Mendonça	371687	114	5	103	-4
119	6S8yTw0KfidwuAq5Y6Bygj	Duvido Você Não Tomar Uma - Ao Vivo	Simone & Simaria	371521	111	5	110	-8
120	3LFG5DqNQRK0yL6WNMw99P	Ciumento Eu - Ao Vivo	Henrique & Diego	369602	138	3	120	18
121	0Mh4id8WvrTFOB9RiVitrB	Nada Bom II	Costa Gold	367080	100	5	84	-21
122	4aWmUDTfIPGksMNLV2rQP2	Despacito (Featuring Daddy Yankee)	Luis Fonsi	364646	nan	1	122	new
123	4NpFX0f0GfJgy92c9ypVxk	De Buenas	Lucas Lucco	363461	129	5	123	6
124	3QhJAGDdxt749dFveYVy4M	Fala a Verdade - Ao Vivo	Maiara & Maraisa	362487	117	5	73	-7
125	3twpVbHfTCpgHNlStxfpzx	Até Ex Duvida - Ao Vivo	Day e Lara	361502	133	5	125	8
126	5XRtwljsug3r3XOBy9Bndu	Tudo de Bom	Mc Livinho	358595	124	5	109	-2
127	3HrvG1d9OZpg6eV4A1dcSk	De Tanto Te Querer - Ao Vivo	Jorge & Mateus	356182	128	5	126	1
128	14WWzenpaEgQZlqPq2nk4v	Work	Rihanna	354891	78	5	64	-50
129	0bAtYUcHyGlOj5R3eNjHhA	Dia, Lugar e Hora	Luan Santana	353896	122	5	120	-7
130	19Ggp86mkEnRw93u91IJPO	Você Faz Falta Aqui - Ao Vivo | Acústico	Maiara & Maraisa	352204	127	5	119	-3
131	2ACOWPLUe4A4KuQ5ioD2od	That's My Girl	Fifth Harmony	350867	102	5	90	-29
132	5oVVAwRQnXJDEHFNeganG0	Rg	Luan Santana	347656	131	5	131	-1
133	5Bn6W4bwH7Bw5nMvn8V4xF	Essa mina é louca (Participação especial de Jhama)	Anitta	343120	116	5	106	-17
134	21j9YxYHSzrdcLBX3mb5UL	Quando O Mel É Bom - Ao Vivo	Simone & Simaria	342586	125	5	125	-9
135	1qOLh0tI7trd1zdDKxYZTe	Starving	Hailee Steinfeld	342092	136	5	99	1
136	0bX2gnECXZJ5nt7rcIZMVM	Amei Te Ver (Acústica) - Acústica	Tiago Iorc	337168	140	5	129	4
137	716p41p4BQQuUMgOP8ucpF	Você Foi Diferente	MC G15	336887	139	5	106	2
138	0HEZXwSywflxeQcysigawO	126 Cabides	Simone & Simaria	335380	141	5	138	3
139	2aFiaMXmWsM3Vj72F9ksBl	Cake By The Ocean	DNCE	334649	120	5	78	-19
140	2uhk6Fi514vtRKxKAn93zm	Amor Mal Resolvido - Ao Vivo	Simone & Simaria	334116	134	5	130	-6
141	4DYmJ19DhmxUe26QhANDYv	Folgado - Ao Vivo	Marília Mendonça	330308	142	5	136	1
142	0gNxi721t2RcPt5LdWGfpb	Não Me Deixe Sozinho	Nego do Borel	330135	149	5	142	7
143	3BhctwMUY5Y9xmes194QTq	Quase um Casal - Ao Vivo	Maiara & Maraisa	329370	130	5	76	-13
144	3hB5DgAiMAQ4DzYbsMq1IT	Love Yourself	Justin Bieber	324356	121	5	89	-23
145	4Q4jmPHwu0wrJvqrld0FQ6	I Would Like	Zara Larsson	323854	91	5	84	-54
146	1yNyoWWWikbLhwIGWjZuDW	All Night	The Vamps	323285	145	5	143	-1
147	4vb4mFvYsr2h6enhjJsq9Y	Water Under the Bridge	Adele	319126	135	5	135	-12
148	5zNK9ZyCrrJFlGgMMv2Xt7	Mesmo Sem Estar	Luan Santana	318700	148	4	148	0
149	6bgQIw80xWC3MPZX4kVYGw	Trevo (Tu)	ANAVITÓRIA	318664	nan	1	149	new
150	5hYTyyh2odQKphUbMqc5gN	"How Far I'll Go - From ""Moana"""	Alessia Cara	316761	146	4	146	-4
151	2rizacJSyD9S1IQUxUxnsK	All We Know	The Chainsmokers	314839	126	5	91	-25
152	5qLTGDTTIHxxIU835qJWfT	Quero Ser Feliz Também - Ao Vivo	Natiruts	313077	147	5	143	-5
153	5ZCwyAL9zbEJVmmNQwt9lE	Saudade do Meu Ex - Ao Vivo | Acústico	Marília Mendonça	312048	150	5	134	-3
154	1Cml3fnCNLZUC1EEtkcgVb	Bang	Anitta	311841	143	5	104	-11
155	4BHzQ9C00ceJxfG16AlNWb	Send My Love (To Your New Lover)	Adele	310792	144	5	88	-11
156	6ccKu0LwJzOhLAxBwP2PTk	Os Anjos Cantam	Jorge & Mateus	310659	156	5	145	0
157	5mWbOKfRxcS5iv32amTHPe	All I Want (feat. Stonefox) - Edit	Alok	307521	158	2	157	1
158	7vRriwrloYVaoAe3a9wJHe	i hate u, i love u (feat. olivia o'brien)	gnash	303117	155	5	136	-3
159	0GhaUJVyWwAKDELlAAFWyo	Coração Machucado - Ao Vivo	Wesley Safadão	300381	154	5	138	-5
160	68y9Wxhai4e17Ywvnz76vY	Meu Violão E O Nosso Cachorro - Ao Vivo	Simone & Simaria	296523	159	5	142	-1
161	0JiVRyTJcJnmlwCZ854K4p	Alone	Alan Walker	294486	170	5	161	9
162	6vARbzVXg90V8fYmgks5u3	Minha Felicidade	Roberta Campos	293258	180	5	162	18
163	1D3ODoXHBLpdxolZRHWV1j	By Your Side	Jonas Blue	288865	132	5	111	-31
164	4WjH9Bzt3kx7z8kl0awxh4	Lean On (feat. MØ & DJ Snake)	Major Lazer	280352	153	5	98	-11
165	2Z8WuEywRWYTKe1NybPQEW	Ride	Twenty One Pilots	276744	152	5	97	-13
166	7gHs73wELdeycvS48JfIos	Faded	Alan Walker	276469	157	5	116	-9
167	4Km5HrUvYTaSUfiSGPJeQR	Bad and Boujee (feat. Lil Uzi Vert)	Migos	270103	196	3	167	29
168	54LGxQGf5LPXNGjtzDZ5IE	So Good (feat. Ty Dolla $ign)	Zara Larsson	269313	nan	1	168	new
169	5dKyZWlgjWw1oJgLa4GCZD	Cool Girl	Tove Lo	266466	171	5	135	2
170	1Tt4sE4pXi57mTD1GCzsqm	Needed Me	Rihanna	263203	166	5	120	-4
171	1WP1r7fuvRqZRnUaTi2I1Q	Stitches	Shawn Mendes	263151	164	5	118	-7
172	7xHWNBFm6ObGEQPaUxHuKO	The Greatest (feat. Kendrick Lamar)	Sia	261599	137	5	78	-35
173	2PS6YQ9jMpm0uCg4sQ1ygm	Oh Novinha	Mc Don Juan	260501	185	2	173	12
174	4RiawNnc4pew07pvV69ksg	Vish, Aff, Putz, Nossa	Pedro Paulo & Alex	256619	nan	1	174	new
175	1Slwb6dOYkBlWal1PGtnNg	Thinking out Loud	Ed Sheeran	249625	165	5	139	-10
176	7129iqBafaphfc3WPCGC0L	7 Years	Lukas Graham	248351	169	5	114	-7
177	4YV827A7aWVswtyt0eWoWM	Sorte Que Cê Beija Bem - Ao Vivo	Maiara & Maraisa	247921	177	3	177	0
178	0PDUDa38GO8lMxLCRc4lL1	PILLOWTALK	ZAYN	247469	162	5	105	-16
179	5OOkp4U9P9oL23maHFHL1h	Panda	Desiigner	246498	172	5	119	-7
180	3rq5w4bQGigXOfdN30ATJt	Do I Wanna Know?	Arctic Monkeys	244946	173	5	153	-7
181	2eAAEa8pxKF7My0EO4rFgR	Blow Your Mind (Mwah)	Dua Lipa	242598	182	5	149	1
182	4MHixqOTi1FrQiatxuUqke	Acordando o Prédio	Luan Santana	241223	nan	1	182	new
183	6YNCE5qtrTa7YcnAOAEsDQ	Apenas Mais uma de Amor	Lulu Santos	238447	nan	2	183	re-enter
184	494OU6M7NOf4ICYb4zWCf5	Sugar	Maroon 5	237802	176	5	128	-8
185	6YZdkObH88npeKrrkb8Ggf	DUELE EL CORAZON	Enrique Iglesias	237577	179	5	163	-6
186	3GjF8PNprVtiBtQnSgcHFU	Byob	Sevenn	236271	190	5	161	4
187	3pzjHKrQSvXGHQ98dx18HI	What Do You Mean?	Justin Bieber	235644	175	5	121	-12
188	4BQOi5mYZozFR4HnOy5F79	Cor De Marte	ANAVITÓRIA	235508	nan	1	188	new
189	6TmmyW0fR8mo3ACj07lGmO	Oh Meu Deus	Projota	235028	nan	1	189	new
190	4PdJSsESm34djLfBde9Pr2	Would I Lie to You - Radio Edit	David Guetta	233695	168	5	125	-22
191	7ynCQo1KpBOyTdTdAnjSLZ	Move Your Body - Single Mix	Sia	233282	183	2	183	-8
192	69uxyAqqPIsUyTO8txoP2M	Adventure of a Lifetime	Coldplay	232150	178	5	126	-14
193	6nxQdXa1uAL0rY72wPZu89	Love Me Now	John Legend	230336	184	5	182	-9
194	0LtVx5vsq9nfpGsWgjUin6	"City Of Stars - From ""La La Land"" Soundtrack"	Ryan Gosling	227791	nan	1	194	new
195	7yHEDfrJNd0zWOfXwydNH0	Into You	Ariana Grande	224186	194	5	156	-1
196	6o0rGxp5tdtX8cmqXwVIwE	Coisa Linda	Tiago Iorc	224001	nan	1	196	new
197	0J1TzQOuHyS7KA6Sq33flE	Faz Parte - Ao Vivo	Projota	222730	163	5	147	-34
198	0OwX5aROoW1Iip8FV51Efg	Alarm	Anne-Marie	222661	189	5	142	-9
199	1I8FfCuYjlXxeQlfPxjQbB	Tô Vendo Que Você Ta Bem - Ao Vivo	Henrique & Diego	221629	nan	1	199	new
200	2bKuHYkbEpKgNNVQ0eGJlB	Hoje Somos Só Metade - Ao Vivo	Marília Mendonça	218477	160	5	154	-40
