position	song_id	song_name	artist	streams	last_week_position	weeks_on_chart	peak_position	position_status
1	7qiZfU4dY1lWllzX7mPBI3	Shape of You	Ed Sheeran	2711046	1	11	1	0
2	0u8aj0c4IxeVSLTUuuq9V5	Você Partiu Meu Coração	Nego do Borel	2180943	2	10	1	0
3	1a5Yu5L18qNxVhXx38njON	Hear Me Now	Alok	1785801	3	12	1	0
4	257tme6AhneIKAqVF1HTH4	Loka	Simone & Simaria	1694484	4	11	4	0
5	4FHw39Ke6pVt5tNKvLr4r3	Vidinha de Balada - Ao Vivo	Henrique & Juliano	1550773	5	7	5	0
6	6m2LNopVJKsvBB9l7Z1rwn	Olha a Explosão	MC Kevinho	1504924	6	12	3	0
7	2d3TbSkAscvT3QRQalq6uT	Te Assumi Pro Brasil - Ao Vivo	Matheus & Kauan	1488152	7	12	6	0
8	40bK2uosUmAS92c17n98xd	Acordando o Prédio	Luan Santana	1321329	8	7	8	0
9	5SnQDj5REQVvAdSlhqkEcE	Malbec (Part. Dennis Dj) - Ao Vivo	Henrique & Diego	1132559	9	12	9	0
10	6RUKPb4LETWmmr3iAEQktW	Something Just Like This	The Chainsmokers	1105382	10	4	10	0
11	6vve9WKW5I7fQzkU8dNsUE	E Essa Boca Aí? - Ao Vivo	Bruninho & Davi	1034982	12	12	10	1
12	0EPxmvsG1BY5td4aTOkWBF	Deu Onda	MC G15	999655	11	12	1	-1
13	3eR23VReFzcdmS7TYCrhCe	It Ain't Me (with Selena Gomez)	Kygo	983043	16	5	11	3
14	3NdDpSvN911VPGivFlV5d0	"I Don’t Wanna Live Forever (Fifty Shades Darker) - From ""Fifty Shades Darker (Original Motion Picture Soundtrack)"""	ZAYN	982854	13	12	10	-1
15	45wqPwIH4A5cr2IyyD4WKf	Eu Sei de Cor - Ao Vivo | Acústico	Marília Mendonça	968686	15	12	4	0
16	2GfxgssRHvY1azHtaRqKoK	Paredes - Ao Vivo	Jorge & Mateus	964626	19	12	16	3
17	1e315r3zQjsng2z952ePQ1	Ninguém É de Ferro	Wesley Safadão	963583	22	6	17	5
18	6520aj0B4FSKGVuKNsOCOi	Chained To The Rhythm	Katy Perry	936278	14	6	4	-4
19	5aAx2yezTd8zXrkmtKl66Z	Starboy	The Weeknd	924082	18	12	6	-1
20	6zCqeUUqLb2CapBmVwAHll	Meu Coração Deu PT - Ao Vivo	Wesley Safadão	892110	17	12	7	-3
21	61GiOLLEn0LcavpVu1my6Q	Fuego	Alok	889078	34	3	21	13
22	2wFnRPjuqwNySFiK0Qfg8L	10% - Ao Vivo	Maiara & Maraisa	886544	25	12	6	3
23	0jIitZeIQRTaZgFQf2WpGK	Decide Aí - Na Praia / Ao Vivo	Matheus & Kauan	885905	20	12	13	-3
24	4YhPcVIxIAJrLhFVPGbJkE	De Quem É a Culpa? - Ao Vivo	Marília Mendonça	883082	24	10	24	0
25	7BKLCZ1jbUBVqRi2FVlTVw	Closer	The Chainsmokers	851670	26	12	3	1
26	2CW04trIoYMbroZWDzPAjs	Medo Bobo - Ao Vivo	Maiara & Maraisa	849040	21	12	5	-5
27	4eZg3l8x5aMvgwsRHcZuIC	Qual Bumbum Mais Bate, Qual Bumbum Mais Pula	MC WM	845028	119	2	27	92
28	2Gvn46nwyQhUnQiFhlP7WX	Como Faz Com Ela - Ao Vivo	Marília Mendonça	838690	27	12	22	-1
29	2PS6YQ9jMpm0uCg4sQ1ygm	Oh Novinha	Mc Don Juan	837307	47	9	29	18
30	72jbDTw1piOOj770jWNeaG	Paris	The Chainsmokers	818472	23	10	17	-7
31	4sFVdIwmVj2y87qqOWwSU3	Se o Amor Tiver Lugar	Jorge & Mateus	804244	33	8	31	2
32	6mICuAdrwEjh6Y6lroV2Kg	Chantaje (feat. Maluma)	Shakira	787922	30	12	13	-2
33	5NNlUMcOEOdoOIwwaWXv0k	Cold	Maroon 5	782444	31	5	31	-2
34	4FxumkF81ICxITeqxx4nK9	Sim ou não (participação especial Maluma)	Anitta	759096	29	12	10	-5
35	56gpstNB96id9ngmImIkaH	Quem Mando Tu Terminar? (To Bonito To Né?)	MC Kekel	756483	51	6	35	16
36	4aAq1afusFG6jRiOSHQZvN	Tumbalatum	MC Kevinho	756399	32	12	16	-4
37	12wiyBZqQ3mOU7AfygXJCw	Homem de Família - Ao Vivo	Gusttavo Lima	748834	36	12	28	-1
38	0CcQNd8CINkwQfe1RDtGV6	Believer	Imagine Dragons	744897	41	7	38	3
39	0gbBzIqrECJOEPvQJIBFs5	Green Light	Lorde	742553	28	3	10	-11
40	2KGv51jgAz8OTjNPyRryfq	Pra Sempre Com Você - Ao Vivo	Jorge & Mateus	740366	38	12	38	-2
41	4pdPtRcBmOSQDlJ3Fk945m	Let Me Love You	DJ Snake	739442	37	12	11	-4
42	0afhq8XCExXpqazXczTSve	Galway Girl	Ed Sheeran	702652	35	3	25	-7
43	1LTxGBL6yKtfmW3K8EvbSY	Partiu	MC Kekel	688950	45	12	29	2
44	41mt7YrfLrIc4EQJZFCJtw	Como É Que a Gente Fica - Ao Vivo	Henrique & Juliano	684542	43	12	25	-1
45	6bgQIw80xWC3MPZX4kVYGw	Trevo (Tu)	ANAVITÓRIA	676230	52	8	45	7
46	6SwI4OplF8m5NH8wHKIps8	O Nosso Santo Bateu - Na Praia / Ao Vivo	Matheus & Kauan	670767	42	12	23	-4
47	5knuzwU65gJK7IF5yJsuaW	Rockabye (feat. Sean Paul & Anne-Marie)	Clean Bandit	669393	44	12	25	-3
48	3ebXMykcMXOcLeJ9xZ17XH	Scared to Be Lonely	Martin Garrix	657588	40	8	40	-8
49	4pLwZjInHj3SimIyN9SnOz	Side To Side	Ariana Grande	654363	48	12	20	-1
50	4jswhbcaGqFe8v5uSHlqyb	O Verão Está Chegando	Mc Davi	601174	49	12	28	-1
51	0Zu7NVn4IvfYuEIrD11UVr	Na Hora da Raiva - Ao Vivo	Henrique & Juliano	585748	53	12	35	2
52	4aWmUDTfIPGksMNLV2rQP2	Despacito (Featuring Daddy Yankee)	Luis Fonsi	582870	56	8	38	4
53	0dA2Mk56wEzDgegdC6R17g	Stay (with Alessia Cara)	Zedd	580298	82	4	53	29
54	2lLOaRPi8yQxQ8BlFZBLOl	Papel Amassado - Ao Vivo	Matheus & Kauan	575385	55	4	54	1
55	6PCUP3dWmTjcTtXY02oFdT	Castle on the Hill	Ed Sheeran	571498	39	11	15	-16
56	0KKkJNfGyhkQ5aFogxQAPU	That's What I Like	Bruno Mars	556704	69	5	56	13
57	38MpAndIjGAyVdcC6npX95	Infiel - Ao Vivo	Marília Mendonça	555859	50	12	14	-7
58	3dRBzTOu9polrH9U6Vh2zw	Ou Some Ou Soma - Ao Vivo	Jorge & Mateus	534645	62	12	31	4
59	5bm2GTEiU87Z95jX03y2Qk	Do Teto Ao Chão - Ao Vivo	Matheus & Kauan	532596	59	5	59	0
60	3iDY4SzUHPkC3WTXpfxXJG	Todo Dia	Pabllo Vittar	532435	46	9	41	-14
61	5GXAXm5YOmYT0kL5jHvYBt	I Feel It Coming	The Weeknd	526311	57	12	46	-4
62	5MFzQMkrl1FOOng9tq6R9r	Don't Wanna Know	Maroon 5	525144	58	12	16	-4
63	4BQMlG5VKApk9AdIsjxDqx	A Nossa Praia - Ao Vivo	Matheus & Kauan	521707	64	6	63	1
64	000xYdQfIZ4pDmBGzQalKU	Eu, Você, O Mar e Ela	Luan Santana	515694	63	12	15	-1
65	0GR7ZABhVF9GbxghIx2RRv	Nada Nada - Ao Vivo	Henrique & Juliano	508496	74	12	44	9
66	3LFG5DqNQRK0yL6WNMw99P	Ciumento Eu - Ao Vivo	Henrique & Diego	499836	72	10	66	6
67	6TmmyW0fR8mo3ACj07lGmO	Oh Meu Deus	Projota	493369	71	8	67	4
68	6UZJOc2HBrTp9DYfir9N8n	Regime Fechado - Ao Vivo	Simone & Simaria	490757	61	12	54	-7
69	4TZy1wLyHec06pwgFYDh1a	Mercy	Shawn Mendes	488547	84	12	39	15
70	3eGK0WFi6ISJ9UZA6Za4HX	Singular	ANAVITÓRIA	486706	75	12	52	5
71	2InJDvDcA4RXEeA9njdibl	Louca de Saudade - Ao Vivo	Jorge & Mateus	484482	68	12	36	-3
72	6DNtNfH8hXkqOX1sjqmI7p	Cold Water (feat. Justin Bieber & MØ)	Major Lazer	483872	80	12	12	8
73	1vvNmPOiUuyCbgWmtc6yfm	My Way	Calvin Harris	480281	70	12	23	-3
74	1Bq86AS6wf5a5cEB8CM6dZ	Exclusividade - Ao Vivo	Matheus & Kauan	479012	65	3	65	-9
75	4lbPwb1Beo7JU2VwuJRTeR	Suíte 14 - Ao Vivo	Henrique & Diego	478900	88	12	62	13
76	6BPt2sVRvE41rUixcCAHY6	A Mala É Falsa - Ao Vivo	Felipe Araújo	478876	77	12	67	1
77	4SjkLzyFBVXaxuB6SbJyJN	Eu Sei de Cor - Ao Vivo	Marília Mendonça	478540	158	4	77	81
78	1xznGGDReH1oQq0xzbwXa3	One Dance	Drake	478399	90	12	17	12
79	0phVJ23NJlruwtt1XCm94N	Flor e o Beija-Flor - Ao Vivo	Henrique & Juliano	476498	79	12	46	0
80	3mTUqLbtWm2DAEwvQTyu4d	Ela Só Quer Paz	Projota	473438	76	12	37	-4
81	2DAGCHu5aoo2FOjmtU9ojo	50 Reais	Naiara Azevedo	470357	67	12	16	-14
82	3pM81OKNrV6d2zJb76nQ6M	Turutum	MC Kevinho	469397	94	12	59	12
83	6b8Be6ljOzmkOmFslEb23P	24K Magic	Bruno Mars	468295	81	12	24	-2
84	5OZqnhkGUxuSuW2P7CzH7y	Estaca Zero	Luan Santana	467865	86	12	54	2
85	3EmmCZoqpWOTY1g2GBwJoR	Just Hold On	Steve Aoki	467849	66	12	35	-19
86	5kXgLlxHMv3aP7xLxMrjiV	Oitava Dose - Ao Vivo	Matheus & Kauan	465183	197	2	86	111
87	1zhfU6YXa2pXUAQdG1NvBZ	Vai Embrazando	Mc Zaac	464347	nan	1	87	new
88	2yGnStdGP0V45lPXAJpmDb	Agora Eu Quero Ir	ANAVITÓRIA	463917	85	12	51	-3
89	1ypcU9264wnBwPvmrIy4fx	Você Merece Cachê - Ao Vivo	Israel Novaes	455779	78	12	48	-11
90	1Tn0msQvQMbD6woO9VnEG3	Sou eu	Ludmilla	454204	89	12	50	-1
91	0tgVpDi06FyKpA1z0VMD4v	Perfect	Ed Sheeran	450498	54	3	28	-37
92	5Bc53chGSf3AoJRbB5mzR6	Ficadinha - Ao Vivo	Henrique & Diego	449739	95	6	92	3
93	6JV2JOEocMgcZxYSZelKcc	"CAN'T STOP THE FEELING! (Original Song from DreamWorks Animation's ""TROLLS"")"	Justin Timberlake	446420	87	12	55	-6
94	3YSagrvQP9x32rAjEI48PL	Raplord	Haikaiss	443334	nan	1	94	new
95	1WCn5QBp0Kl9uHrR0J02GS	Vou Voando - Ao Vivo	Jorge & Mateus	443159	92	12	43	-3
96	3twpVbHfTCpgHNlStxfpzx	Até Ex Duvida - Ao Vivo	Day e Lara	435447	93	12	90	-3
97	7hA7pMp2Vr1OCC4sWYwaMG	Our Way	FTampa	431740	60	12	52	-37
98	0QsvXIfqM0zZoerQfsI9lm	Don't Let Me Down	The Chainsmokers	430396	101	12	44	3
99	4rWCLK8mfQ6JpArmgIT8aK	Que Sorte A Nossa - Live	Matheus & Kauan	429086	91	12	63	-8
100	2WTCoQLkQ9FPdvThkf8nN1	Me & You (feat. IRO)	Alok	423227	97	12	80	-3
101	5j0tH4MzB4QyJLX8Ys9ofG	Elas Gostam	MC Kevinho	419147	111	12	76	10
102	04DwTuZ2VBdJCCC5TROn7L	In the Name of Love	Martin Garrix	417477	106	12	41	4
103	6V3J5pbU5yBvB5zxPSyP5v	Pé Direito	Mc Davi	414915	115	12	81	12
104	4PNi30UilK0CZi2z9wegMQ	Deixa a Gente Quieto - Ao Vivo	João Bosco & Vinicius	412490	105	12	103	1
105	4Hf7WnR761jpxPr5D46Bcd	Treat You Better	Shawn Mendes	411818	110	12	38	5
106	3E9s5Feisg3xmzzAHdq4aa	Remexe mexe	Delano	409553	116	12	80	10
107	6AaoEX192rJ6o3UFwG43sV	Automaticamente	Dennis DJ	408951	161	4	107	54
108	1xFgXCY8Zvo76gHg4RgUaU	Sosseguei - Ao Vivo	Jorge & Mateus	407711	99	12	33	-9
109	0tICYNayWWhH9GPeFrfjfD	This Girl (Kungs Vs. Cookin' On 3 Burners)	Kungs	404900	102	12	63	-7
110	3cS6YsU197mrdPTyR7nbp7	Parece Piada - Ao Vivo	Henrique & Juliano	400653	107	12	74	-3
111	4gvePWCd0GfkC40QshflUy	Cheia de Marra	Mc Livinho	400500	118	12	79	7
112	6gquljDBW7rE6mCBzmTRxo	Raspão - Ao Vivo	Henrique & Diego	398274	104	12	83	-8
113	51ChrwmUPDJvedPQnIU8Ls	Dive	Ed Sheeran	389908	73	3	30	-40
114	7CmuLM2vfzA78iHeqastoP	Seu Polícia - Ao Vivo	Zé Neto & Cristiano	388510	108	12	49	-6
115	68EMU2RD1ECNeOeJ5qAXCV	We Don't Talk Anymore	Charlie Puth	386495	109	12	66	-6
116	0fg8CqpjdojMyXLNzM2PaJ	Run Up (feat. PARTYNEXTDOOR & Nicki Minaj)	Major Lazer	385634	98	8	67	-18
117	27SdWb2rFzO6GWiYDBTD9j	Cheap Thrills	Sia	383982	113	12	41	-4
118	1OtZIaJBXo3Pe6nfaMsjKT	Na Ponta Ela Fica	Delano	382331	122	12	68	4
119	3CRDbSIZ4r5MsZ0YwxuEkn	Stressed Out	Twenty One Pilots	380754	114	12	82	-5
120	69bp2EbF7Q2rqc5N3ylezZ	Sorry	Justin Bieber	367022	131	12	38	11
121	1t0EUDKUR1F5911t7eh3Wi	Amante Não Tem Lar - Ao Vivo	Marília Mendonça	365555	103	10	62	-18
122	7hDc8b7IXETo14hHIHdnhd	Passionfruit	Drake	364435	nan	1	122	new
123	0gNxi721t2RcPt5LdWGfpb	Não Me Deixe Sozinho	Nego do Borel	363523	140	12	98	17
124	3E2Zh20GDCR9B1EYjfXWyv	Weak	AJR	362594	100	8	71	-24
125	1FUViuNSldssMIawrOXF2i	I Got You	Bebe Rexha	359074	117	11	104	-8
126	4owo0j5bw45IqiHxsTzcd6	Amei Te Ver	Tiago Iorc	356418	124	12	67	-2
127	0azC730Exh71aQlOt9Zj3y	This Is What You Came For	Calvin Harris	355811	130	12	56	3
128	7DRP2VOMpy1rrk3iYFLCW9	Malandramente	Dennis DJ	355795	138	12	32	10
129	4NpFX0f0GfJgy92c9ypVxk	De Buenas	Lucas Lucco	353827	129	12	108	0
130	5uCax9HTNlzGybIStD3vDh	Say You Won't Let Go	James Arthur	353306	134	12	81	4
131	4GQVVsUnMbZeKIx9vguKlg	A Rosa E O Beija-Flor - Na Praia / Ao Vivo	Matheus & Kauan	349109	112	12	39	-19
132	17Fd6Yb7mSbinKG8LoWfFl	I Took A Pill In Ibiza - Seeb Remix	Mike Posner	348754	150	12	51	18
133	2RttW7RAu5nOAfq6YFvApB	Happier	Ed Sheeran	347554	96	3	42	-37
134	6S8yTw0KfidwuAq5Y6Bygj	Duvido Você Não Tomar Uma - Ao Vivo	Simone & Simaria	347472	123	12	110	-11
135	1sXUWdKx03aP9Gmzft58rt	Issues	Julia Michaels	347413	133	7	89	-2
136	6fxVffaTuwjgEk5h9QyRjy	Photograph	Ed Sheeran	345921	137	12	65	1
137	4SCH5CuivFcShLpTg8lYOf	Bumbum Granada	Mc's Zaac & Jerry Smith	345410	151	12	52	14
138	5XRtwljsug3r3XOBy9Bndu	Tudo de Bom	Mc Livinho	345378	157	12	97	19
139	5mWbOKfRxcS5iv32amTHPe	All I Want (feat. Stonefox) - Edit	Alok	345081	128	9	107	-11
140	0Or4rCFurYpUxYh0bbpxRY	Solteiro de Novo - Ao Vivo	Wesley Safadão	343510	120	12	92	-20
141	3HrvG1d9OZpg6eV4A1dcSk	De Tanto Te Querer - Ao Vivo	Jorge & Mateus	340477	144	12	125	3
142	5s2ydrmJOiPeZGx4S4X8Aw	Impasse - Ao Vivo	Marília Mendonça	339087	136	12	59	-6
143	343YBumqHu19cGoGARUTsd	Fake Love	Drake	338124	nan	11	63	re-enter
144	3XSefjiSHsD34F7clH84xa	O Que Falta Em Você Sou Eu - Ao Vivo	Marília Mendonça	336634	135	12	70	-9
145	716p41p4BQQuUMgOP8ucpF	Você Foi Diferente	MC G15	333285	162	12	106	17
146	25SL3ZSbEGtu4oU14xllMQ	Bom	Ludmilla	331108	160	12	58	14
147	1cG0umU5TKStygKsPFZ9pY	Shed a Light	Robin Schulz	330536	132	12	70	-15
148	4xHkRNzzHtj3O3Z1pjYWRC	Me Espera	Sandy	330466	121	12	100	-27
149	4tCtwWceOPWzenK2HAIJSb	Work from Home (feat. Ty Dolla $ign)	Fifth Harmony	327636	155	12	61	6
150	5Bn6W4bwH7Bw5nMvn8V4xF	Essa mina é louca (Participação especial de Jhama)	Anitta	327231	153	12	106	3
151	0Mh4id8WvrTFOB9RiVitrB	Nada Bom II	Costa Gold	326933	145	12	84	-6
152	50PWlIBU7PlGGwzgN8TiFJ	Million Reasons	Lady Gaga	326058	167	7	111	15
153	5Nw3HvX6k8cB7NjEkqJkij	Fantasma	Luan Santana	320493	149	12	86	-4
154	1OAiWI2oPmglaOiv9fdioU	Hymn for the Weekend - Seeb Remix	Coldplay	320155	152	12	87	-2
155	1FTsXXwai3jVXhBTLd4e4L	Incerteza - Na Praia / Ao Vivo	Matheus & Kauan	319234	126	12	80	-29
156	7tr2za8SQg2CI8EDgrdtNl	Slide (feat. Frank Ocean & Migos)	Calvin Harris	319060	146	4	126	-10
157	3hB5DgAiMAQ4DzYbsMq1IT	Love Yourself	Justin Bieber	316899	168	12	89	11
158	21j9YxYHSzrdcLBX3mb5UL	Quando O Mel É Bom - Ao Vivo	Simone & Simaria	314917	141	12	125	-17
159	7KBfjlQ85Fqs2MCCvXSW0c	Bum Bum Tam Tam	MC Fioti	311509	nan	1	159	new
160	7syZTLPzfZN9rYbQBtYmVB	Minha Ex	MC Bin Laden	309930	184	4	160	24
161	6i0V12jOa3mr6uu4WYhUBr	Heathens	Twenty One Pilots	309140	169	12	76	8
162	5YdC74tZejyq3vurDOLFYz	Sentimento Louco - Ao Vivo	Marília Mendonça	306773	154	12	103	-8
163	6HUnnBwYZqcED1eQztxMBN	Solo Dance	Martin Jensen	306308	148	11	112	-15
164	1KT0xdIjm7t053xByACrrg	美女と野獣	Ariana Grande	303617	nan	2	164	re-enter
165	2aksifNn5ph8igDOkPBA02	Love On The Brain	Rihanna	301666	179	2	165	14
166	5Ua3GXyHwiSfpNTMjq6m2z	Touch	Little Mix	299569	142	8	128	-24
167	05KOgYg8PGeJyyWBPi5ja8	Free Smoke	Drake	299521	nan	1	167	new
168	75pYvqSYv5xRux1fFiIFTn	Love Is All We Need	FTampa	297201	nan	1	168	new
169	19Ggp86mkEnRw93u91IJPO	Você Faz Falta Aqui - Ao Vivo | Acústico	Maiara & Maraisa	295648	159	12	119	-10
170	78rIJddV4X0HkNAInEcYde	Call On Me - Ryan Riback Extended Remix	Starley	294813	163	12	103	-7
171	4vb4mFvYsr2h6enhjJsq9Y	Water Under the Bridge	Adele	288405	147	12	117	-24
172	2aFiaMXmWsM3Vj72F9ksBl	Cake By The Ocean	DNCE	285854	172	12	78	0
173	43F1e4glaVnVe3DXOU3Xum	Oitava Dose - Na Praia 2 / Ao Vivo	Matheus & Kauan	284330	83	12	76	-90
174	2ACOWPLUe4A4KuQ5ioD2od	That's My Girl	Fifth Harmony	279331	164	12	90	-10
175	1qOLh0tI7trd1zdDKxYZTe	Starving	Hailee Steinfeld	278899	185	11	99	10
176	4RiawNnc4pew07pvV69ksg	Vish, Aff, Putz, Nossa	Pedro Paulo & Alex	278523	189	8	162	13
177	7vRriwrloYVaoAe3a9wJHe	i hate u, i love u (feat. olivia o'brien)	gnash	275910	173	12	136	-4
178	3rq5w4bQGigXOfdN30ATJt	Do I Wanna Know?	Arctic Monkeys	272144	199	12	153	21
179	5HDPtsnyb3maFmPL8LLUTG	New Man	Ed Sheeran	269450	125	3	54	-54
180	0prNGof3XqfTvNDxHonvdK	Scars To Your Beautiful	Alessia Cara	267334	171	12	89	-9
181	14WWzenpaEgQZlqPq2nk4v	Work	Rihanna	264635	178	12	64	-3
182	6cbZb9mVAc5s8HtwklLoI0	Cheguei	Ludmilla	262872	nan	1	182	new
183	4BHzQ9C00ceJxfG16AlNWb	Send My Love (To Your New Lover)	Adele	262324	183	12	88	0
184	2pJZ1v8HezrAoZ0Fhzby92	What Do I Know?	Ed Sheeran	261742	127	3	45	-57
185	2Z8WuEywRWYTKe1NybPQEW	Ride	Twenty One Pilots	260141	182	12	97	-3
186	4Q4jmPHwu0wrJvqrld0FQ6	I Would Like	Zara Larsson	258721	191	12	84	5
187	7gHs73wELdeycvS48JfIos	Faded	Alan Walker	256254	194	12	116	7
188	6vARbzVXg90V8fYmgks5u3	Minha Felicidade	Roberta Campos	255083	180	12	162	-8
189	4ksSf8cL3VlUvQSkFcRHy3	Até Você Voltar	Henrique & Juliano	253354	nan	1	189	new
190	5mR5GuercvLXgx4TPnGl9k	Mordida, Beijo e Tapa	Naiara Azevedo	252213	nan	1	190	new
191	1WP1r7fuvRqZRnUaTi2I1Q	Stitches	Shawn Mendes	250816	195	12	118	4
192	4WjH9Bzt3kx7z8kl0awxh4	Lean On (feat. MØ & DJ Snake)	Major Lazer	247266	198	11	98	6
193	5dKyZWlgjWw1oJgLa4GCZD	Cool Girl	Tove Lo	245625	196	11	135	3
194	4wVFTbgMGuCij1F7568JRw	Tô Fazendo Amor	Lucas Lucco	242318	143	5	129	-51
195	6kex4EBAj0WHXDKZMEJaaF	Swalla (feat. Nicki Minaj & Ty Dolla $ign)	Jason Derulo	241496	nan	1	195	new
196	6PJ8FF6UR8FZXfEvpHkIVN	How Would You Feel (Paean)	Ed Sheeran	241198	156	4	55	-40
197	0n2bvWvMwr0gbjcuTm92eW	Love	Lana Del Rey	239519	188	5	51	-9
198	2dvyNlZ8jkLq4DMzVVyXQH	Antídoto - Ao Vivo	Matheus & Kauan	239296	177	2	177	-21
199	7clSIA4MRU6LJAoCWWEiuy	Made In Roça	Loubet	238759	nan	4	167	re-enter
200	68Q9D9KyLkIIy6zCAj3w19	A Melhor do Baile	Dani Russo	238103	192	7	164	-8
