position	song_id	song_name	artist	streams	last_week_position	weeks_on_chart	peak_position	position_status
1	21jGcNKet2qwijlDFuPiPb	Circles	Post Malone	1458828	1	3	1	0
2	6v3KW9xbzN5yKLt9YKDYA2	Señorita	Shawn Mendes	1183617	2	10	1	0
3	7qEHsqek33rTcFNT9PFqLf	Someone You Loved	Lewis Capaldi	1163589	4	20	3	1
4	6EOKwHETwSkZ9gW2b6ASE0	Ransom	Lil Tecca	1114106	3	5	3	-1
5	5qmq61DAAOUaW8AUo8xKhh	Truth Hurts	Lizzo	976751	10	22	5	5
6	51Fjme0JiitpyXKuyQiCDo	Lalala	Y2K	945312	9	14	6	3
7	6vBdBCoOhKHiYDDOcorfNo	Goodbyes (Feat. Young Thug)	Post Malone	917526	8	13	2	1
8	4B7fTyj1FIPvP9tT5X3DnR	Behind Barz - Bonus	Drake	905863	5	3	5	-3
9	7CZyCXKG6d5ALeq41sLzbw	Take What You Want (feat. Ozzy Osbourne & Travis Scott)	Post Malone	904889	7	3	7	-2
10	7aiClxsDWFRQ0Kzk5KI5ku	hot girl bummer	blackbear	874040	16	6	10	6
11	05mDaV9Vb3wrzjF6OPZnhq	Saint-Tropez	Post Malone	853191	6	3	6	-5
12	1rgnBhdG2JDFTbYkYRZAku	Dance Monkey	Tones And I	848635	17	10	12	5
13	70eFcWOvlMObDhURTqT4Fv	Beautiful People (feat. Khalid)	Ed Sheeran	837370	13	12	3	0
14	1000nHvUdawXuUHgBod4Wv	Panini	Lil Nas X	824958	14	3	14	0
15	5ry2OE6R2zPQFDO85XkgRb	Money In The Grave (Drake ft. Rick Ross)	Drake	811637	12	16	1	-3
16	0RiRZpuVRbi7oqRdSMwhQY	Sunflower - Spider-Man: Into the Spider-Verse	Post Malone	781271	15	3	13	-1
17	4sWuPniHClkInYAnzXAYUF	Camelot	NLE Choppa	769524	18	3	17	1
18	4sjiIpEv617LDXaidKioOI	223's (feat. 9lokknine)	YNW Melly	763840	27	7	18	9
19	4hPpVbbakQNv8YTHYaOJP4	One Thing Right	Marshmello	757459	19	15	8	0
20	6Ozh9Ok6h4Oi1wUSLtBseN	BOP	DaBaby	744500	nan	1	20	new
21	2Fxmhks0bxGSBdJ92vM42m	bad guy	Billie Eilish	732384	21	27	1	0
22	0Xek5rqai2jcOWCYWJfVCF	Enemies (feat. DaBaby)	Post Malone	732332	11	3	9	-11
23	7x9nXsowok1JszkVztI5NI	Writing on the Wall (feat. Post Malone & Cardi B)	French Montana	710490	nan	1	23	new
24	2b8fOow8UzyDFAE27YhOZM	Memories	Maroon 5	685244	25	2	24	1
25	3Yh9lZcWyKrK9GjbhuS0hR	Good as Hell	Lizzo	684269	23	7	17	-2
26	77KMttn3Lic7ZQKDlPqp8v	INTRO	DaBaby	663195	nan	1	26	new
27	0hVXuCcriWRGvwMV1r5Yn9	I Don't Care (with Justin Bieber)	Ed Sheeran	645211	26	12	5	-1
28	6XHVuErjQ4XNm6nDPVCxVX	No Guidance (feat. Drake)	Chris Brown	632427	24	14	11	-4
29	6b2RcmUt1g9N9mQ3CbjX2Y	How Do You Sleep?	Sam Smith	623869	28	11	13	-1
30	7LzouaWGFCy4tkXDOOnEyM	Liar	Camila Cabello	604798	34	4	30	4
31	3NkJNL3WqO1Lqc3uNDxvCN	Don’t Call Me Angel (Charlie’s Angels) (with Miley Cyrus & Lana Del Rey)	Ariana Grande	602832	20	3	3	-11
32	5Z8HZM6iQMhhqyPcCGY5g9	Hot (feat. Gunna)	Young Thug	595595	41	7	32	9
33	2YpeDb67231RjR0MgVLzsG	Old Town Road - Remix	Lil Nas X	587140	31	10	7	-2
34	0fySG6A6qLE8IvDpayb5bM	VIBEZ	DaBaby	581691	nan	1	34	new
35	6alCTRgBPoeAFi2N4il9Q4	Did It Again	Lil Tecca	566440	32	5	20	-3
36	7sWRlDoTDX8geTR8zzr2vt	Hollywood's Bleeding	Post Malone	563716	22	3	12	-14
37	3s4mrPrEFFPF0LmAfutW0n	The London (feat. J. Cole & Travis Scott)	Young Thug	553860	30	7	19	-7
38	6wo37KVqFJhtuxPTpLCcfe	Takeaway (feat. Lennon Stella)	The Chainsmokers	545548	38	10	12	0
39	0Ryd8975WihbObpp5cPW1t	boyfriend (with Social House)	Ariana Grande	545000	33	9	3	-6
40	12Fkyg9lpmaz2zmKOfw2Y2	On The Road (feat. Meek Mill & Lil Baby)	Post Malone	540189	29	3	18	-11
41	5hDAT527wXWNBnJlujhuUs	Stuck In A Dream (feat. Gunna)	Lil Mosey	539205	45	2	41	4
42	7xQAfvXzm3AkraOtGPWIZg	Wow.	Post Malone	523199	36	3	32	-6
43	4otVP2TcJliXWq2GjkvWkR	I'm Not Alright	Loud Luxury	515866	43	12	26	0
44	6oJ6le65B3SEqPwMRNXWjY	Higher Love	Kygo	511420	44	14	24	0
45	0UPBidRYcgJ2mjZlk08V8x	F.N	Lil Tjay	511261	50	8	45	5
46	2zjGJ0dChMR0KxBZS15aqo	Baguettes in the Face (feat. NAV, Playboi Carti & A Boogie Wit da Hoodie)	Mustard	505234	40	14	26	-6
47	6uFn47ACjqYkc0jADwEdj1	Pop Out (feat. Lil Tjay)	Polo G	502796	47	17	8	0
48	0DZJACISivjWjscIp5Kg1q	Ransom (with Juice WRLD) - Remix	Lil Tecca	502228	39	5	27	-9
49	6V9fHiv84WlVTg7CSnIVY2	Graveyard	Halsey	483678	35	3	23	-14
50	5dW1VZPcFqB4n0P08rGDgm	The Git Up	Blanco Brown	476146	48	16	16	-2
51	2gwkD6igEhQbDQegRCcdoB	Suge	DaBaby	474546	53	24	14	2
52	1dGr1c8CrMLDpV6mPbImSI	Lover	Taylor Swift	467422	46	6	2	-6
53	0c7K73roy6RW4ebDkf4yGh	VALENTINO	24kGoldn	454487	76	3	53	23
54	5MPPttjfGap2C6j6eKcO6J	Baby (Lil Baby feat. DaBaby)	Quality Control	447357	49	7	31	-5
55	2C6WXnmZ66tHhHlnvwePiK	Die For Me (feat. Future & Halsey)	Post Malone	445138	37	3	20	-18
56	1CCDIow4pPYyJYzhtTUYz2	RAW SHIT (feat. Migos)	DaBaby	445016	nan	1	56	new
57	6RRNNciQGZEXnqk8SQ9yv5	You Need To Calm Down	Taylor Swift	440387	51	6	15	-6
58	6moU77g9RQyMzHNuKEaQKq	It's You	Ali Gatie	435788	59	16	17	1
59	4vUmTMuQqjdnvlZmAH61Qk	South of the Border (feat. Camila Cabello & Cardi B)	Ed Sheeran	435139	63	12	11	4
60	1GeNui6m825V8jP4uKiIaH	Bad Bad Bad (feat. Lil Baby)	Young Thug	416068	58	7	24	-2
61	1wJRveJZLSb1rjhnUHQiv6	Swervin (feat. 6ix9ine)	A Boogie Wit da Hoodie	413833	62	41	5	1
62	0rFQ5cKYJ9WtHSKp9sxVYt	Heartless (feat. Morgan Wallen)	Diplo	412479	55	7	55	-7
63	5xjei7JnROsAzLY2a7RdZU	Shots	Lil Tecca	405738	52	5	28	-11
64	6TqXcAFInzjp0bODyvrWEq	Talk (feat. Disclosure)	Khalid	399450	60	26	11	-4
65	2FvD20Z8aoWIePi7PoN8sG	TOES (feat. Lil Baby & Moneybagg Yo)	DaBaby	397352	nan	1	65	new
66	2IRZnDFmlqMuOrYOLnZZyc	Going Bad (feat. Drake)	Meek Mill	389868	66	44	2	0
67	3TLwAp3uX1nKsVxrDhNPOL	Love Me	Lil Tecca	388756	64	5	38	-3
68	2bT1PH7Cw3J9p3t7nlXCdh	If I Can't Have You	Shawn Mendes	387956	61	10	20	-7
69	2xE16muNCmhZwSOv3i1d1H	Mood Swings	A Boogie Wit da Hoodie	383220	54	3	40	-15
70	2VxeLyX666F8uXCJ0dZF8B	Shallow	Lady Gaga	382069	73	52	6	3
71	44ADyYoY5liaRa3EOAl4uf	Slide Away	Miley Cyrus	381229	57	7	21	-14
72	2JvzF1RMd7lE3KmFlsyZD8	MIDDLE CHILD	J. Cole	378266	71	37	2	-1
73	2xLMifQCjDGFmkHkpNLD9h	SICKO MODE	Travis Scott	373691	68	61	2	-5
74	2tnVG71enUj33Ic2nFN6kZ	Ride It	Regard	373138	90	4	74	16
75	322tcqPhma7F6hfCeLisx0	fuck, i'm lonely	Lauv	372480	69	9	25	-6
76	4fwo6czG5nvOQMzhOto1ya	Lonely (with Jonas Brothers)	Diplo	369681	nan	1	76	new
77	0rIAC4PXANcKmitJfoqmVm	Motivation	Normani	368384	67	7	27	-10
78	7FGq80cy8juXBCD2nrqdWU	Eastside (with Halsey & Khalid)	benny blanco	368266	74	43	11	-4
79	67XyC1GdSkKb9sbRRkUDXS	Shotta Flow (Feat. Blueface) [Remix]	NLE Choppa	364930	72	13	48	-7
80	26wLOs3ZuHJa2Ihhx6QIE6	Teeth	5 Seconds of Summer	362999	70	6	44	-10
81	6osaMSJh9NguagEDQcZaKx	Loco Contigo (feat. J. Balvin & Tyga)	DJ Snake	358480	56	10	33	-25
82	22vgEDb5hykfaTwLuskFGD	Sucker	Jonas Brothers	356550	75	17	9	-7
83	4a6q8CR2hzLk2plDkSxkfD	I.F.L.Y.	Bazzi	347089	79	8	29	-4
84	2dpaYNEQHiRxtZbfNsse99	Happier	Marshmello	342098	77	59	2	-7
85	1SNiXDwSilLujcYdvfqVpT	Call You Mine	The Chainsmokers	335978	81	7	66	-4
86	3j84U36KvLeXNDPv4t5pI8	Pure Water (with Migos)	Mustard	330387	82	14	49	-4
87	0DiDStADDVh3SvAsoJAFMk	Only Human	Jonas Brothers	330348	84	17	24	-3
88	2J0NXdHr6MYvKDSxB7k3V2	A Thousand Bad Times	Post Malone	324761	65	3	36	-23
89	6ocbgoVGwYJhOv1GgI9NsF	7 rings	Ariana Grande	321268	85	34	1	-4
90	78QR3Wp35dqAhFEc2qAGjE	Drip Too Hard (Lil Baby & Gunna)	Lil Baby	320589	91	52	4	1
91	0e7ipj03S05BNilyu5bRzt	rockstar (feat. 21 Savage)	Post Malone	319681	92	75	7	1
92	5N1o6d8zGcSZSeMFkOUQOk	Hot Girl Summer (feat. Nicki Minaj & Ty Dolla $ign)	Megan Thee Stallion	317427	80	8	19	-12
93	6zeeWid2sgw4lap2jV61PZ	Better	Khalid	313515	94	49	10	1
94	6PYnUsNEpYC7A4BS2sjw3L	Right Back (feat. A Boogie Wit Da Hoodie)	Khalid	307237	83	9	38	-11
95	3UYiU57SMiAS5LqolhHJw1	Shameless	Camila Cabello	307099	78	4	52	-17
96	285pBltuF7vW8TeWk8hdRR	Lucid Dreams	Juice WRLD	306992	95	43	14	-1
97	7eBqSVxrzQZtK2mmgRG6lC	Murder On My Mind	YNW Melly	304200	96	36	7	-1
98	0u2P5u6lvoDfwTYjAADbn4	lovely (with Khalid)	Billie Eilish	302944	108	54	29	10
99	6ERR6e7h6wCqGoz1TjiUJb	Knockin' Boots	Luke Bryan	301061	113	24	67	14
100	4SDgTLDYrJ2UrHbkRkg7MD	Panini - DaBaby Remix	Lil Nas X	300555	87	3	87	-13
101	43zdsphuZLzwA9k4DJhU0I	when the party's over	Billie Eilish	300487	115	27	8	14
102	7dt6x5M1jzdTEt8oCbisTK	Better Now	Post Malone	300477	101	75	1	-1
103	36orMWv2PgvnzXsd5CJ0yL	Post Malone (feat. RANI)	Sam Feldt	299531	89	7	47	-14
104	5qrSlOut2rNAWv3ubArkNy	Be Alright	Dean Lewis	297377	107	22	63	3
105	6Qs4SXO9dwPj5GKvVOv8Ki	Dancing With A Stranger (with Normani)	Sam Smith	295234	100	38	7	-5
106	3Ol2xnObFdKV9pmRD2t9x8	Look Back at It	A Boogie Wit da Hoodie	293555	106	41	9	0
107	5p7ujcrUXASCNwRaWNHR1C	Without Me	Halsey	293349	104	52	4	-3
108	0WoAkdHmgPmEXfiBox1flk	GOSPEL (feat. Chance The Rapper, Gucci Mane & YK Osiris)	DaBaby	292736	nan	1	108	new
109	1DFD5Fotzgn6yYXkYsKiGs	Piece Of Your Heart	MEDUZA	292332	97	22	59	-12
110	0y675KDleCZEudjoeL1sQQ	Feelings	Lauv	290119	112	2	110	2
111	2iUXsYOEPhVqEBwsqP70rE	Youngblood	5 Seconds of Summer	289803	103	68	14	-8
112	7zLYKWcXnYeHHWidalz7rj	Noticed	Lil Mosey	285114	116	14	112	4
113	1kK6DwzyXJSp58u5HYWwuD	Go Loko (feat. Tyga, Jon Z)	YG	282604	99	19	16	-14
114	4hanO6Du5J7QEguNHYZHmw	Daddy (feat. Rich The Kid)	Blueface	281700	105	8	79	-9
115	5aUSEPNd3m5xliFK4pn5mU	Good Thing (with Kehlani)	Zedd	281388	nan	1	115	new
116	5PYQUBXc7NYeI1obMKSJK0	Never Really Over	Katy Perry	280253	110	18	10	-6
117	3XiNC94b4Tq1xwv70sQJGN	Sanguine Paradise	Lil Uzi Vert	280142	114	26	13	-3
118	2TsD9kSbgYx5fSNRsoNURE	POP STAR (feat. Kevin Gates)	DaBaby	278290	nan	1	118	new
119	3GX2hFAekmSduZzcS52OnR	iPHONE (with Nicki Minaj)	DaBaby	276054	nan	1	119	new
120	0Rx0DJI556Ix5gBny6EWmn	Paradise	Bazzi	274390	109	8	68	-11
121	2Rk4JlNc2TPmZe2af99d45	ME! (feat. Brendon Urie of Panic! At The Disco)	Taylor Swift	272764	111	6	36	-10
122	4LH1gsNA3wUS6QKkGZoJN8	XXL	DaBaby	272718	nan	1	122	new
123	6foY66mWZN0pSRjZ408c00	Whiskey Glasses	Morgan Wallen	271387	118	25	86	-5
124	4e4fqjx0Izh4svvTef1z7e	Meant to Be (feat. Florida Georgia Line)	Bebe Rexha	269917	117	67	38	-7
125	3e39X4Q74yJzsYUEeyf4ws	OFF THE RIP	DaBaby	269274	nan	1	125	new
126	5KE9b4x7Zj2A8XtbkqhqTe	Staring At The Sun (feat. SZA)	Post Malone	268647	86	3	51	-40
127	4Of7rzpRpV1mWRbhp5rAqG	Bruises	Lewis Capaldi	267975	145	9	127	18
128	5kfNriitmkNE8mUbZ7gbq8	Saturday Nights	Khalid	265860	123	50	14	-5
129	2P91MQbaiQOfbiz9VqhqKQ	I Like Me Better	Lauv	262373	121	70	50	-8
130	1ckLp8lCl8LipXI0ypX72m	I'm Gonna Be	Post Malone	261419	88	3	49	-42
131	6gBFPUFcJLzWGx4lenP6h2	goosebumps	Travis Scott	260896	126	130	50	-5
132	7rvyVWja33WG9R97oeJAjx	Envy Me	Calboy	260659	125	18	76	-7
133	7vxGCUPJhe0fXfBkwVPFcP	REALLY (feat. Stunna 4 Vegas)	DaBaby	259889	nan	1	133	new
134	2sqsNXfN0HtgDEgaHXiUTa	Won't Be Late (feat. Drake)	Swae Lee	259317	98	7	16	-36
135	5rU6kDNXZLXIinFezpbWbO	Tap (feat. Meek Mill)	NAV	259279	122	27	68	-13
136	5uCax9HTNlzGybIStD3vDh	Say You Won't Let Go	James Arthur	258938	135	139	6	-1
137	14rWuS6yllHOdfZ8sZsZUj	Feel Special	TWICE	258834	181	2	137	44
138	1YscJ7yVTlFxW3eF6pv5ba	Allergic	Post Malone	258431	93	3	54	-45
139	1rqqCSm0Qe4I9rUvWncaom	High Hopes	Panic! At The Disco	258425	124	67	10	-15
140	4bHsxqR3GMrXTxEPLuK5ue	Don't Stop Believin'	Journey	255498	132	97	89	-8
141	7nfmK6oHPDlAd68A11d7AN	Beer Never Broke My Heart	Luke Combs	255185	119	13	73	-22
142	2toVe5hfuIi97ytDPDbQFt	Taste (feat. Offset)	Tyga	255165	133	17	59	-9
143	0F7FA14euOIX8KcbEturGH	Old Town Road	Lil Nas X	254585	131	10	56	-12
144	5icOoE6VgqFKohjWWNp0Ac	Here With Me	Marshmello	253827	130	30	12	-14
145	25sgk305KZfyuqVBQIahim	Sweet but Psycho	Ava Max	253552	128	53	30	-17
146	643PW82aBMUa1FiWi5VQY7	Babushka Boi	A$AP Rocky	252253	102	5	31	-44
147	4u7EnebtmKWzUH433cf5Qv	Bohemian Rhapsody - 2011 Mix	Queen	250417	136	28	57	-11
148	40OMBMYRk5IQL6xCzGM0JA	Summer Days (feat. Macklemore & Patrick Stump of Fall Out Boy)	Martin Garrix	246208	127	13	18	-21
149	0FZ4Dmg8jJJAPJnvBIzD9z	ZEZE (feat. Travis Scott & Offset)	Kodak Black	245252	137	42	4	-12
150	42fw0rxRO2xbesF6mJfd4Y	Tequila	Dan + Shay	244365	143	63	87	-7
151	2rxQMGVafnNaRaXlRMWPde	Beautiful Crazy	Luke Combs	243769	141	47	90	-10
152	3ee8Jmje8o58CHK66QrVC2	SAD!	XXXTENTACION	243344	148	81	1	-4
153	2B9wgj9XzbJZLty03PRbVo	Bezerk (feat. A$AP Ferg)	Big Sean	242562	139	5	68	-14
154	03i4lR6ZZo0214WhmrE8t9	Hold On	Lil Tjay	242511	nan	1	154	new
155	5NqOsPI4rA9Bl6LcCftzI2	Magic	Lil Skies	239012	134	6	115	-21
156	0TlLq3lA83rQOYtrqBqSct	Nonstop	Drake	237495	144	63	6	-12
157	4SSnFejRGlZikf02HLewEF	bury a friend	Billie Eilish	236521	153	27	4	-4
158	3npzogdOEiVsieXmmhBepL	The Bones	Maren Morris	234642	175	21	61	17
159	7K7MUBCnzgBAvMVW2RTWNs	Body (feat. brando)	Loud Luxury	234098	146	66	11	-13
160	75ZvA4QfFiZvzhj2xkaWAh	I Fall Apart	Post Malone	232402	164	102	10	4
161	3e9HZxeyfWwjeyPAMmWSSQ	thank u, next	Ariana Grande	230765	150	34	7	-11
162	5hVghJ4KaYES3BFUATCYn0	EARFQUAKE	Tyler, The Creator	230586	142	20	5	-20
163	0rKtyWc8bvkriBthvHKY8d	SLOW DANCING IN THE DARK	Joji	229980	163	9	78	0
164	0mjAU3yKR1QnXnHtjGJqTM	Rescue Me	OneRepublic	229918	157	20	26	-7
165	1tNJrcVe6gwLEiZCtprs1u	3 Nights	Dominic Fike	229190	152	27	50	-13
166	0k664IuFwVP557Gnx7RhIl	Juice	Lizzo	229119	140	20	124	-26
167	6kls8cSlUyHW2BUOkDJIZE	Hate Me (with Juice WRLD)	Ellie Goulding	227132	155	14	56	-12
168	0tgVpDi06FyKpA1z0VMD4v	Perfect	Ed Sheeran	226704	162	134	5	-6
169	7H1591r6SfmZZh6BUE7Gue	Fendi (feat. Nicki Minaj & Murda Beatz)	PnB Rock	226252	nan	1	169	new
170	5KBARWIxeMGkvUax9VtVC9	My Type	Saweetie	225859	160	11	136	-10
171	3QzAOrNlsabgbMwlZt7TAY	Ballin' (with Roddy Ricch)	Mustard	225432	185	3	171	14
172	2cvOfKHOHgwQlLiuLKP2xR	Myself	Post Malone	225334	120	3	70	-52
173	6cjSh516BbrNUs213jDAGm	Graduation (with Juice WRLD)	benny blanco	224640	138	5	59	-35
174	6Hj9jySrnFppAI0sEMCZpJ	Robbery	Juice WRLD	224186	158	30	9	-16
175	3yNZ5r3LKfdmjoS3gkhUCT	bad guy (with Justin Bieber)	Billie Eilish	223883	167	12	12	-8
176	0pegcONe6MuDQRoPCtCBRf	THERE HE GO	DaBaby	222848	nan	1	176	new
177	3GJ4hzg4lrGwU51Y3VARbF	Speechless	Dan + Shay	222578	159	22	119	-18
178	5WnfnSpuNEGXyEt78PBA6d	Costa Rica (with Bas & JID feat. Guapdad 4000, Reese LAFLARE, Jace, Mez, Smokepurpp, Buddy & Ski Mask The Slump God)	Dreamville	220849	165	13	58	-13
179	7COXchtUOMd6uIT6HvmRaI	i'm so tired...	Lauv	220734	161	35	17	-18
180	0O7mJ0noFBLn8MMUJrFaF1	PROLLY HEARD	DaBaby	219832	nan	1	180	new
181	4OBZT9EnhYIV17t4pGw7ig	Best Part (feat. Daniel Caesar)	H.E.R.	219565	nan	17	93	re-enter
182	7M2tXmeS15NAzEn7ABFeBg	Homicide (feat. Eminem)	Logic	218962	168	12	77	-14
183	6DCZcSspjsKoFjzjrWoCdn	God's Plan	Drake	217624	172	63	20	-11
184	4NBTZtAt1F13VvlSKe6KTl	This Feeling	The Chainsmokers	216457	178	41	69	-6
185	3WyRgi8CzQnhzO0xw79tTS	Goin Baby	DaBaby	216238	195	5	166	10
186	7sO5G9EABYOXQKNPNiE9NR	Ric Flair Drip (& Metro Boomin)	Offset	215886	173	100	6	-13
187	7qiZfU4dY1lWllzX7mPBI3	Shape of You	Ed Sheeran	215471	176	142	1	-11
188	2xKQj6P0TgxBVaRiojP2s2	fast (Remix) [feat. Offset & A Boogie Wit da Hoodie]	Sueco the Child	215317	170	13	130	-18
189	0pqnGHJpmpxLKifKRmU6WP	Believer	Imagine Dragons	213927	177	62	95	-12
190	2ksOAxtIxY8yElEWw8RhgK	China	Anuel AA	213793	149	10	47	-41
191	0JP9xo3adEtGSdUEISiszL	Moonlight	XXXTENTACION	213649	191	75	5	0
192	7f1zjZG77S891Uv4O68yfk	Baby Sitter (feat. Offset)	DaBaby	212771	129	11	129	-63
193	2BgEsaKNfHUdlh97KmvFyo	2002	Anne-Marie	212706	180	56	87	-13
194	2qxmye6gAegTMjLKEBoR3d	Let Me Down Slowly	Alec Benjamin	212635	184	34	32	-10
195	4wuCQX7JvAZLlrcmH4AeZF	Cross Me (feat. Chance the Rapper & PnB Rock)	Ed Sheeran	212490	166	12	16	-29
196	1ThmUihH9dF8EV08ku5AXN	Faucet Failure	Ski Mask The Slump God	209810	190	37	38	-6
197	3swc6WTsr7rl9DqQKQA55C	Psycho (feat. Ty Dolla $ign)	Post Malone	207839	199	75	2	2
198	6IRdLKIyS4p7XNiP8r6rsx	all the good girls go to hell	Billie Eilish	207737	156	15	6	-42
199	1xzBco0xcoJEDXktl7Jxrr	Mo Bamba	Sheck Wes	207286	192	52	4	-7
200	7fa9MBXhVfQ8P8Df9OEbD8	Girls Like You (feat. Cardi B)	Maroon 5	207157	174	68	4	-26
