position	song_id	song_name	artist	streams	last_week_position	weeks_on_chart	peak_position	position_status
1	0TK2YIli7K1leLovkQiNik	Señorita	Shawn Mendes	2531730	1	3	1	0
2	6vBdBCoOhKHiYDDOcorfNo	Goodbyes (Feat. Young Thug)	Post Malone	2146056	nan	1	2	new
3	5ry2OE6R2zPQFDO85XkgRb	Money In The Grave (Drake ft. Rick Ross)	Drake	1760566	2	4	1	-1
4	4evmHXcjt3bTUHD1cvny97	Beautiful People (feat. Khalid)	Ed Sheeran	1418044	4	2	4	0
5	6u7jPi22kF8CTQ3rb9DHE7	Old Town Road (feat. Billy Ray Cyrus) - Remix	Lil Nas X	1413477	3	14	1	-2
6	2Fxmhks0bxGSBdJ92vM42m	bad guy	Billie Eilish	1361389	6	15	1	0
7	3HVWdVOQ0ZA45FuZGSfvns	I Don't Care (with Justin Bieber)	Ed Sheeran	1329133	5	9	1	-2
8	6fTt0CH2t0mdeB2N9XFG5r	Panini	Lil Nas X	1235164	7	3	5	-1
9	4hPpVbbakQNv8YTHYaOJP4	One Thing Right	Marshmello	1153978	9	3	9	0
10	1kBbgxAUc4HQv7cgIayIDH	Ransom	Lil Tecca	1122419	8	3	8	-2
11	5qmq61DAAOUaW8AUo8xKhh	Truth Hurts	Lizzo	980535	18	10	9	7
12	3KkXRkHbMCARz0aVfEt68P	Sunflower - Spider-Man: Into the Spider-Verse	Post Malone	877413	15	28	2	3
13	29fRTIKsJhLUJoldM89GZS	You Need To Calm Down	Taylor Swift	865134	10	4	4	-3
14	6LsAAHotRLMOHfCsSfYCsz	If I Can't Have You	Shawn Mendes	855506	12	10	3	-2
15	51Fjme0JiitpyXKuyQiCDo	Lalala	Y2K	819981	22	2	15	7
16	7DcvwMAiqKJQD1rrdfxSDx	The London (feat. J. Cole & Travis Scott)	Young Thug	801202	13	7	3	-3
17	6XHVuErjQ4XNm6nDPVCxVX	No Guidance (feat. Drake)	Chris Brown	792042	11	2	11	-6
18	40OMBMYRk5IQL6xCzGM0JA	Summer Days (feat. Macklemore & Patrick Stump of Fall Out Boy)	Martin Garrix	786181	nan	1	18	new
19	6moU77g9RQyMzHNuKEaQKq	It's You	Ali Gatie	778650	17	4	17	-2
20	05CwHjIk71RXVU40boRMnR	Call You Mine	The Chainsmokers	776677	20	6	20	0
21	7ILEWkpfdK6AjH2D7jppWk	Don't Check On Me (feat. Justin Bieber & Ink)	Chris Brown	775348	16	2	16	-5
22	543bCW2ruMPmxUBWirQ3MR	Cross Me (feat. Chance the Rapper & PnB Rock)	Ed Sheeran	733308	14	7	5	-8
23	1kK6DwzyXJSp58u5HYWwuD	Go Loko (feat. Tyga, Jon Z)	YG	706484	25	7	16	2
24	5PYQUBXc7NYeI1obMKSJK0	Never Really Over	Katy Perry	703116	21	6	10	-3
25	6oJ6le65B3SEqPwMRNXWjY	Higher Love	Kygo	697570	26	2	25	1
26	6uFn47ACjqYkc0jADwEdj1	Pop Out (feat. Lil Tjay)	Polo G	696039	23	5	8	-3
27	5dW1VZPcFqB4n0P08rGDgm	The Git Up	Blanco Brown	688627	35	4	27	8
28	2zjGJ0dChMR0KxBZS15aqo	Baguettes in the Face (feat. NAV, Playboi Carti & A Boogie Wit da Hoodie)	Mustard	682098	32	2	28	4
29	7qEHsqek33rTcFNT9PFqLf	Someone You Loved	Lewis Capaldi	644020	34	8	16	5
30	0qc4QlcCxVTGyShurEv1UU	Post Malone (feat. RANI)	Sam Feldt	642650	36	6	30	6
31	6MWtB6iiXyIwun0YzU6DFP	Wow.	Post Malone	640974	28	29	1	-3
32	53CJANUxooaqGOtdsBTh7O	Old Town Road	Lil Nas X	629900	24	17	2	-8
33	6TqXcAFInzjp0bODyvrWEq	Talk (feat. Disclosure)	Khalid	620467	30	14	11	-3
34	22vgEDb5hykfaTwLuskFGD	Sucker	Jonas Brothers	603947	31	5	9	-3
35	0DiDStADDVh3SvAsoJAFMk	Only Human	Jonas Brothers	584153	29	5	24	-6
36	2gwkD6igEhQbDQegRCcdoB	Suge	DaBaby	573755	33	12	14	-3
37	4ak7xjvBeBOcJGWFDX9w5n	Rodeo	Lil Nas X	571838	27	3	27	-10
38	2JvzF1RMd7lE3KmFlsyZD8	MIDDLE CHILD	J. Cole	560052	46	25	2	8
39	02itaCXOdC54J0ISjqqFAp	All Around The World (La La La)	R3HAB	537924	41	5	39	2
40	0mjAU3yKR1QnXnHtjGJqTM	Rescue Me	OneRepublic	529905	38	8	26	-2
41	56JyMaElW79S7TDWh1Zw1m	On A Roll	Ashley O	529143	42	3	41	1
42	6MF4tRr5lU8qok8IKaFOBE	Under The Sun (with J. Cole & Lute feat. DaBaby)	Dreamville	509359	nan	1	42	new
43	1wJRveJZLSb1rjhnUHQiv6	Swervin (feat. 6ix9ine)	A Boogie Wit da Hoodie	504505	37	29	5	-6
44	6ocbgoVGwYJhOv1GgI9NsF	7 rings	Ariana Grande	499521	39	22	1	-5
45	7FGq80cy8juXBCD2nrqdWU	Eastside (with Halsey & Khalid)	benny blanco	499359	40	31	11	-5
46	2gTdDMpNxIRFSiu7HutMCg	I Think I'm OKAY (with YUNGBLUD & Travis Barker)	Machine Gun Kelly	481552	nan	1	46	new
47	2VxeLyX666F8uXCJ0dZF8B	Shallow	Lady Gaga	481413	45	40	6	-2
48	2IRZnDFmlqMuOrYOLnZZyc	Going Bad (feat. Drake)	Meek Mill	478184	43	32	2	-5
49	36J0iaPDGbYGsHvYpaYs3k	Down Bad (feat. JID, Bas, J. Cole, EARTHGANG & Young Nudy)	Dreamville	475136	nan	1	49	new
50	2WyRfGeHo97VC5mP1BBSzr	Mother's Daughter	Miley Cyrus	465173	53	6	18	3
51	2dpaYNEQHiRxtZbfNsse99	Happier	Marshmello	458523	48	47	2	-3
52	5ug4vqGZ3eisGhY1IsziNX	Best Part of Me (feat. YEBBA)	Ed Sheeran	452808	nan	1	52	new
53	4tNXntkAzQ5A2dfYRYGIIQ	Easier	5 Seconds of Summer	440408	52	7	20	-1
54	3j84U36KvLeXNDPv4t5pI8	Pure Water (with Migos)	Mustard	436031	49	2	49	-5
55	1f38Gx6xQz6r4H1jGVNBJo	Loco Contigo (with J. Balvin & Tyga)	DJ Snake	434164	60	4	55	5
56	7njKgVl3AnLflRad38o7AG	Paradise	Bazzi	429597	56	14	21	0
57	6Qs4SXO9dwPj5GKvVOv8Ki	Dancing With A Stranger (with Normani)	Sam Smith	429242	51	26	7	-6
58	5WnfnSpuNEGXyEt78PBA6d	Costa Rica (with Bas & JID feat. Guapdad 4000, Reese LAFLARE, Jace, Mez, Smokepurpp, Buddy & Ski Mask The Slump God)	Dreamville	418302	nan	1	58	new
59	1DFD5Fotzgn6yYXkYsKiGs	Piece Of Your Heart	MEDUZA	417739	65	10	59	6
60	5w9c2J52mkdntKOmRLeM2m	Con Calma	Daddy Yankee	413902	58	22	36	-2
61	5hVghJ4KaYES3BFUATCYn0	EARFQUAKE	Tyler, The Creator	410155	44	8	5	-17
62	2x0RZdkZcD8QRI53XT4GI5	SOS (feat. Aloe Blacc)	Avicii	409779	50	5	16	-12
63	6kls8cSlUyHW2BUOkDJIZE	Hate Me (with Juice WRLD)	Ellie Goulding	402226	82	2	63	19
64	2xLMifQCjDGFmkHkpNLD9h	SICKO MODE	Travis Scott	400293	59	49	2	-5
65	1ZDmxwg7Lywlx68b7SsJjj	MEGATRON	Nicki Minaj	393652	57	3	40	-8
66	0vrmHPfoBadXVr2n0m1aqZ	Heaven	Avicii	390452	47	5	14	-19
67	2MuMD298IpYqKF367wegUd	Homicide (feat. Eminem)	Logic	389321	63	9	5	-4
68	5icOoE6VgqFKohjWWNp0Ac	Here With Me	Marshmello	382370	62	18	12	-6
69	43zdsphuZLzwA9k4DJhU0I	when the party's over	Billie Eilish	378164	68	15	8	-1
70	5rU6kDNXZLXIinFezpbWbO	Tap (feat. Meek Mill)	NAV	375645	71	15	68	1
71	3XiNC94b4Tq1xwv70sQJGN	Sanguine Paradise	Lil Uzi Vert	373818	75	14	13	4
72	6zeeWid2sgw4lap2jV61PZ	Better	Khalid	373496	69	37	10	-3
73	7nfmK6oHPDlAd68A11d7AN	Beer Never Broke My Heart	Luke Combs	367985	nan	1	73	new
74	4MsUsFfWseB9M2plGJyuIw	ME! (feat. Brendon Urie of Panic! At The Disco)	Taylor Swift	367372	64	8	13	-10
75	5p7ujcrUXASCNwRaWNHR1C	Without Me	Halsey	365873	70	40	4	-5
76	79JBjIq90BrQ8Ws0pUhlzD	Mad Love	Mabel	365859	54	5	54	-22
77	1dyxS3YzBbL0t8rEVwVQ1K	God's Country	Blake Shelton	362245	83	12	77	6
78	12iDo4Kdw9vA2X1lN3UTVu	Focus (feat. 21 Savage)	Bazzi	361955	72	4	48	-6
79	6EbduYTr62sSzvl36wWiFM	BLOW (with Chris Stapleton & Bruno Mars)	Ed Sheeran	361335	nan	1	79	new
80	6ERR6e7h6wCqGoz1TjiUJb	Knockin' Boots	Luke Bryan	360951	89	12	80	9
81	3Ol2xnObFdKV9pmRD2t9x8	Look Back at It	A Boogie Wit da Hoodie	360169	76	29	9	-5
82	7dt6x5M1jzdTEt8oCbisTK	Better Now	Post Malone	357505	81	63	1	-1
83	0hWzB4dR1zwcokPvccww0k	When I Grow Up	NF	356949	55	2	55	-28
84	1rqqCSm0Qe4I9rUvWncaom	High Hopes	Panic! At The Disco	355118	74	55	10	-10
85	36TO60sxDduIsO3xH8IcUh	Isis	Joyner Lucas	354517	67	7	13	-18
86	25sgk305KZfyuqVBQIahim	Sweet but Psycho	Ava Max	352721	73	41	30	-13
87	4SSnFejRGlZikf02HLewEF	bury a friend	Billie Eilish	348045	77	15	4	-10
88	78QR3Wp35dqAhFEc2qAGjE	Drip Too Hard (Lil Baby & Gunna)	Lil Baby	346614	79	40	4	-9
89	2iUXsYOEPhVqEBwsqP70rE	Youngblood	5 Seconds of Summer	345734	87	56	14	-2
90	7eBqSVxrzQZtK2mmgRG6lC	Murder On My Mind	YNW Melly	338671	80	24	7	-10
91	0u2P5u6lvoDfwTYjAADbn4	lovely (with Khalid)	Billie Eilish	337757	85	42	29	-6
92	4e4fqjx0Izh4svvTef1z7e	Meant to Be (feat. Florida Georgia Line)	Bebe Rexha	333245	88	55	38	-4
93	5Uw7Dut2lZfexn3Y09swpf	Find U Again (feat. Camila Cabello)	Mark Ronson	330511	78	3	72	-15
94	285pBltuF7vW8TeWk8hdRR	Lucid Dreams	Juice WRLD	329346	84	31	14	-10
95	7COXchtUOMd6uIT6HvmRaI	i'm so tired...	Lauv	328710	90	24	17	-5
96	0e7ipj03S05BNilyu5bRzt	rockstar (feat. 21 Savage)	Post Malone	327882	95	63	7	-1
97	7K7MUBCnzgBAvMVW2RTWNs	Body (feat. brando)	Loud Luxury	326367	93	54	11	-4
98	4no0eHn4fEB7tN1yZSXMma	C7osure (You Like)	Lil Nas X	325911	nan	1	98	new
99	25ZAibhr3bdlMCLmubZDVt	QUE PRETENDES	J Balvin	317842	66	2	66	-33
100	6uAm7pG66O1XesXS9bpHSF	Good As Hell	Lizzo	317040	192	2	100	92
101	2toVe5hfuIi97ytDPDbQFt	Taste (feat. Offset)	Tyga	316767	91	5	59	-10
102	4kV4N9D1iKVxx1KLvtTpjS	break up with your girlfriend, i'm bored	Ariana Grande	312929	92	22	1	-10
103	2KqJC0koTBUyDlsMt5ok1V	Look What God Gave Her	Thomas Rhett	308166	117	6	103	14
104	6foY66mWZN0pSRjZ408c00	Whiskey Glasses	Morgan Wallen	307975	106	13	88	2
105	3e9HZxeyfWwjeyPAMmWSSQ	thank u, next	Ariana Grande	305931	97	22	7	-8
106	4u7EnebtmKWzUH433cf5Qv	Bohemian Rhapsody - 2011 Mix	Queen	301975	103	16	57	-3
107	5kfNriitmkNE8mUbZ7gbq8	Saturday Nights	Khalid	298718	108	38	14	1
108	1jlnBQGP2DtSEhMgQaz7a7	Haute (feat. J Balvin & Chris Brown)	Tyga	296995	96	5	45	-12
109	0TlLq3lA83rQOYtrqBqSct	Nonstop	Drake	296433	99	51	6	-10
110	5QiNbIilmMiMBXvaAlf7lN	Who Do You Love	The Chainsmokers	293155	105	11	41	-5
111	3xaugmCyXrVkrDTXbFkMW3	Sanctuary	Joji	292784	94	4	31	-17
112	0FZ4Dmg8jJJAPJnvBIzD9z	ZEZE (feat. Travis Scott & Offset)	Kodak Black	292359	101	30	4	-11
113	5WHTFyqSii0lmT9R21abT8	Don't Call Me Up	Mabel	291398	107	23	29	-6
114	4bHsxqR3GMrXTxEPLuK5ue	Don't Stop Believin'	Journey	288145	100	85	100	-14
115	2P91MQbaiQOfbiz9VqhqKQ	I Like Me Better	Lauv	287293	113	58	50	-2
116	3pZO6GoVPeSYDxxsH6vCdj	Sunset (with J. Cole feat. Young Nudy)	Dreamville	285746	nan	1	116	new
117	7fa9MBXhVfQ8P8Df9OEbD8	Girls Like You (feat. Cardi B)	Maroon 5	280133	109	56	4	-8
118	2tOOcDDYkh0PSjr6GwPEAJ	Love Me Less (feat. Quinn XCII)	MAX	280008	115	10	56	-3
119	5qrSlOut2rNAWv3ubArkNy	Be Alright	Dean Lewis	278973	121	10	63	2
120	59ywHNwwchG4nZJMLyxSzd	Clout (feat. Cardi B)	Offset	275605	112	13	54	-8
121	3M9Apu4OZfylLTFKvgEtKa	Ritual	Tiësto	274780	102	6	68	-19
122	3Fj47GNK2kUF0uaEDgXLaD	wish you were gay	Billie Eilish	273825	120	15	3	-2
123	53hNIcq8OLj9OUNvQ4ulFM	Love Me	Felix Cartal	273237	129	13	123	6
124	7qiZfU4dY1lWllzX7mPBI3	Shape of You	Ed Sheeran	270915	111	130	1	-13
125	58q2HKrzhC3ozto2nDdN4z	I Like It	Cardi B	270721	122	66	3	-3
126	6DCZcSspjsKoFjzjrWoCdn	God's Plan	Drake	268055	110	51	20	-16
127	7EAaSaj1OgZgMX5yZyFXFC	Freaky	Tory Lanez	267911	124	6	69	-3
128	5CKtlUULFD5aPVX4PL02H6	Broke Leg (with Quavo & Tyga)	Tory Lanez	266091	125	6	40	-3
129	3ee8Jmje8o58CHK66QrVC2	SAD!	XXXTENTACION	265717	119	69	1	-10
130	2xKQj6P0TgxBVaRiojP2s2	fast (Remix) [feat. Offset & A Boogie Wit da Hoodie]	Sueco the Child	265364	nan	1	130	new
131	42fw0rxRO2xbesF6mJfd4Y	Tequila	Dan + Shay	265244	130	51	87	-1
132	2gtFMLjQpCTGekMi4oXZxN	Wells Fargo (with JID & EARTHGANG feat. Buddy & Guapdad 4000) - Interlude	Dreamville	264642	nan	1	132	new
133	7rvyVWja33WG9R97oeJAjx	Envy Me	Calboy	264540	123	6	76	-10
134	22oEJW6r2rMb9z4IntfyEa	Hey Look Ma, I Made It	Panic! At The Disco	263973	135	12	69	1
135	09IStsImFySgyp0pIQdqAc	The Middle	Zedd	261361	133	57	9	-2
136	2fhePAlCSsJplwkjqMYpVm	LOVE AGAIN	Daniel Caesar	259533	61	2	61	-75
137	6Hj9jySrnFppAI0sEMCZpJ	Robbery	Juice WRLD	257773	127	18	9	-10
138	2rxQMGVafnNaRaXlRMWPde	Beautiful Crazy	Luke Combs	253594	143	35	90	5
139	4YXKVaWzHaVyDq2pVS5cgR	Proud	Marshmello	253108	nan	1	139	new
140	5JEx7HbmvHQQswJCsoo9rA	Close To Me (with Diplo) (feat. Swae Lee)	Ellie Goulding	252989	128	37	22	-12
141	116H0KvKr2Zl4RPuVBruDO	MIA (feat. Drake)	Bad Bunny	251855	131	39	2	-10
142	0tgVpDi06FyKpA1z0VMD4v	Perfect	Ed Sheeran	250911	144	122	5	2
143	7zLYKWcXnYeHHWidalz7rj	Noticed	Lil Mosey	249564	146	2	143	3
144	1zB4vmk8tFRmM9UULNzbLB	Thunder	Imagine Dragons	247977	147	50	84	3
145	6XkLPzkKzPhpr3hrvl1TUq	Daddy (feat. Rich The Kid)	Blueface	246563	nan	1	145	new
146	6jfEZdUJ2Yla6h7gTJgKuo	Walk Me Home	P!nk	245787	152	11	43	6
147	1xzBco0xcoJEDXktl7Jxrr	Mo Bamba	Sheck Wes	245164	134	40	4	-13
148	4w8niZpiMy6qz1mntFA5uM	Taki Taki (with Selena Gomez, Ozuna & Cardi B)	DJ Snake	244538	141	41	6	-7
149	3swc6WTsr7rl9DqQKQA55C	Psycho (feat. Ty Dolla $ign)	Post Malone	244188	160	63	2	11
150	6lUNNXp7M8boA7gUEd6PSm	Love Ain't	Eli Young Band	243815	nan	2	150	re-enter
151	4au7FRcgZzChASRYu279xH	Con Calma - Remix	Daddy Yankee	241629	149	9	108	-2
152	4XiGKQqbmnMVxDzUj6j3f2	Worth It	YK Osiris	241063	162	6	152	10
153	0pqnGHJpmpxLKifKRmU6WP	Believer	Imagine Dragons	238949	159	50	95	6
154	37AGgp9VP8TVJBfEat74Bj	Candy (feat. Trippie Redd)	Machine Gun Kelly	237590	nan	1	154	new
155	2G7V7zsVDxg1yRsu7Ew9RJ	In My Feelings	Drake	236964	139	51	1	-16
156	5KawlOMHjWeUjQtnuRs22c	Boy With Luv (feat. Halsey)	BTS	235525	138	13	4	-18
157	79esEXlqqmq0GPz0xQSZTV	Lost In Japan	Shawn Mendes	234489	157	23	84	0
158	7e89621JPkKaeDSTQ3avtg	Sweet Home Alabama	Lynyrd Skynyrd	233729	140	6	140	-18
159	7mldq42yDuxiUNn08nvzHO	Body Like A Back Road	Sam Hunt	233328	155	102	31	-4
160	4NBTZtAt1F13VvlSKe6KTl	This Feeling	The Chainsmokers	232797	137	30	69	-23
161	4dAMdQ6g4kGmnc1MDHsg77	Shotta Flow	NLE Choppa	232718	116	13	93	-45
162	14mHfNsSHN0FbLftyjrV9g	Leave Me Alone	Flipp Dinero	232543	151	45	15	-11
163	2BgEsaKNfHUdlh97KmvFyo	2002	Anne-Marie	230866	163	45	87	0
164	1OS9fNE87zO4Z696lBXriv	LamboTruck (with Cozz feat. REASON & Childish Major)	Dreamville	230518	nan	1	164	new
165	1ThmUihH9dF8EV08ku5AXN	Faucet Failure	Ski Mask The Slump God	229896	132	29	38	-33
166	2wZjsbwmWfNVslgV5afl1L	Out The Mud	Lil Baby	227727	142	3	109	-24
167	5uCax9HTNlzGybIStD3vDh	Say You Won't Let Go	James Arthur	227575	172	127	6	5
168	0JP9xo3adEtGSdUEISiszL	Moonlight	XXXTENTACION	226840	156	69	5	-12
169	6vWEAOUSxohKxhp0K1BsxL	Mixed Personalities (feat. Kanye West)	YNW Melly	226071	153	25	26	-16
170	7sO5G9EABYOXQKNPNiE9NR	Ric Flair Drip (& Metro Boomin)	Offset	225228	161	89	6	-9
171	2t8yVaLvJ0RenpXUIAC52d	a lot	21 Savage	224639	158	29	20	-13
172	340UVheS8z3ncW9TTUhAbc	Nightmare	Halsey	223993	148	8	10	-24
173	2374M0fQpWi3dLnB54qaLX	Africa	TOTO	223300	166	44	138	-7
174	1rfofaqEpACxVEHIZBJe6W	Havana (feat. Young Thug)	Camila Cabello	223269	169	77	1	-5
175	3O7lxdQoe1aNWs93VSHsJg	On GOD (with YG & Tyga feat. A$AP Ferg & A$AP Rocky)	Mustard	223182	136	2	136	-39
176	6N1EjQjnvhOjFrF6oUmGPa	Summer Of '69	Bryan Adams	222690	150	2	150	-26
177	3gdewACMIVMEWVbyb8O9sY	Rocket Man (I Think It's Going To Be A Long, Long Time)	Elton John	222432	145	6	135	-32
178	3kCwyvhvVTyehIzYN2I0nF	Omertà	Drake	221225	98	4	7	-80
179	5Z3GHaZ6ec9bsiI5BenrbY	Young Dumb & Broke	Khalid	220191	174	104	21	-5
180	4L9Ds4mpD3SuYoWwFUlv16	Simple	Florida Georgia Line	219918	170	7	162	-10
181	3XF5xLJHOQQRbWya6hBp7d	you should see me in a crown	Billie Eilish	219380	180	15	15	-1
182	1mMLMZYXkMueg65jRRWG1l	When It Rains It Pours	Luke Combs	219175	167	21	127	-15
183	67XyC1GdSkKb9sbRRkUDXS	Shotta Flow (Feat. Blueface) [Remix]	NLE Choppa	219146	nan	1	183	new
184	7oK9VyNzrYvRFo7nQEYkWN	Mr. Brightside	The Killers	218905	184	19	184	0
185	35rozLoS6QLE8HX8qswM3k	Rescue Me	Marshmello	217684	nan	1	185	new
186	0k664IuFwVP557Gnx7RhIl	Juice	Lizzo	217661	183	8	133	-3
187	5T8EDUDqKcs6OSOwEsfqG7	Don't Stop Me Now - 2011 Mix	Queen	216578	171	32	102	-16
188	5vdp5UmvTsnMEMESIF2Ym7	Another One Bites The Dust - Remastered 2011	Queen	214903	177	31	98	-11
189	75ZvA4QfFiZvzhj2xkaWAh	I Fall Apart	Post Malone	214864	197	94	10	8
190	6CcJMwBtXByIz4zQLzFkKc	i love you	Billie Eilish	214710	nan	13	21	re-enter
191	3CA9pLiwRIGtUBiMjbZmRw	Nice For What	Drake	213045	165	51	14	-26
192	2qxmye6gAegTMjLKEBoR3d	Let Me Down Slowly	Alec Benjamin	212844	182	26	32	-10
193	2TVxnKdb3tqe1nhQWwwZCO	Tiny Dancer	Elton John	212504	173	5	173	-20
194	7KXjTSCq5nL1LoYtL7XAwS	HUMBLE.	Kendrick Lamar	211870	181	118	1	-13
195	3yrSvpt2l1xhsV9Em88Pul	Brown Eyed Girl	Van Morrison	210933	179	2	179	-16
196	1Hd2XLitkt1PYCWSbfF5qV	Wish Wish (feat. Cardi B & 21 Savage)	DJ Khaled	210900	168	8	30	-28
197	4qKcDkK6siZ7Jp1Jb4m0aL	Look Alive (feat. Drake)	BlocBoy JB	210170	175	74	2	-22
198	7GX5flRQZVHRAGd6B4TmDO	XO Tour Llif3	Lil Uzi Vert	209447	187	98	5	-11
199	40riOy7x9W7GXjyGp4pjAv	Hotel California - 2013 Remaster	Eagles	209435	188	2	188	-11
200	3AEgic4yp82NxMWUjHtxnO	Uno	Ambjaay	207794	nan	1	200	new
