position	song_id	song_name	artist	streams	last_week_position	weeks_on_chart	peak_position	position_status
1	6MWtB6iiXyIwun0YzU6DFP	Wow.	Post Malone	1804619	1	3	1	0
2	3KkXRkHbMCARz0aVfEt68P	Sunflower - Spider-Man: Into the Spider-Verse	Post Malone	1632201	2	4	2	0
3	2IRZnDFmlqMuOrYOLnZZyc	Going Bad (feat. Drake)	Meek Mill	1280519	4	6	2	1
4	2rPE9A1vEgShuZxxzR2tZH	thank u, next	Ariana Grande	1126559	3	10	1	-1
5	2xLMifQCjDGFmkHkpNLD9h	SICKO MODE	Travis Scott	1124029	5	23	2	0
6	5p7ujcrUXASCNwRaWNHR1C	Without Me	Halsey	1095760	6	14	4	0
7	0FZ4Dmg8jJJAPJnvBIzD9z	ZEZE (feat. Travis Scott & Offset)	Kodak Black	1006870	7	4	4	0
8	78QR3Wp35dqAhFEc2qAGjE	Drip Too Hard (Lil Baby & Gunna)	Lil Baby	882688	9	14	4	1
9	1xzBco0xcoJEDXktl7Jxrr	Mo Bamba	Sheck Wes	850847	8	14	4	-1
10	1rqqCSm0Qe4I9rUvWncaom	High Hopes	Panic! At The Disco	850481	13	29	10	3
11	3Ol2xnObFdKV9pmRD2t9x8	Look Back at It	A Boogie Wit da Hoodie	774960	15	3	11	4
12	2dpaYNEQHiRxtZbfNsse99	Happier	Marshmello	752395	10	21	2	-2
13	6zeeWid2sgw4lap2jV61PZ	Better	Khalid	719228	17	11	10	4
14	7FGq80cy8juXBCD2nrqdWU	Eastside (with Halsey & Khalid)	benny blanco	708307	11	5	11	-3
15	14mHfNsSHN0FbLftyjrV9g	Leave Me Alone	Flipp Dinero	674763	18	19	15	3
16	2LskIZrCeLxRvCiGP8gxlh	Arms Around You (feat. Maluma & Swae Lee)	XXXTENTACION	665248	20	11	3	4
17	7dt6x5M1jzdTEt8oCbisTK	Better Now	Post Malone	643054	12	37	1	-5
18	2FUNBaa5DwItJtYEBgAblU	monster	21 Savage	635415	16	3	16	-2
19	5kfNriitmkNE8mUbZ7gbq8	Saturday Nights	Khalid	630210	19	12	19	0
20	2VxeLyX666F8uXCJ0dZF8B	Shallow	Lady Gaga	625535	28	14	10	8
21	0jAfdqv18goRTUxm3ilRjb	Startender (feat. Offset and Tyga)	A Boogie Wit da Hoodie	612060	24	3	21	3
22	0TlLq3lA83rQOYtrqBqSct	Nonstop	Drake	607505	21	25	6	-1
23	285pBltuF7vW8TeWk8hdRR	Lucid Dreams	Juice WRLD	584001	14	5	14	-9
24	6Gy7rXB6Ku5vIWC7WGWsl3	KIKA	6ix9ine	562983	26	7	3	2
25	5JEx7HbmvHQQswJCsoo9rA	Close To Me (with Diplo) (feat. Swae Lee)	Ellie Goulding	554626	31	11	25	6
26	0todbbT9g5uQGbeFCiBf2F	imagine	Ariana Grande	553904	22	4	8	-4
27	116H0KvKr2Zl4RPuVBruDO	MIA (feat. Drake)	Bad Bunny	539511	23	13	2	-4
28	5IaHrVsrferBYDm0bDyABy	Taste (feat. Offset)	Tyga	538854	29	34	2	1
29	7AYuSG1LoaaFVKjOxsB6Vh	Crushed Up	Future	535717	nan	1	29	new
30	25sgk305KZfyuqVBQIahim	Sweet but Psycho	Ava Max	532748	37	15	30	7
31	14JzyD6FlBD5z0wV5P07YI	when the party's over	Billie Eilish	532687	40	13	13	9
32	2iUXsYOEPhVqEBwsqP70rE	Youngblood	5 Seconds of Summer	526336	32	30	14	0
33	04MLEeAMuV9IlHEsD8vF6A	No Stylist	French Montana	523027	39	16	4	6
34	3ee8Jmje8o58CHK66QrVC2	SAD!	XXXTENTACION	518192	27	43	1	-7
35	1wJRveJZLSb1rjhnUHQiv6	Swervin (feat. 6ix9ine)	A Boogie Wit da Hoodie	515590	45	3	35	10
36	2t8yVaLvJ0RenpXUIAC52d	a lot	21 Savage	503609	38	3	31	2
37	4w8niZpiMy6qz1mntFA5uM	Taki Taki (with Selena Gomez, Ozuna & Cardi B)	DJ Snake	494860	35	15	6	-2
38	27rdGxbavYJeBphck5MZAF	Nothing Breaks Like a Heart (feat. Miley Cyrus)	Mark Ronson	492785	34	6	30	-4
39	2G1tXoGBaEMJ7FKGnkf6ud	Wake Up in the Sky	Gucci Mane	484353	43	5	39	4
40	7pdF27mSDuPWhppnHAmWHa	whoa (mind in awe)	XXXTENTACION	483101	42	5	10	2
41	0e7ipj03S05BNilyu5bRzt	rockstar (feat. 21 Savage)	Post Malone	466475	33	37	7	-8
42	58q2HKrzhC3ozto2nDdN4z	I Like It	Cardi B	452348	25	40	3	-17
43	2GGMabyHXnJmjY6CXhhB2e	Money	Cardi B	438373	48	11	23	5
44	7fa9MBXhVfQ8P8Df9OEbD8	Girls Like You (feat. Cardi B)	Maroon 5	434518	36	30	4	-8
45	6DCZcSspjsKoFjzjrWoCdn	God's Plan	Drake	434109	30	25	20	-15
46	0JP9xo3adEtGSdUEISiszL	Moonlight	XXXTENTACION	422362	47	43	5	1
47	1fewSx2d5KIZ04wsooEBOz	Space Cadet (feat. Gunna)	Metro Boomin	421457	52	8	21	5
48	7K7MUBCnzgBAvMVW2RTWNs	Body (feat. brando)	Loud Luxury	415073	44	28	11	-4
49	5wujBwqG7INdStqGd4tRMX	Armed And Dangerous	Juice WRLD	409435	51	5	49	2
50	6JQvHMSaR8flFsN53ypOfP	Noticed	Lil Mosey	401869	53	12	27	3
51	3swc6WTsr7rl9DqQKQA55C	Psycho (feat. Ty Dolla $ign)	Post Malone	401354	46	37	2	-5
52	2G7V7zsVDxg1yRsu7Ew9RJ	In My Feelings	Drake	401105	41	25	1	-11
53	22An65gG31JLf9n18qjdhZ	BAD!	XXXTENTACION	398837	49	5	9	-4
54	1NJcg626wLln4pGHpiV7mf	lovely	Billie Eilish	398267	62	5	54	8
55	4NdXQlDTzxbOMkzJGWFtz3	Butterfly Doors	Lil Pump	390806	nan	1	55	new
56	7lAK3oHbfEnvUQWosrMMpR	YOSEMITE	Travis Scott	382438	58	23	12	2
57	3EPXxR3ImUwfayaurPi3cm	Be Alright	Dean Lewis	378978	66	24	28	9
58	4qKcDkK6siZ7Jp1Jb4m0aL	Look Alive (feat. Drake)	BlocBoy JB	376696	54	48	2	-4
59	1KVczjazCcCCgM3gXXUl47	Roses (with Juice WRLD feat. Brendon Urie)	benny blanco	376004	70	5	59	11
60	4VUwkH455At9kENOfzTqmF	Beautiful (feat. Camila Cabello)	Bazzi	370538	63	23	37	3
61	4QIyEq7TcTdAcxjI2AFlAK	FEFE	6ix9ine	370284	50	5	44	-11
62	4e4fqjx0Izh4svvTef1z7e	Meant to Be (feat. Florida Georgia Line)	Bebe Rexha	365875	60	29	38	-2
63	2P91MQbaiQOfbiz9VqhqKQ	I Like Me Better	Lauv	352306	82	32	50	19
64	4S8d14HvHb70ImctNgVzQQ	I Love It (& Lil Pump)	Kanye West	350363	56	18	1	-8
65	2RSHsoi04658QL5xgQVov3	Bad Liar	Imagine Dragons	349212	65	9	27	0
66	79OEIr4J4FHV0O3KrhaXRb	Splashin	Rich The Kid	346632	69	5	66	3
67	4BiiOzZCrXEzHRLYcYFiD5	Hope	The Chainsmokers	341182	159	3	67	92
68	60SdxE8apGAxMiRrpbmLY0	Lucky You (feat. Joyner Lucas)	Eminem	341132	67	19	1	-1
69	4NBTZtAt1F13VvlSKe6KTl	This Feeling	The Chainsmokers	336596	84	4	69	15
70	5274I4mUMnYczyeXkGDWZN	Fine China	Future	335442	71	12	13	1
71	6wWaVoUOzLQJHd3bWAUpdZ	Never Recover (Lil Baby & Gunna, Drake)	Lil Baby	333124	73	14	5	2
72	5tAa8Uaqr4VvA3693mbIhU	Ruin My Life	Zara Larsson	332154	85	11	47	13
73	7tFiyTwD0nx5a1eklYtX2J	Bohemian Rhapsody - 2011 Mix	Queen	325581	68	11	48	-5
74	40T5GIqQ1CegGm2PTEl8Bu	idontwannabeyouanymore	Billie Eilish	324566	89	5	74	15
75	45Egmo7icyopuzJN0oMEdk	Love Lies (with Normani)	Khalid	320493	72	47	6	-3
76	2FY7b99s15jUprqC0M5NCT	Natural	Imagine Dragons	319836	74	9	31	-2
77	74lnM5V6ecvoTPV0fvptx9	Nuketown (feat. Juice WRLD)	Ski Mask The Slump God	318973	88	6	48	11
78	4paAidoE8VAemwU4jgCc6l	all my friends	21 Savage	318387	59	3	58	-19
79	7sO5G9EABYOXQKNPNiE9NR	Ric Flair Drip (& Metro Boomin)	Offset	315304	81	63	6	2
80	7m9OqQk4RVRkw9JJdeAw96	Jocelyn Flores	XXXTENTACION	313767	80	72	9	0
81	75ZvA4QfFiZvzhj2xkaWAh	I Fall Apart	Post Malone	313605	76	68	10	-5
82	6vN77lE9LK6HP2DewaN6HZ	Yes Indeed	Lil Baby	312388	75	34	3	-7
83	3CA9pLiwRIGtUBiMjbZmRw	Nice For What	Drake	300417	55	25	14	-28
84	2qT1uLXPVPzGgFOx4jtEuo	no tears left to cry	Ariana Grande	299577	78	21	20	-6
85	0AluA5RNsa4Cx6XRhf2hWZ	10 Freaky Girls (with 21 Savage)	Metro Boomin	298284	93	8	23	8
86	4Uy3kNxW2kB8AEoXljEcth	Familia (with Anuel Aa, feat. Bantu) - Spider-Man: Into the Spider-Verse	Nicki Minaj	297897	98	3	86	12
87	13hvHEstJ4sNbzdroPrPI3	Kiss and Make Up	Dua Lipa	297469	90	11	25	3
88	09IStsImFySgyp0pIQdqAc	The Middle	Zedd	296021	61	31	9	-27
89	0lsRatBUs9HNIZAmoGABzk	Trampoline	SHAED	295748	151	2	89	62
90	4m5Cd9kAbIxg6t9sMrQWtk	TIC TOC	6ix9ine	295575	57	7	6	-33
91	4OafepJy2teCjYJbvFE60J	breathin	Ariana Grande	292406	92	21	4	1
92	1oJ8EDr2pv94IvSd6ZmDgo	MAMA	6ix9ine	288730	77	7	13	-15
93	4OBZT9EnhYIV17t4pGw7ig	Best Part (feat. Daniel Caesar)	H.E.R.	287904	106	4	93	13
94	3L19besdNQzd342qL78xqm	Demons and Angels (feat. Juice WRLD)	A Boogie Wit da Hoodie	283521	99	3	94	5
95	4kWO6O1BUXcZmaxitpVUwp	Jackie Chan	Tiësto	283462	83	34	8	-12
96	14sOS5L36385FJ3OL8hew4	Happy Now	Kygo	282424	95	11	38	-1
97	4hQ6UGyWQIGJmHSo0J88JW	Back To You - From 13 Reasons Why – Season 2 Soundtrack	Selena Gomez	281176	94	26	12	-3
98	1rfofaqEpACxVEHIZBJe6W	Havana (feat. Young Thug)	Camila Cabello	275767	64	51	1	-34
99	3WefHNGtjexZvi66ZEx9u4	Hurts Like Hell (feat. Offset)	Madison Beer	273990	109	5	99	10
100	1ZAyjvIk9YiD76yYy0TEG6	Plug Walk	Rich The Kid	271598	97	24	49	-3
101	0PowxVSTY2uh1CPc8EPKyX	Project Dreams	Marshmello	269438	113	4	101	12
102	7GX5flRQZVHRAGd6B4TmDO	XO Tour Llif3	Lil Uzi Vert	269031	100	72	5	-2
103	7uiBocndm12aKbsdnQ3Scx	Undecided	Chris Brown	266587	nan	1	103	new
104	5N5k9nd479b1xpDZ4usjrg	Promises (with Sam Smith)	Calvin Harris	263009	91	20	9	-13
105	04ZTP5KsCypmtCmQg5tH9R	I'm a Mess	Bebe Rexha	262872	105	28	42	0
106	5Gu0PDLN4YJeW75PpBSg9p	Let Me Go (with Alesso, Florida Georgia Line & watt)	Hailee Steinfeld	262008	126	15	56	20
107	2BgEsaKNfHUdlh97KmvFyo	2002	Anne-Marie	261289	119	19	87	12
108	7wBJfHzpfI3032CSD7CE2m	STARGAZING	Travis Scott	258833	108	22	3	0
109	6rz0dTA0PdhXImFV5EjM0w	Hide (feat. Seezyn)	Juice WRLD	258256	127	3	109	18
110	1zB4vmk8tFRmM9UULNzbLB	Thunder	Imagine Dragons	256833	114	24	84	4
111	6mQLN3zRtAp6ovjusyYKrV	Rewrite The Stars (with James Arthur & Anne-Marie)	James Arthur	256559	121	5	111	10
112	5uCax9HTNlzGybIStD3vDh	Say You Won't Let Go	James Arthur	256137	123	101	6	11
113	0tgVpDi06FyKpA1z0VMD4v	Perfect	Ed Sheeran	255124	102	96	5	-11
114	7ycWLEP1GsNjVvcjawXz3z	Praise The Lord (Da Shine) (feat. Skepta)	A$AP Rocky	254944	117	32	18	3
115	4jvjzW7Hm0yK4LvvE0Paz9	Falling Down - Bonus Track	Lil Peep	254444	116	8	21	1
116	7KXjTSCq5nL1LoYtL7XAwS	HUMBLE.	Kendrick Lamar	253335	103	92	1	-13
117	2YyvWje3cEYyqgYhNUIaBJ	La Di Da	Lennon Stella	251593	nan	1	117	new
118	7qiZfU4dY1lWllzX7mPBI3	Shape of You	Ed Sheeran	250718	86	104	1	-32
119	2MShy1GSSgbmGUxADNIao5	Calling My Spirit	Kodak Black	250391	135	3	84	16
120	5OCJzvD7sykQEKHH7qAC3C	God is a woman	Ariana Grande	248722	110	20	9	-10
121	1jo3TwNGCXfNdB5uba3ZVv	Killshot	Eminem	245208	124	16	3	3
122	3NuK5xMlSlB6K2Qp16zf3h	Solo (feat. Demi Lovato)	Clean Bandit	244879	101	5	101	-21
123	5Z3GHaZ6ec9bsiI5BenrbY	Young Dumb & Broke	Khalid	244331	104	78	21	-19
124	1ThmUihH9dF8EV08ku5AXN	Faucet Failure	Ski Mask The Slump God	242294	187	3	118	63
125	5qHirGR7M9tdm6C17DlzSY	REEL IT IN	Aminé	240731	134	17	64	9
126	3a1lNhkSLSkpJE4MSHpDu9	Congratulations	Post Malone	240550	130	101	7	4
127	3GJ4hzg4lrGwU51Y3VARbF	Speechless	Dan + Shay	236627	141	5	127	14
128	0pqnGHJpmpxLKifKRmU6WP	Believer	Imagine Dragons	236308	128	24	95	0
129	7FjZU7XFs7P9jHI9Z0yRhK	So Close	NOTD	236205	139	2	129	10
130	5rFj8OzffT0iggSjcBaeND	"Fire On Fire - From ""Watership Down"""	Sam Smith	235908	nan	1	130	new
131	0hPLZrnDgtKxrym1BHjDhd	can't leave without it	21 Savage	235893	107	3	86	-24
132	3GCdLUSnKSMJhs4Tj6CV3s	All The Stars (with SZA)	Kendrick Lamar	234551	96	35	4	-36
133	7ef4DlsgrMEH11cDZd32M6	One Kiss (with Dua Lipa)	Calvin Harris	232660	79	36	10	-54
134	7AFASza1mXqntmGtbxXprO	changes	XXXTENTACION	230720	132	38	13	-2
135	6o79O9qBP3OAkWOXajAQIS	WAKA	6ix9ine	230319	122	7	14	-13
136	7uzmGiiJyRfuViKKK3lVmR	Mine	Bazzi	230283	125	36	20	-11
137	2uIX8YMNjGMD7441kqyyNU	ocean eyes	Billie Eilish	228631	169	10	98	32
138	3B54sVLJ402zGa6Xm4YGNe	Unforgettable	French Montana	228311	136	78	1	-2
139	51w9Jbat1pLeWINGCpnQUR	TAlk tO Me (with Rich The Kid feat. Lil Wayne) - Remix	Tory Lanez	225233	148	2	139	9
140	5WvAo7DNuPRmk4APhdPzi8	No Brainer	DJ Khaled	225182	112	20	3	-28
141	6gBFPUFcJLzWGx4lenP6h2	goosebumps	Travis Scott	224998	143	105	50	2
142	7AQim7LbvFVZJE3O8TYgf2	Fuck Love (feat. Trippie Redd)	XXXTENTACION	224912	138	66	23	-4
143	2TIlqbIneP0ZY1O0EzYLlc	Someone You Loved	Lewis Capaldi	224226	182	2	143	39
144	577YBGuskWkVDCxZrLRB4v	Pure Cocaine	Lil Baby	223728	158	5	75	14
145	6n4U3TlzUGhdSFbUUhTvLP	Walk It Talk It	Migos	223380	118	49	4	-27
146	6Hgh47WXVKtXN5zGOu0hjI	OTW	Khalid	222864	150	34	16	4
147	51NFxnQvaosfDDutk0tams	bellyache	Billie Eilish	222736	174	8	67	27
148	42fw0rxRO2xbesF6mJfd4Y	Tequila	Dan + Shay	222038	147	25	87	-1
149	6xcJyGpfZbuuiequtnlKt4	BUTTERFLY EFFECT	Travis Scott	221503	146	21	28	-3
150	08bNPGLD8AhKpnnERrAc6G	FRIENDS	Marshmello	221433	120	45	8	-30
151	6fFTPGGItuEpjwXRUIr4rk	comethru	Jeremy Zucker	221305	190	2	151	39
152	6XcfKZvJio9Z0fQy11GnNX	broken	lovelytheband	220982	153	16	91	1
153	7vGuf3Y35N4wmASOKLUVVU	Silence	Marshmello	220144	152	71	6	-1
154	2xJCMIJfcNYDc5iR0sAm2O	New Rules	Dua Lipa	219773	87	7	87	-67
155	2QZ7WLBE8h2y1Y5Fb8RYbH	In My Blood	Shawn Mendes	219340	144	14	142	-11
156	6nO3tr47nr2P7f3hXb8JIo	Champion (feat. Travis Scott)	NAV	217434	167	31	26	11
157	4VXIryQMWpIdGgYR4TrjT1	All Girls Are The Same	Juice WRLD	215804	133	4	133	-24
158	76cy1WJvNGJTj78UqeA5zr	IDGAF	Dua Lipa	215542	137	45	15	-21
159	4KX8vXbouybtUptEyYxtIk	MoshPit (feat. Juice WRLD)	Kodak Black	214884	131	3	52	-28
160	52okn5MNA47tk87PeZJLEL	Let You Down	NF	213977	142	26	38	-18
161	4AhSkRYioEIfGvCV19peYN	Suncity (feat. Empress Of)	Khalid	213734	172	11	14	11
162	1tT55K6VEyO6XFDxK4lDQe	In My Head	Peter Manos	213721	154	3	137	-8
163	2rxQMGVafnNaRaXlRMWPde	Beautiful Crazy	Luke Combs	213096	173	12	139	10
164	7wC5eZcFS1Q1BsQ35DU6H4	come out and play	Billie Eilish	212402	149	7	12	-15
165	4bHsxqR3GMrXTxEPLuK5ue	Don't Stop Believin'	Journey	211803	140	59	105	-25
166	2rbDhOo9Fh61Bbu23T2qCk	Always Remember Us This Way	Lady Gaga	209573	189	9	52	23
167	1mXVgsBdtIVeCLJnSnmtdV	Too Good At Goodbyes	Sam Smith	209242	188	50	3	21
168	5T8EDUDqKcs6OSOwEsfqG7	Don't Stop Me Now - 2011 Mix	Queen	208584	111	6	111	-57
169	7BKLCZ1jbUBVqRi2FVlTVw	Closer	The Chainsmokers	208515	115	97	3	-54
170	7rC5Pl8rQSX4myONQHYPBK	Mob Ties	Drake	208122	161	21	24	-9
171	0fAVi8b6VX6NgT4j1aRLdT	Drunk Me	Mitchell Tenpenny	207640	180	2	171	9
172	3wScL5W8H40zzCKN0atfBk	Uproar	Lil Wayne	207357	164	14	10	-8
173	0E9ZjEAyAwOXZ7wJC0PD33	In My Mind	Dynoro	207064	170	22	21	-3
174	0CZ8lquoTX2Dkg7Ak2inwA	1950	King Princess	205951	nan	16	47	re-enter
175	3vWzyGTu6Ovo1GdrcJqH6e	Scared of the Dark (feat. XXXTENTACION)	Lil Wayne	205600	196	3	149	21
176	3id2EVGKc3eFAMn9nFnB0r	Love Someone	Lukas Graham	205330	168	8	85	-8
177	0ZNrc4kNeQYD9koZ3KvCsy	BIG BANK (feat. 2 Chainz, Big Sean, Nicki Minaj)	YG	204777	157	22	54	-20
178	30z4LVkScpeNhwHFIB8Ewa	I Love	Joyner Lucas	203602	176	8	90	-2
179	6mORGLOz79w6VsCRLWYYuK	The Night We Met	Lord Huron	203173	nan	55	56	re-enter
180	55GiOwtxNajXVbpjjIzMnD	SWISH	Tyga	202888	186	20	32	6
181	5vdp5UmvTsnMEMESIF2Ym7	Another One Bites The Dust - Remastered 2011	Queen	202709	166	7	98	-15
182	1co0puPTYvqAdUEjFOjne9	Simple	Florida Georgia Line	201815	162	15	66	-20
183	152lZdxL1OR0ZMW6KquMif	Location	Khalid	201722	192	94	29	9
184	5aXgz1oKK8Q9z9xvTmSnrO	Topanga	Trippie Redd	199552	185	7	41	1
185	698eQRku24PIYPQPHItKlA	She Got the Best of Me	Luke Combs	198823	184	8	143	-1
186	3KLygy1YWhmrQx0GRs7IOx	Rise	Jonas Blue	198713	175	5	175	-11
187	1gm616Plq4ScqNi7TVkZ5N	Call Out My Name	The Weeknd	196030	155	29	1	-32
188	2SL6oP2YAEQbqsrkOzRGO4	Venom - Music From The Motion Picture	Eminem	195299	200	15	21	12
189	1Slwb6dOYkBlWal1PGtnNg	Thinking out Loud	Ed Sheeran	194977	194	59	75	5
190	15fZrZhdK0g1BS9sDeW6sD	Love No More	Loud Luxury	194924	183	18	42	-7
191	155EsNGoXo7XSVF84oTPam	There You Are	ZAYN	192821	nan	1	191	new
192	6G8kHiVZ1jW7vHMPVRNZU0	Don’t Matter To Me (with Michael Jackson)	Drake	191979	nan	19	12	re-enter
193	32lItqlMi4LBhb4k0BaSaC	Candy Paint	Post Malone	191639	193	28	17	0
194	5sOch9Cf4uxcMtwFzMtNqQ	Delicate	Taylor Swift	191633	199	2	194	5
195	2fQrGHiQOvpL9UgPvtYy6G	Bank Account	21 Savage	191513	195	58	5	0
196	2374M0fQpWi3dLnB54qaLX	Africa	TOTO	190779	181	25	138	-15
197	1BuZAIO8WZpavWVbbq3Lci	Powerglide (feat. Juicy J) - From SR3MM	Rae Sremmurd	190522	191	25	25	-6
198	3dCZm5HrG0jIXAHfNkg2H0	Take It From Me	Jordan Davis	190327	nan	1	198	new
199	3qN5qMTKyEEmiTZD38BNTT	I'm Upset	Drake	189097	165	21	23	-34
200	3oDkdAySo1VQQG0ptV7uwa	Lean Wit Me	Juice WRLD	188861	163	4	163	-37
