position	song_id	song_name	artist	streams	last_week_position	weeks_on_chart	peak_position	position_status
1	6u7jPi22kF8CTQ3rb9DHE7	Old Town Road (feat. Billy Ray Cyrus) - Remix	Lil Nas X	1655289	1	9	1	0
2	3HVWdVOQ0ZA45FuZGSfvns	I Don't Care (with Justin Bieber)	Ed Sheeran	1592841	2	4	1	0
3	2Fxmhks0bxGSBdJ92vM42m	bad guy	Billie Eilish	1463877	4	10	1	1
4	7DcvwMAiqKJQD1rrdfxSDx	The London (feat. J. Cole & Travis Scott)	Young Thug	1331190	3	2	3	-1
5	6LsAAHotRLMOHfCsSfYCsz	If I Can't Have You	Shawn Mendes	1050453	6	5	3	1
6	543bCW2ruMPmxUBWirQ3MR	Cross Me (feat. Chance the Rapper & PnB Rock)	Ed Sheeran	996803	5	2	5	-1
7	3KkXRkHbMCARz0aVfEt68P	Sunflower - Spider-Man: Into the Spider-Verse	Post Malone	943394	8	23	2	1
8	53CJANUxooaqGOtdsBTh7O	Old Town Road	Lil Nas X	943162	9	12	2	1
9	5hVghJ4KaYES3BFUATCYn0	EARFQUAKE	Tyler, The Creator	916694	7	3	5	-2
10	5PYQUBXc7NYeI1obMKSJK0	Never Really Over	Katy Perry	874607	nan	1	10	new
11	5AjINjwKyRvQJhSe2zpPHi	Pop Out (feat. Lil Tjay)	Polo G	863679	12	12	11	1
12	5qmq61DAAOUaW8AUo8xKhh	Truth Hurts	Lizzo	832396	10	5	9	-2
13	4y3OI86AEP6PQoDE6olYhO	Sucker	Jonas Brothers	743282	11	14	1	-2
14	2gwkD6igEhQbDQegRCcdoB	Suge	DaBaby	739870	16	7	14	2
15	6MWtB6iiXyIwun0YzU6DFP	Wow.	Post Malone	738892	17	24	1	2
16	7qEHsqek33rTcFNT9PFqLf	Someone You Loved	Lewis Capaldi	733775	29	3	16	13
17	1kK6DwzyXJSp58u5HYWwuD	Go Loko (feat. Tyga, Jon Z)	YG	723935	24	2	17	7
18	2WyRfGeHo97VC5mP1BBSzr	Mother's Daughter	Miley Cyrus	723191	nan	1	18	new
19	7Feaw9WAEREY0DUOSXJLOM	Summer Days (feat. Macklemore & Patrick Stump of Fall Out Boy)	Martin Garrix	698907	15	6	15	-4
20	6TqXcAFInzjp0bODyvrWEq	Talk (feat. Disclosure)	Khalid	681950	21	9	11	1
21	1wJRveJZLSb1rjhnUHQiv6	Swervin (feat. 6ix9ine)	A Boogie Wit da Hoodie	671905	18	24	5	-3
22	36TO60sxDduIsO3xH8IcUh	Isis	Joyner Lucas	663115	13	2	13	-9
23	0n2nEtLP3OzDdi12ziIekx	SOS	Avicii	660727	nan	1	23	new
24	2JvzF1RMd7lE3KmFlsyZD8	MIDDLE CHILD	J. Cole	649909	22	20	2	-2
25	4tNXntkAzQ5A2dfYRYGIIQ	Easier	5 Seconds of Summer	627860	20	2	20	-5
26	6dPyzkyZwoj9LqjQXOFdVv	Press	Cardi B	626829	nan	1	26	new
27	6ocbgoVGwYJhOv1GgI9NsF	7 rings	Ariana Grande	622688	25	17	1	-2
28	0mjAU3yKR1QnXnHtjGJqTM	Rescue Me	OneRepublic	619826	34	3	28	6
29	2MuMD298IpYqKF367wegUd	Homicide (feat. Eminem)	Logic	609940	14	4	5	-15
30	05CwHjIk71RXVU40boRMnR	Call You Mine	The Chainsmokers	600221	nan	1	30	new
31	2IRZnDFmlqMuOrYOLnZZyc	Going Bad (feat. Drake)	Meek Mill	594815	27	27	2	-4
32	1xbtojAZsQjOgiGdGX6ChU	Ransom	Lil Tecca	592320	50	2	32	18
33	63cd4JkwGgYJrbOizbfmsp	Pure Water (with Migos)	Mustard	587003	30	20	11	-3
34	4MsUsFfWseB9M2plGJyuIw	ME! (feat. Brendon Urie of Panic! At The Disco)	Taylor Swift	570576	23	3	13	-11
35	7njKgVl3AnLflRad38o7AG	Paradise	Bazzi	563933	28	9	21	-7
36	1HpzOCZbNWzxvvXfSGtSrX	Find U Again (feat. Camila Cabello)	Mark Ronson	563387	nan	1	36	new
37	2VxeLyX666F8uXCJ0dZF8B	Shallow	Lady Gaga	545088	32	35	6	-5
38	7FGq80cy8juXBCD2nrqdWU	Eastside (with Halsey & Khalid)	benny blanco	543432	37	26	11	-1
39	5icOoE6VgqFKohjWWNp0Ac	Here With Me	Marshmello	531138	31	13	12	-8
40	5CKtlUULFD5aPVX4PL02H6	Broke Leg (with Quavo & Tyga)	Tory Lanez	519523	nan	1	40	new
41	6Qs4SXO9dwPj5GKvVOv8Ki	Dancing With A Stranger (with Normani)	Sam Smith	512613	36	21	7	-5
42	2dpaYNEQHiRxtZbfNsse99	Happier	Marshmello	499579	39	42	2	-3
43	3XiNC94b4Tq1xwv70sQJGN	Sanguine Paradise	Lil Uzi Vert	495629	35	9	13	-8
44	4SSnFejRGlZikf02HLewEF	bury a friend	Billie Eilish	492480	40	10	4	-4
45	340UVheS8z3ncW9TTUhAbc	Nightmare	Halsey	484036	26	3	10	-19
46	43zdsphuZLzwA9k4DJhU0I	when the party's over	Billie Eilish	483436	43	10	8	-3
47	2xLMifQCjDGFmkHkpNLD9h	SICKO MODE	Travis Scott	481306	44	44	2	-3
48	5WHTFyqSii0lmT9R21abT8	Don't Call Me Up	Mabel	468616	38	18	29	-10
49	7eBqSVxrzQZtK2mmgRG6lC	Murder On My Mind	YNW Melly	456296	45	19	7	-4
50	5p7ujcrUXASCNwRaWNHR1C	Without Me	Halsey	445047	41	35	4	-9
51	25sgk305KZfyuqVBQIahim	Sweet but Psycho	Ava Max	443481	46	36	30	-5
52	3Ol2xnObFdKV9pmRD2t9x8	Look Back at It	A Boogie Wit da Hoodie	428991	52	24	9	0
53	7COXchtUOMd6uIT6HvmRaI	i'm so tired...	Lauv	412683	51	19	17	-2
54	1VsqQEYObJsOPaeZwEXRPg	Love Thru The Computer (feat. Justin Bieber)	Gucci Mane	410366	nan	1	54	new
55	6zeeWid2sgw4lap2jV61PZ	Better	Khalid	406774	53	32	10	-2
56	3y3brCCecHC3Db18aIOnny	"Carry On (from the Original Motion Picture ""POKÉMON Detective Pikachu"")"	Kygo	404825	33	7	32	-23
57	4kV4N9D1iKVxx1KLvtTpjS	break up with your girlfriend, i'm bored	Ariana Grande	403811	49	17	1	-8
58	5w9c2J52mkdntKOmRLeM2m	Con Calma	Daddy Yankee	402757	62	17	36	4
59	0u2P5u6lvoDfwTYjAADbn4	lovely (with Khalid)	Billie Eilish	393555	59	37	29	0
60	78QR3Wp35dqAhFEc2qAGjE	Drip Too Hard (Lil Baby & Gunna)	Lil Baby	389781	61	35	4	1
61	7dt6x5M1jzdTEt8oCbisTK	Better Now	Post Malone	389490	66	58	1	5
62	1Hd2XLitkt1PYCWSbfF5qV	Wish Wish (feat. Cardi B & 21 Savage)	DJ Khaled	389159	42	3	30	-20
63	1rqqCSm0Qe4I9rUvWncaom	High Hopes	Panic! At The Disco	388893	57	50	10	-6
64	285pBltuF7vW8TeWk8hdRR	Lucid Dreams	Juice WRLD	387455	63	26	14	-1
65	3Fj47GNK2kUF0uaEDgXLaD	wish you were gay	Billie Eilish	384940	60	10	3	-5
66	5QiNbIilmMiMBXvaAlf7lN	Who Do You Love	The Chainsmokers	375961	58	6	41	-8
67	6Hj9jySrnFppAI0sEMCZpJ	Robbery	Juice WRLD	373762	64	13	9	-3
68	3M9Apu4OZfylLTFKvgEtKa	Ritual	Tiësto	371365	nan	1	68	new
69	7EAaSaj1OgZgMX5yZyFXFC	Freaky	Tory Lanez	369293	nan	1	69	new
70	6SlLKlIbF057jIOiQA52dT	Sometimes, All The Time	Loud	368050	48	2	48	-22
71	6aoGtdWXBkYQ2O2wnyIz2x	Not Ok	Kygo	366662	47	2	47	-24
72	2tOOcDDYkh0PSjr6GwPEAJ	Love Me Less (feat. Quinn XCII)	MAX	364353	56	5	56	-16
73	2iUXsYOEPhVqEBwsqP70rE	Youngblood	5 Seconds of Summer	361314	67	51	14	-6
74	59ywHNwwchG4nZJMLyxSzd	Clout (feat. Cardi B)	Offset	361039	65	8	54	-9
75	4e4fqjx0Izh4svvTef1z7e	Meant to Be (feat. Florida Georgia Line)	Bebe Rexha	358884	74	50	38	-1
76	2OKo7g3KfmCt3kyLvUAL0g	The Search	NF	354558	nan	1	76	new
77	5qrSlOut2rNAWv3ubArkNy	Be Alright	Dean Lewis	352240	73	5	63	-4
78	3e9HZxeyfWwjeyPAMmWSSQ	thank u, next	Ariana Grande	350789	71	17	7	-7
79	5IaHrVsrferBYDm0bDyABy	Taste (feat. Offset)	Tyga	349617	78	55	2	-1
80	4PkIDTPGedm0enzdvilLNd	Sixteen	Ellie Goulding	347443	70	8	49	-10
81	7rvyVWja33WG9R97oeJAjx	Envy Me	Calboy	346088	nan	1	81	new
82	1ThmUihH9dF8EV08ku5AXN	Faucet Failure	Ski Mask The Slump God	345205	77	24	38	-5
83	0e7ipj03S05BNilyu5bRzt	rockstar (feat. 21 Savage)	Post Malone	344637	86	58	7	3
84	0BnTBAGmr9FtYwkZrwKhwS	Just Us (feat. SZA)	DJ Khaled	336158	54	3	52	-30
85	0FZ4Dmg8jJJAPJnvBIzD9z	ZEZE (feat. Travis Scott & Offset)	Kodak Black	335373	84	25	4	-1
86	6vWEAOUSxohKxhp0K1BsxL	Mixed Personalities (feat. Kanye West)	YNW Melly	334762	80	20	26	-6
87	0TlLq3lA83rQOYtrqBqSct	Nonstop	Drake	332625	89	46	6	2
88	1NF9EkR5OpMaoVWbsllcm9	Under Enemy Arms	Trippie Redd	331011	nan	1	88	new
89	5kfNriitmkNE8mUbZ7gbq8	Saturday Nights	Khalid	328645	83	33	14	-6
90	5KawlOMHjWeUjQtnuRs22c	Boy With Luv (feat. Halsey)	BTS	327950	69	8	4	-21
91	5MvLsT03RBp67RLoeISCdl	Do You Mean (feat. Ty Dolla $ign & bülow)	The Chainsmokers	323722	81	6	66	-10
92	1dyxS3YzBbL0t8rEVwVQ1K	God's Country	Blake Shelton	316540	88	7	88	-4
93	4dAMdQ6g4kGmnc1MDHsg77	Shotta Flow	NLE Choppa	314675	102	8	93	9
94	5eDvChP4WAPPrtaQeI9MhT	Beer Never Broke My Heart	Luke Combs	313546	97	4	60	3
95	6ERR6e7h6wCqGoz1TjiUJb	Knockin' Boots	Luke Bryan	311507	117	7	95	22
96	2P91MQbaiQOfbiz9VqhqKQ	I Like Me Better	Lauv	305973	91	53	50	-5
97	1iWHabUgUuuKLBa0TzTHfk	"A Whole New World (End Title) - From ""Aladdin"""	ZAYN	305851	79	3	79	-18
98	3ee8Jmje8o58CHK66QrVC2	SAD!	XXXTENTACION	305464	96	64	1	-2
99	4u7EnebtmKWzUH433cf5Qv	Bohemian Rhapsody - 2011 Mix	Queen	303221	99	11	57	0
100	1tNJrcVe6gwLEiZCtprs1u	3 Nights	Dominic Fike	303209	68	14	50	-32
101	1xzBco0xcoJEDXktl7Jxrr	Mo Bamba	Sheck Wes	299138	94	35	4	-7
102	6DCZcSspjsKoFjzjrWoCdn	God's Plan	Drake	299123	104	46	20	2
103	0Zl4G9qcdXV5hVhdOirNHG	Goddamn (feat. A Boogie wit da Hoodie)	Tyga	298888	100	7	94	-3
104	7K7MUBCnzgBAvMVW2RTWNs	Body (feat. brando)	Loud Luxury	297679	93	49	11	-11
105	58q2HKrzhC3ozto2nDdN4z	I Like It	Cardi B	293812	105	61	3	0
106	2KqJC0koTBUyDlsMt5ok1V	Look What God Gave Her	Thomas Rhett	292120	nan	1	106	new
107	7fa9MBXhVfQ8P8Df9OEbD8	Girls Like You (feat. Cardi B)	Maroon 5	290631	103	51	4	-4
108	5JEx7HbmvHQQswJCsoo9rA	Close To Me (with Diplo) (feat. Swae Lee)	Ellie Goulding	290498	92	32	22	-16
109	4ZT9FnbFu1PaBfV3itxiqT	I	Lil Skies	288055	90	14	29	-19
110	5tmu5pAFHkUSl8Fo8ncyA4	CIVIL WAR - Bonus	Russ	287857	131	3	110	21
111	3XF5xLJHOQQRbWya6hBp7d	you should see me in a crown	Billie Eilish	283501	109	10	15	-2
112	15xWRPHQMeqgdkGzInx3PY	Falling Like The Stars	James Arthur	282329	139	3	112	27
113	2t8yVaLvJ0RenpXUIAC52d	a lot	21 Savage	281455	107	24	20	-6
114	14mHfNsSHN0FbLftyjrV9g	Leave Me Alone	Flipp Dinero	279677	111	40	15	-3
115	5Gu0PDLN4YJeW75PpBSg9p	Let Me Go (with Alesso, Florida Georgia Line & watt)	Hailee Steinfeld	276929	112	36	56	-3
116	116H0KvKr2Zl4RPuVBruDO	MIA (feat. Drake)	Bad Bunny	275966	122	34	2	6
117	5rU6kDNXZLXIinFezpbWbO	Tap (feat. Meek Mill)	NAV	273955	140	10	68	23
118	6JQvHMSaR8flFsN53ypOfP	Noticed	Lil Mosey	273740	118	33	27	0
119	3swc6WTsr7rl9DqQKQA55C	Psycho (feat. Ty Dolla $ign)	Post Malone	273590	116	58	2	-3
120	2rxQMGVafnNaRaXlRMWPde	Beautiful Crazy	Luke Combs	272246	106	30	90	-14
121	1DFD5Fotzgn6yYXkYsKiGs	Piece Of Your Heart	MEDUZA	272103	101	5	101	-20
122	3Tc57t9l2O8FwQZtQOvPXK	my strange addiction	Billie Eilish	270155	119	10	10	-3
123	4bHsxqR3GMrXTxEPLuK5ue	Don't Stop Believin'	Journey	269172	124	80	105	1
124	6foY66mWZN0pSRjZ408c00	Whiskey Glasses	Morgan Wallen	265756	142	8	124	18
125	42fw0rxRO2xbesF6mJfd4Y	Tequila	Dan + Shay	264997	127	46	87	2
126	22oEJW6r2rMb9z4IntfyEa	Hey Look Ma, I Made It	Panic! At The Disco	262391	72	7	69	-54
127	7qiZfU4dY1lWllzX7mPBI3	Shape of You	Ed Sheeran	262390	129	125	1	2
128	0b6UoVjUzFyZNpHI0aAhKt	Celebrate (feat. Travis Scott & Post Malone)	DJ Khaled	259858	76	3	25	-52
129	4NBTZtAt1F13VvlSKe6KTl	This Feeling	The Chainsmokers	259478	114	25	69	-15
130	6jfEZdUJ2Yla6h7gTJgKuo	Walk Me Home	P!nk	258471	108	6	43	-22
131	2G7V7zsVDxg1yRsu7Ew9RJ	In My Feelings	Drake	257795	147	46	1	16
132	53hNIcq8OLj9OUNvQ4ulFM	Love Me	Felix Cartal	257545	136	8	130	4
133	4qKcDkK6siZ7Jp1Jb4m0aL	Look Alive (feat. Drake)	BlocBoy JB	257395	145	69	2	12
134	0JP9xo3adEtGSdUEISiszL	Moonlight	XXXTENTACION	256880	133	64	5	-1
135	3gdewACMIVMEWVbyb8O9sY	Rocket Man (I Think It's Going To Be A Long, Long Time)	Elton John	256399	nan	1	135	new
136	4w8niZpiMy6qz1mntFA5uM	Taki Taki (with Selena Gomez, Ozuna & Cardi B)	DJ Snake	256307	132	36	6	-4
137	0yFvWTLs3iIwDbc91noXGT	GRoCERIES	Chance the Rapper	255934	98	3	81	-39
138	7sO5G9EABYOXQKNPNiE9NR	Ric Flair Drip (& Metro Boomin)	Offset	255898	137	84	6	-1
139	2qxmye6gAegTMjLKEBoR3d	Let Me Down Slowly	Alec Benjamin	252754	130	21	32	-9
140	09IStsImFySgyp0pIQdqAc	The Middle	Zedd	252677	128	52	9	-12
141	0tgVpDi06FyKpA1z0VMD4v	Perfect	Ed Sheeran	251241	146	117	5	5
142	40Zb4FZ6nS1Hj8RVfaLkCV	Slide (feat. Blueface & Lil Tjay)	French Montana	249976	120	7	78	-22
143	4au7FRcgZzChASRYu279xH	Con Calma - Remix	Daddy Yankee	249522	159	4	143	16
144	1E6DEDWDKHoOW0fcFuDghV	Don't Pretend (feat. SAFE)	Khalid	249108	110	9	24	-34
145	4f8Mh5wuWHOsfXtzjrJB3t	I THINK	Tyler, The Creator	245567	75	3	20	-70
146	5uCax9HTNlzGybIStD3vDh	Say You Won't Let Go	James Arthur	245133	150	122	6	4
147	532Q7VFxt96LsQf7BjGGKM	Fallait y aller	Loud	244478	95	2	95	-52
148	6lq0OqAXfxnwtFGqdARtRU	fast	Sueco the Child	244215	nan	1	148	new
149	1zB4vmk8tFRmM9UULNzbLB	Thunder	Imagine Dragons	243241	152	45	84	3
150	6CcJMwBtXByIz4zQLzFkKc	i love you	Billie Eilish	242959	158	10	21	8
151	3CA9pLiwRIGtUBiMjbZmRw	Nice For What	Drake	241666	157	46	14	6
152	4hqOmrCCJKyiuwDexd8c2t	Price On My Head (feat. The Weeknd)	NAV	240599	125	10	24	-27
153	09oZ9eXQ2fo6YDrPzJqAoP	Outta My Head (with John Mayer)	Khalid	240456	135	9	8	-18
154	6l26j7uCiDstBiYTuiaInV	In The Dark	YG	239972	82	2	82	-72
155	4QIo4oxwzzafcBWkKjDpXY	xanny	Billie Eilish	237653	153	10	9	-2
156	2BgEsaKNfHUdlh97KmvFyo	2002	Anne-Marie	237038	148	40	87	-8
157	2S1LebN6AXXQqJolBxlWgO	Earth	Lil Dicky	233446	123	7	31	-34
158	7GX5flRQZVHRAGd6B4TmDO	XO Tour Llif3	Lil Uzi Vert	233039	163	93	5	5
159	0pqnGHJpmpxLKifKRmU6WP	Believer	Imagine Dragons	231370	169	45	95	10
160	4Y0TtDriFlN3XZoQx6PYsu	"Don't Give Up On Me - (From ""Five Feet Apart"")"	Andy Grammer	231327	141	4	125	-19
161	5wujBwqG7INdStqGd4tRMX	Armed And Dangerous	Juice WRLD	230335	151	26	49	-10
162	7KXjTSCq5nL1LoYtL7XAwS	HUMBLE.	Kendrick Lamar	230164	174	113	1	12
163	79esEXlqqmq0GPz0xQSZTV	Lost In Japan	Shawn Mendes	229819	156	18	84	-7
164	5Z3GHaZ6ec9bsiI5BenrbY	Young Dumb & Broke	Khalid	229667	170	99	21	6
165	6IRdLKIyS4p7XNiP8r6rsx	all the good girls go to hell	Billie Eilish	229550	165	10	6	0
166	3WyRgi8CzQnhzO0xw79tTS	Goin Baby	DaBaby	228731	nan	1	166	new
167	2uIX8YMNjGMD7441kqyyNU	ocean eyes	Billie Eilish	228143	178	31	98	11
168	1WSGTYKLEpKfNQYYW5Oymt	I Can’t Get Enough (benny blanco, Selena Gomez, J Balvin, Tainy)	benny blanco	227975	134	14	15	-34
169	7m9OqQk4RVRkw9JJdeAw96	Jocelyn Flores	XXXTENTACION	226948	171	93	9	2
170	2G1tXoGBaEMJ7FKGnkf6ud	Wake Up in the Sky	Gucci Mane	226885	160	26	37	-10
171	6vN77lE9LK6HP2DewaN6HZ	Yes Indeed	Lil Baby	226032	179	55	3	8
172	4NN6N5TxBO5k9uqu0W4gfQ	Floating (feat. 21 Savage)	ScHoolboy Q	225623	143	6	30	-29
173	4NSW0Km5ZG60L8FthUebPJ	What I Like About You (feat. Theresa Rex)	Jonas Blue	222304	87	9	80	-86
174	6ya8ejoKgw906Y8LWclqrp	Racks in the Middle (feat. Roddy Ricch and Hit-Boy)	Nipsey Hussle	222279	144	10	38	-30
175	577YBGuskWkVDCxZrLRB4v	Pure Cocaine	Lil Baby	221139	154	26	75	-21
176	75ZvA4QfFiZvzhj2xkaWAh	I Fall Apart	Post Malone	220999	172	89	10	-4
177	5T8EDUDqKcs6OSOwEsfqG7	Don't Stop Me Now - 2011 Mix	Queen	218157	189	27	102	12
178	7mldq42yDuxiUNn08nvzHO	Body Like A Back Road	Sam Hunt	217504	186	97	31	8
179	3B54sVLJ402zGa6Xm4YGNe	Unforgettable	French Montana	217326	193	98	1	14
180	4pCEIQ6wBVuaJdER5bALtO	That's a Rack	Lil Uzi Vert	217196	162	8	56	-18
181	3KLo7ByvjCNyBrfz5DZ2mO	Splashin	Rich The Kid	217010	168	11	46	-13
182	04MLEeAMuV9IlHEsD8vF6A	No Stylist	French Montana	216926	183	37	4	1
183	6vjymPak0JRQC2P84XlI9t	Unholy	Miley Cyrus	216303	nan	1	183	new
184	0qc4QlcCxVTGyShurEv1UU	Post Malone (feat. RANI)	Sam Feldt	215335	nan	1	184	new
185	4Of7rzpRpV1mWRbhp5rAqG	Bruises	Lewis Capaldi	214554	182	3	182	-3
186	2TVxnKdb3tqe1nhQWwwZCO	Tiny Dancer	Elton John	213809	nan	1	186	new
187	1rfofaqEpACxVEHIZBJe6W	Havana (feat. Young Thug)	Camila Cabello	213684	194	72	1	7
188	3a1lNhkSLSkpJE4MSHpDu9	Congratulations	Post Malone	213038	196	121	7	8
189	1fewSx2d5KIZ04wsooEBOz	Space Cadet (feat. Gunna)	Metro Boomin	212461	185	29	21	-4
190	60SdxE8apGAxMiRrpbmLY0	Lucky You (feat. Joyner Lucas)	Eminem	212198	192	39	1	2
191	3oh6SCCeLuXhFpEyepla6G	Thotiana	Blueface	209161	175	21	8	-16
192	3wLtYwtqvKK2ewelSVPeDK	Die Young	Roddy Ricch	208916	184	6	176	-8
193	4ZLzoOkj0MPWrTLvooIuaa	Get You The Moon (feat. Snøw)	Kina	208640	126	7	126	-67
194	1c0hsvHLELX6y8qymnpLKL	Soltera - Remix	Lunay	208547	188	3	185	-6
195	6875MeXyCW0wLyT72Eetmo	Starving	Hailee Steinfeld	208214	nan	7	174	re-enter
196	42zePe03Iq8tvFcJAIKkp8	D.R.E.A.M. (feat. Ghostface Killah)	Miley Cyrus	207767	nan	1	196	new
197	4L9Ds4mpD3SuYoWwFUlv16	Simple	Florida Georgia Line	207207	nan	2	162	re-enter
198	0D3m8Q30hzGyJKH7LiPZl2	Swag Flu	KILLY	207127	nan	1	198	new
199	45ZGEdLxCZvdMX9jWlsAAx	I Don't Belong In This Club	Why Don't We	205926	161	11	62	-38
200	3hhSnbFhuGnXieFa1ql61R	Blessed	Thomas Rhett	205758	nan	1	200	new
