position	song_id	song_name	artist	streams	last_week_position	weeks_on_chart	peak_position	position_status
1	1ZPWWSwCkxKfqdp4H0RFCo	ROXANNE	Arizona Zervas	1425871	7	3	1	6
2	1rgnBhdG2JDFTbYkYRZAku	Dance Monkey	Tones And I	1403735	2	16	2	0
3	21jGcNKet2qwijlDFuPiPb	Circles	Post Malone	1216423	3	9	1	0
4	3eekarcy7kvN4yt5ZFzltW	HIGHEST IN THE ROOM	Travis Scott	1207940	1	6	1	-3
5	7qEHsqek33rTcFNT9PFqLf	Someone You Loved	Lewis Capaldi	1083579	5	26	3	0
6	1HfMVBKM75vxSfsQ5VefZ5	Lose You To Love Me	Selena Gomez	1079281	4	4	2	-2
7	2b8fOow8UzyDFAE27YhOZM	Memories	Maroon 5	1015828	8	8	7	1
8	6Gg1gjgKi2AK4e0qzsR7sd	Bandit (with YoungBoy Never Broke Again)	Juice WRLD	959256	6	6	3	-2
9	7aiClxsDWFRQ0Kzk5KI5ku	hot girl bummer	blackbear	875531	11	12	7	2
10	7iHHxY2NLlJRAmlAmC4ahQ	Stuck In A Dream (feat. Gunna)	Lil Mosey	820759	nan	1	10	new
11	6WrI0LAC5M1Rw2MnX2ZvEg	Don't Start Now	Dua Lipa	805365	10	2	10	-1
12	2QpGZOhTCHHiKmpSO9FW4h	Follow God	Kanye West	790703	9	3	1	-3
13	2wrJq5XKLnmhRXHIAf9xBa	10,000 Hours (with Justin Bieber)	Dan + Shay	786780	12	6	2	-1
14	6v3KW9xbzN5yKLt9YKDYA2	Señorita	Shawn Mendes	722834	13	16	1	-1
15	598yNsG1JFrGd4n2kMoz7F	Woah	Lil Baby	677547	nan	1	15	new
16	4sjiIpEv617LDXaidKioOI	223's (feat. 9lokknine)	YNW Melly	664264	19	13	16	3
17	1lOe9qE0vR9zwWQAOk6CoO	Ransom	Lil Tecca	652284	15	6	9	-2
18	7CZyCXKG6d5ALeq41sLzbw	Take What You Want (feat. Ozzy Osbourne & Travis Scott)	Post Malone	629939	18	9	7	0
19	56AMYGJzxBO6p8v0wEe9de	Hot (Remix) [feat. Gunna and Travis Scott]	Young Thug	611064	16	2	16	-3
20	51Fjme0JiitpyXKuyQiCDo	Lalala	Y2K	597313	20	20	6	0
21	70eFcWOvlMObDhURTqT4Fv	Beautiful People (feat. Khalid)	Ed Sheeran	589218	21	18	3	0
22	1iQDltZqI7BXnHrFy4Qo1k	Trampoline (with ZAYN)	SHAED	579745	28	6	22	6
23	2Fxmhks0bxGSBdJ92vM42m	bad guy	Billie Eilish	577587	22	33	1	-1
24	0c7K73roy6RW4ebDkf4yGh	VALENTINO	24kGoldn	574713	24	9	24	0
25	4sWuPniHClkInYAnzXAYUF	Camelot	NLE Choppa	569300	23	9	17	-2
26	0RiRZpuVRbi7oqRdSMwhQY	Sunflower - Spider-Man: Into the Spider-Verse	Post Malone	567179	30	9	13	4
27	5ry2OE6R2zPQFDO85XkgRb	Money In The Grave (Drake ft. Rick Ross)	Drake	564826	27	22	1	0
28	4vUmTMuQqjdnvlZmAH61Qk	South of the Border (feat. Camila Cabello & Cardi B)	Ed Sheeran	562124	29	18	11	1
29	2tnVG71enUj33Ic2nFN6kZ	Ride It	Regard	548114	34	10	29	5
30	07Oz5StQ7GRoygNLaXs2pd	Good as Hell (feat. Ariana Grande) - Remix	Lizzo	541646	26	3	26	-4
31	6vBdBCoOhKHiYDDOcorfNo	Goodbyes (Feat. Young Thug)	Post Malone	539273	33	19	2	2
32	4yI3HpbSFSgFZtJP2kDe5m	Look At Her Now	Selena Gomez	532921	17	3	13	-15
33	5qmq61DAAOUaW8AUo8xKhh	Truth Hurts	Lizzo	530797	31	28	5	-2
34	4hPpVbbakQNv8YTHYaOJP4	One Thing Right	Marshmello	528479	39	21	8	5
35	20JtELGPfOAMq7FpUt8eSM	Yellow Hearts	Ant Saunders	525167	130	2	35	95
36	5DqdesEfbRyOlSS3Tf6c29	It's You	Ali Gatie	499595	nan	1	36	new
37	4B7fTyj1FIPvP9tT5X3DnR	Behind Barz - Bonus	Drake	498950	32	9	5	-5
38	0bYg9bo50gSsH3LtXe2SQn	All I Want for Christmas Is You	Mariah Carey	490181	108	17	1	70
39	0hVXuCcriWRGvwMV1r5Yn9	I Don't Care (with Justin Bieber)	Ed Sheeran	489183	42	18	5	3
40	7LzouaWGFCy4tkXDOOnEyM	Liar	Camila Cabello	486358	38	10	30	-2
41	6b2RcmUt1g9N9mQ3CbjX2Y	How Do You Sleep?	Sam Smith	486051	41	17	13	0
42	0mTKJnVf6GcujyDr1PZn0Q	Jerry Sprunger (with T-Pain)	Tory Lanez	484710	nan	1	42	new
43	2plLJpUcYPFrl1sW2pMG63	Lights Up	Harry Styles	482389	35	5	7	-8
44	735RSTb2xbtWbDtKD9XDYi	Somebody	Internet Money	479633	37	5	37	-7
45	6kls8cSlUyHW2BUOkDJIZE	Hate Me (with Juice WRLD)	Ellie Goulding	458507	46	20	45	1
46	0RLLvYBopDwooCyvnTwgYu	F.N	Lil Tjay	449152	47	5	30	1
47	1000nHvUdawXuUHgBod4Wv	Panini	Lil Nas X	437538	36	9	14	-11
48	6V9fHiv84WlVTg7CSnIVY2	Graveyard	Halsey	435165	45	9	23	-3
49	6cy3ki60hLwimwIje7tALf	RITMO (Bad Boys For Life)	Black Eyed Peas	431203	64	3	49	15
50	4IO8X9W69dIQe0EC5ALXhq	Immortal	21 Savage	428230	25	2	25	-25
51	0Z26mbSHJ1dkUu7g9DDgif	Trigger	Major Lazer	427834	44	3	37	-7
52	63VyEdzMM3w4ZQ1WtARa2S	Takeaway (feat. Lennon Stella)	The Chainsmokers	417028	nan	1	52	new
53	4Of7rzpRpV1mWRbhp5rAqG	Bruises	Lewis Capaldi	405018	51	15	51	-2
54	2YpeDb67231RjR0MgVLzsG	Old Town Road - Remix	Lil Nas X	402304	49	16	7	-5
55	6XHVuErjQ4XNm6nDPVCxVX	No Guidance (feat. Drake)	Chris Brown	398081	50	20	11	-5
56	6uFn47ACjqYkc0jADwEdj1	Pop Out (feat. Lil Tjay)	Polo G	389093	54	23	8	-2
57	3s4mrPrEFFPF0LmAfutW0n	The London (feat. J. Cole & Travis Scott)	Young Thug	381844	52	13	19	-5
58	4guBZjUyrGoHsTahO3IHdj	Did It Again	Lil Tecca	377140	55	6	52	-3
59	0fySG6A6qLE8IvDpayb5bM	VIBEZ	DaBaby	374327	59	7	34	0
60	2gwkD6igEhQbDQegRCcdoB	Suge	DaBaby	362458	61	30	14	1
61	2kJwzbxV2ppxnQoYw4GLBZ	If the World Was Ending - feat. Julia Michaels	JP Saxe	362039	141	4	61	80
62	4otVP2TcJliXWq2GjkvWkR	I'm Not Alright	Loud Luxury	357748	63	18	26	1
63	7xQAfvXzm3AkraOtGPWIZg	Wow.	Post Malone	356212	62	9	32	-1
64	1wJRveJZLSb1rjhnUHQiv6	Swervin (feat. 6ix9ine)	A Boogie Wit da Hoodie	349877	67	47	5	3
65	3cphb8kdsjElYR7r5icK3H	Nice To Meet Ya	Niall Horan	349471	66	6	65	1
66	7pWK1kMgHy5lNNiIfuRbkP	Used To Love (with Dean Lewis)	Martin Garrix	347632	81	2	66	15
67	0Xek5rqai2jcOWCYWJfVCF	Enemies (feat. DaBaby)	Post Malone	346562	56	9	9	-11
68	7vJS1DPc3FzBtqBs8n3mW5	Bad To You (with Normani & Nicki Minaj)	Ariana Grande	346337	40	2	40	-28
69	2VxeLyX666F8uXCJ0dZF8B	Shallow	Lady Gaga	340095	75	58	6	6
70	6Ozh9Ok6h4Oi1wUSLtBseN	BOP	DaBaby	339662	57	7	20	-13
71	5aUSEPNd3m5xliFK4pn5mU	Good Thing (with Kehlani)	Zedd	337474	65	7	56	-6
72	5Z8HZM6iQMhhqyPcCGY5g9	Hot (feat. Gunna)	Young Thug	336074	53	13	25	-19
73	2JvzF1RMd7lE3KmFlsyZD8	MIDDLE CHILD	J. Cole	335614	71	43	2	-2
74	2FRnf9qhLbvw8fu4IBXx78	Last Christmas	Wham!	335093	nan	14	4	re-enter
75	3QzAOrNlsabgbMwlZt7TAY	Ballin' (with Roddy Ricch)	Mustard	335092	86	9	75	11
76	2IRZnDFmlqMuOrYOLnZZyc	Going Bad (feat. Drake)	Meek Mill	334771	73	50	2	-3
77	5ravc2aiNoYmu9m37diYXW	Start Wit Me (feat. Gunna)	Roddy Ricch	334353	68	3	68	-9
78	5a6pdCHlWS2ekOOQ70QnAr	July	Noah Cyrus	333464	76	4	76	-2
79	2xLMifQCjDGFmkHkpNLD9h	SICKO MODE	Travis Scott	330429	70	67	2	-9
80	4S4Mfvv03M1cHgIOJcbUCL	In My Room	Frank Ocean	328510	100	2	80	20
81	1dGr1c8CrMLDpV6mPbImSI	Lover	Taylor Swift	324808	97	12	2	16
82	6klLvorLoo1sxvZcjJIY8I	Make No Sense	YoungBoy Never Broke Again	324215	72	5	72	-10
83	6oJ6le65B3SEqPwMRNXWjY	Higher Love	Kygo	323399	79	20	24	-4
84	7FGq80cy8juXBCD2nrqdWU	Eastside (with Halsey & Khalid)	benny blanco	318813	89	49	11	5
85	6RRNNciQGZEXnqk8SQ9yv5	You Need To Calm Down	Taylor Swift	317534	87	12	15	2
86	0lizgQ7Qw35od7CYaoMBZb	Santa Tell Me	Ariana Grande	317333	nan	8	8	re-enter
87	7xapw9Oy21WpfEcib2ErSA	Mistletoe	Justin Bieber	313528	nan	8	14	re-enter
88	05mDaV9Vb3wrzjF6OPZnhq	Saint-Tropez	Post Malone	313517	74	9	6	-14
89	0DiDStADDVh3SvAsoJAFMk	Only Human	Jonas Brothers	312591	93	23	24	4
90	0lLdorYw7lVrJydTINhWdI	It's Beginning to Look a Lot like Christmas	Michael Bublé	311822	nan	14	7	re-enter
91	5MPPttjfGap2C6j6eKcO6J	Baby (Lil Baby feat. DaBaby)	Quality Control	310376	82	13	31	-9
92	2bT1PH7Cw3J9p3t7nlXCdh	If I Can't Have You	Shawn Mendes	310341	91	16	20	-1
93	00ko9WaS4jOX1kEk3gvHjf	Hot Shower	Chance the Rapper	308373	80	10	64	-13
94	22vgEDb5hykfaTwLuskFGD	Sucker	Jonas Brothers	305597	90	23	9	-4
95	285pBltuF7vW8TeWk8hdRR	Lucid Dreams	Juice WRLD	304322	101	49	14	6
96	7CHi4DtfK4heMlQaudCuHK	Lose Control	MEDUZA	303826	105	4	96	9
97	5fmTiyocDfiXbUZ4SpdXRm	Live This Wild	Lil Mosey	301617	nan	1	97	new
98	26wLOs3ZuHJa2Ihhx6QIE6	Teeth	5 Seconds of Summer	301440	95	12	44	-3
99	7eBqSVxrzQZtK2mmgRG6lC	Murder On My Mind	YNW Melly	301064	106	42	7	7
100	4a6q8CR2hzLk2plDkSxkfD	I.F.L.Y.	Bazzi	300962	88	14	29	-12
101	0rFQ5cKYJ9WtHSKp9sxVYt	Heartless (feat. Morgan Wallen)	Diplo	298124	58	13	52	-43
102	1GeNui6m825V8jP4uKiIaH	Bad Bad Bad (feat. Lil Baby)	Young Thug	297773	78	13	24	-24
103	4fwo6czG5nvOQMzhOto1ya	Lonely (with Jonas Brothers)	Diplo	296451	84	7	65	-19
104	2KKijf6Ett4kmVNJze2roh	The Git Up	Blanco Brown	293515	92	5	55	-12
105	6TqXcAFInzjp0bODyvrWEq	Talk (feat. Disclosure)	Khalid	292783	99	32	11	-6
106	2dpaYNEQHiRxtZbfNsse99	Happier	Marshmello	291940	112	65	2	6
107	2zjGJ0dChMR0KxBZS15aqo	Baguettes in the Face (feat. NAV, Playboi Carti & A Boogie Wit da Hoodie)	Mustard	291477	103	20	26	-4
108	43zdsphuZLzwA9k4DJhU0I	when the party's over	Billie Eilish	286319	121	33	8	13
109	78QR3Wp35dqAhFEc2qAGjE	Drip Too Hard (Lil Baby & Gunna)	Lil Baby	285843	117	58	4	8
110	6IJTc8xo6XasOU8fpxMU57	Call You Mine (feat. Bebe Rexha)	The Chainsmokers	284755	nan	1	110	new
111	4e0FYxSROat25pH16zMTZI	Love Me	Lil Tecca	283379	111	6	86	0
112	0rIAC4PXANcKmitJfoqmVm	Motivation	Normani	283061	98	13	27	-14
113	1cL3ucXzG2hj3XOUPIWdvZ	Feelings	Lauv	282077	nan	1	113	new
114	3ZCTVFBt2Brf31RLEnCkWJ	everything i wanted	Billie Eilish	280337	nan	1	114	new
115	1VJwtWR6z7SpZRwipI12be	Candy	Doja Cat	279742	nan	1	115	new
116	3RzcoFkZ0AOp2nH71jP504	Beer Never Broke My Heart	Luke Combs	278151	nan	1	116	new
117	2WsuSYJNXGKXVYkHPnq2yp	Ransom (with Juice WRLD) - Remix	Lil Tecca	277429	107	6	61	-10
118	3Yh9lZcWyKrK9GjbhuS0hR	Good as Hell	Lizzo	277101	96	13	17	-22
119	3j84U36KvLeXNDPv4t5pI8	Pure Water (with Migos)	Mustard	273354	118	20	49	-1
120	51wFQM8W0YfXTmHusXUr5i	MAMACITA	Tyga	273085	77	3	77	-43
121	6zeeWid2sgw4lap2jV61PZ	Better	Khalid	272579	122	55	10	1
122	46D0hYb1B7qiU33VtXt21W	Easy	Camila Cabello	272271	102	5	78	-20
123	5qrSlOut2rNAWv3ubArkNy	Be Alright	Dean Lewis	270432	124	28	63	1
124	0DosTwoHVAziTd3GfQNIef	Triple Helix	KILLY	270306	69	2	69	-55
125	2Xo3rLHjXfdb4avN68aQyi	BEST ON EARTH (feat. BIA) - Bonus	Russ	269877	116	4	104	-9
126	0u2P5u6lvoDfwTYjAADbn4	lovely (with Khalid)	Billie Eilish	268166	134	60	29	8
127	5p7ujcrUXASCNwRaWNHR1C	Without Me	Halsey	267738	128	58	4	1
128	314ZkcV7oLWG8yWE7LABvH	Make It Right (feat. Lauv)	BTS	266352	110	4	64	-18
129	6ocbgoVGwYJhOv1GgI9NsF	7 rings	Ariana Grande	265239	129	40	1	0
130	0e7ipj03S05BNilyu5bRzt	rockstar (feat. 21 Savage)	Post Malone	265209	125	81	7	-5
131	7zLYKWcXnYeHHWidalz7rj	Noticed	Lil Mosey	263969	135	20	108	4
132	2x3HyOx0Jd9MnlnAQRtIL3	Kissing Other People	Lennon Stella	262909	83	2	83	-49
133	12Fkyg9lpmaz2zmKOfw2Y2	On The Road (feat. Meek Mill & Lil Baby)	Post Malone	262862	119	9	18	-14
134	7x9nXsowok1JszkVztI5NI	Writing on the Wall (feat. Post Malone & Cardi B)	French Montana	262412	94	7	23	-40
135	2iUXsYOEPhVqEBwsqP70rE	Youngblood	5 Seconds of Summer	256772	136	74	14	1
136	7sWRlDoTDX8geTR8zzr2vt	Hollywood's Bleeding	Post Malone	255605	120	9	12	-16
137	5aZQrb2TXWEh9uZR4HEY3r	Even Though I'm Leaving	Luke Combs	254447	nan	1	137	new
138	2EjXfH91m7f8HiJN1yQg97	Rockin' Around The Christmas Tree	Brenda Lee	253756	nan	5	2	re-enter
139	6Qs4SXO9dwPj5GKvVOv8Ki	Dancing With A Stranger (with Normani)	Sam Smith	252738	131	44	7	-8
140	5uCax9HTNlzGybIStD3vDh	Say You Won't Let Go	James Arthur	252425	143	145	6	3
141	5qDsijQM75KTdv3RtSPx91	Hold On	Lil Tjay	252073	126	5	84	-15
142	0Ryd8975WihbObpp5cPW1t	boyfriend (with Social House)	Ariana Grande	251272	127	15	3	-15
143	08dFHFTx6r67MTsYn5ilDR	One Man Band	Old Dominion	249277	152	3	139	9
144	2a3dopgTF1q4rMVDJ1rwBU	Push My Luck	The Chainsmokers	248167	nan	1	144	new
145	1IhMuuTCpO0K7BM2MmIZ0w	shining on my ex	bbno$	247633	nan	1	145	new
146	3Ol2xnObFdKV9pmRD2t9x8	Look Back at It	A Boogie Wit da Hoodie	246094	142	47	9	-4
147	6gBFPUFcJLzWGx4lenP6h2	goosebumps	Travis Scott	245090	140	136	50	-7
148	5hslUAKq9I9CG2bAulFkHN	It's the Most Wonderful Time of the Year	Andy Williams	243596	nan	13	3	re-enter
149	7dt6x5M1jzdTEt8oCbisTK	Better Now	Post Malone	243258	139	81	1	-10
150	3hBXvHLlTHvnbwrPbeoyAj	Jingle Bell Rock	Bobby Helms	241595	nan	1	150	new
151	2P91MQbaiQOfbiz9VqhqKQ	I Like Me Better	Lauv	240347	146	76	50	-5
152	7f5trao56t7sB7f14QDTmp	Juicy	Doja Cat	240065	nan	1	152	new
153	1xIgz2QjA85ZpXiIoj6mMo	What You See Is What You Get	Luke Combs	239671	nan	1	153	new
154	17TSJlshgQ5zu0e8dedAla	Does To Me (feat. Eric Church)	Luke Combs	238919	nan	1	154	new
155	5kfNriitmkNE8mUbZ7gbq8	Saturday Nights	Khalid	237781	150	56	14	-5
156	6Nle9hKrkL1wQpwNfEkxjh	Chanel	Frank Ocean	236883	158	6	59	2
157	6tjituizSxwSmBB5vtgHZE	Holly Jolly Christmas	Michael Bublé	233510	nan	11	23	re-enter
158	7BxpObs6K7Yio5lVb3sMYX	G Walk (with Chris Brown)	Lil Mosey	232223	nan	1	158	new
159	3XiNC94b4Tq1xwv70sQJGN	Sanguine Paradise	Lil Uzi Vert	231191	149	32	13	-10
160	6muOWhMh7Tf0UFUtMDBhUR	Orphans	Coldplay	231076	133	3	70	-27
161	6Hj9jySrnFppAI0sEMCZpJ	Robbery	Juice WRLD	230893	148	36	9	-13
162	4bHsxqR3GMrXTxEPLuK5ue	Don't Stop Believin'	Journey	229914	154	103	89	-8
163	4u7EnebtmKWzUH433cf5Qv	Bohemian Rhapsody - 2011 Mix	Queen	229852	156	34	57	-7
164	0TMGV2zMZXOILVtQLtkI3G	What Am I	Why Don't We	227062	147	5	147	-17
165	67XyC1GdSkKb9sbRRkUDXS	Shotta Flow (Feat. Blueface) [Remix]	NLE Choppa	227019	151	19	48	-14
166	4wopYJ5wpYOM6ogm2Jugnw	fuck, i'm lonely (with Anne-Marie) - from “13 Reasons Why: Season 3”	Lauv	226494	nan	1	166	new
167	1rqqCSm0Qe4I9rUvWncaom	High Hopes	Panic! At The Disco	225460	164	73	10	-3
168	2rxQMGVafnNaRaXlRMWPde	Beautiful Crazy	Luke Combs	225327	180	53	90	12
169	4e4fqjx0Izh4svvTef1z7e	Meant to Be (feat. Florida Georgia Line)	Bebe Rexha	222838	157	73	38	-12
170	3ee8Jmje8o58CHK66QrVC2	SAD!	XXXTENTACION	222834	169	87	1	-1
171	25sgk305KZfyuqVBQIahim	Sweet but Psycho	Ava Max	222280	160	59	30	-11
172	5PYQUBXc7NYeI1obMKSJK0	Never Really Over	Katy Perry	221562	153	24	10	-19
173	5C0ivQMxes2lWuOANhvVAm	GIANTS	True Damage	221531	nan	1	173	new
174	2toVe5hfuIi97ytDPDbQFt	Taste (feat. Offset)	Tyga	220974	162	23	59	-12
175	0Rx0DJI556Ix5gBny6EWmn	Paradise	Bazzi	220218	165	14	68	-10
176	6eSU1exzDvBEXmBRxspeh5	Shots	Lil Tecca	218997	144	6	88	-32
177	0FZ4Dmg8jJJAPJnvBIzD9z	ZEZE (feat. Travis Scott & Offset)	Kodak Black	218593	172	48	4	-5
178	1tSGw3h54aHModEHHL1HGK	Better Together	Luke Combs	218161	nan	1	178	new
179	0tgVpDi06FyKpA1z0VMD4v	Perfect	Ed Sheeran	216772	179	140	5	0
180	3GJ4hzg4lrGwU51Y3VARbF	Speechless	Dan + Shay	215712	175	28	119	-5
181	7rvyVWja33WG9R97oeJAjx	Envy Me	Calboy	213926	173	24	76	-8
182	2SasoXZyv82yYgHiVOvxQn	On God	Kanye West	213898	60	3	7	-122
183	5icOoE6VgqFKohjWWNp0Ac	Here With Me	Marshmello	213619	170	36	12	-13
184	0rKtyWc8bvkriBthvHKY8d	SLOW DANCING IN THE DARK	Joji	212675	182	15	78	-2
185	0TlLq3lA83rQOYtrqBqSct	Nonstop	Drake	211488	176	69	6	-9
186	3e9HZxeyfWwjeyPAMmWSSQ	thank u, next	Ariana Grande	210839	167	40	7	-19
187	75ZvA4QfFiZvzhj2xkaWAh	I Fall Apart	Post Malone	210000	181	108	10	-6
188	3TTMUI5dFcbeNSDTTDY9M8	Come Thru (with Usher)	Summer Walker	209880	161	6	64	-27
189	2Rk4JlNc2TPmZe2af99d45	ME! (feat. Brendon Urie of Panic! At The Disco)	Taylor Swift	209176	185	12	36	-4
190	6foY66mWZN0pSRjZ408c00	Whiskey Glasses	Morgan Wallen	207526	186	31	86	-4
191	5rU6kDNXZLXIinFezpbWbO	Tap (feat. Meek Mill)	NAV	205514	178	33	68	-13
192	53F1MVa1BWUkTBbVqgVAfN	Kinfolks	Sam Hunt	204669	nan	3	109	re-enter
193	42fw0rxRO2xbesF6mJfd4Y	Tequila	Dan + Shay	203463	187	69	87	-6
194	1kK6DwzyXJSp58u5HYWwuD	Go Loko (feat. Tyga, Jon Z)	YG	203020	184	25	16	-10
195	3JWiDGQX2eTlFvKj3Yssj3	Closed On Sunday	Kanye West	202141	85	3	10	-110
196	4TnjEaWOeW0eKTKIEvJyCa	Falling	Trevor Daniel	202084	nan	1	196	new
197	2xyx0o4xNOLLjBSbOOdcbA	Playing Games (with Bryson Tiller) - Extended Version	Summer Walker	201553	132	6	57	-65
198	2C6WXnmZ66tHhHlnvwePiK	Die For Me (feat. Future & Halsey)	Post Malone	201520	171	9	20	-27
199	3i9UVldZOE0aD0JnyfAZZ0	Lover (Remix) [feat. Shawn Mendes]	Taylor Swift	201498	nan	1	199	new
200	2xE16muNCmhZwSOv3i1d1H	Mood Swings	A Boogie Wit da Hoodie	201295	166	9	40	-34
